,customer_name,gender,age,city,state,order_date,delivery_date,sales_id,price_per_unit,quantity,total_price,product_type,product_name,size,colour,stock,month,delivery_days
0,Leanna Busson,Female,30,Johnstonhaven,Northern Territory,2021-04-04,2021-04-06,2245,106,3,318,Shirt,Chambray,S,red,72,4,2
1,Leanna Busson,Female,30,Johnstonhaven,Northern Territory,2021-04-04,2021-04-06,2246,91,2,182,Jacket,Pullover,L,yellow,43,4,2
2,Leanna Busson,Female,30,Johnstonhaven,Northern Territory,2021-03-06,2021-04-01,3324,98,2,196,Jacket,Leather,XS,red,67,3,26
3,Leanna Busson,Female,30,Johnstonhaven,Northern Territory,2021-03-06,2021-04-01,3325,91,2,182,Jacket,Pullover,M,blue,44,3,26
4,Leanna Busson,Female,30,Johnstonhaven,Northern Territory,2021-03-06,2021-04-01,3326,98,1,98,Shirt,Camp Collared,XL,red,79,3,26
5,Leanna Busson,Female,30,Johnstonhaven,Northern Territory,2021-03-06,2021-04-01,3327,91,3,273,Jacket,Pullover,XL,green,65,3,26
6,Leanna Busson,Female,30,Johnstonhaven,Northern Territory,2021-02-18,2021-03-01,3639,98,3,294,Shirt,Camp Collared,M,blue,65,2,11
7,Leanna Busson,Female,30,Johnstonhaven,Northern Territory,2021-02-18,2021-03-01,3640,98,1,98,Jacket,Leather,L,violet,78,2,11
8,Winslow Ewbanck,Bigender,76,Masonfurt,Queensland,2021-05-21,2021-05-23,2292,115,3,345,Trousers,Cropped,L,violet,40,5,2
9,Winslow Ewbanck,Bigender,76,Masonfurt,Queensland,2021-05-21,2021-05-23,2293,112,2,224,Trousers,Tracksuit Bottoms,XL,violet,60,5,2
10,Winslow Ewbanck,Bigender,76,Masonfurt,Queensland,2021-05-21,2021-05-23,2294,117,1,117,Jacket,Shearling,S,orange,53,5,2
11,Winslow Ewbanck,Bigender,76,Masonfurt,Queensland,2021-05-21,2021-05-23,2295,119,1,119,Shirt,Casual Slim Fit,L,blue,75,5,2
12,Winslow Ewbanck,Bigender,76,Masonfurt,Queensland,2021-05-21,2021-05-23,2296,106,2,212,Trousers,Wool,XS,violet,80,5,2
13,Susanetta Wilshin,Bigender,70,Joelburgh,Western Australia,2021-03-09,2021-03-29,2990,90,3,270,Trousers,Relaxed Leg,L,orange,78,3,20
14,Michaeline McIndrew,Agender,39,Georgeland,Northern Territory,2021-05-28,2021-06-05,2800,91,2,182,Shirt,Linen,XL,red,47,5,8
15,Michaeline McIndrew,Agender,39,Georgeland,Northern Territory,2021-05-28,2021-06-05,2801,100,2,200,Jacket,Bomber,XS,violet,75,5,8
16,Fedora Dmych,Bigender,78,Taylorburgh,South Australia,2021-06-19,2021-07-01,630,91,1,91,Jacket,Pullover,XS,red,54,6,12
17,Fedora Dmych,Bigender,78,Taylorburgh,South Australia,2021-06-19,2021-07-01,631,102,2,204,Jacket,Windbreaker,S,indigo,62,6,12
18,Fedora Dmych,Bigender,78,Taylorburgh,South Australia,2021-06-19,2021-07-01,632,106,2,212,Trousers,Wool,XL,orange,56,6,12
19,Fedora Dmych,Bigender,78,Taylorburgh,South Australia,2021-06-19,2021-07-01,633,119,2,238,Shirt,Casual Slim Fit,M,blue,61,6,12
20,Fedora Dmych,Bigender,78,Taylorburgh,South Australia,2021-06-19,2021-07-01,634,113,2,226,Trousers,Chinos,XS,red,69,6,12
21,Fedora Dmych,Bigender,78,Taylorburgh,South Australia,2021-06-19,2021-07-01,635,98,2,196,Shirt,Camp Collared,XS,yellow,55,6,12
22,Fedora Dmych,Bigender,78,Taylorburgh,South Australia,2021-06-19,2021-07-01,636,93,3,279,Jacket,Coach,L,blue,80,6,12
23,Fedora Dmych,Bigender,78,Taylorburgh,South Australia,2021-06-19,2021-07-01,637,105,1,105,Trousers,Pleated,XL,red,58,6,12
24,Marabel Swinfon,Male,42,Maddisonmouth,Queensland,2021-09-28,2021-10-13,1980,102,1,102,Jacket,Windbreaker,L,yellow,70,9,15
25,Marabel Swinfon,Male,42,Maddisonmouth,Queensland,2021-09-28,2021-10-13,1981,118,1,118,Jacket,Puffer,M,green,72,9,15
26,Marabel Swinfon,Male,42,Maddisonmouth,Queensland,2021-09-28,2021-10-13,1982,112,1,112,Jacket,Cardigan,S,green,62,9,15
27,Avril Rossiter,Genderfluid,34,Kiehnburgh,Western Australia,2021-08-24,2021-09-07,973,109,3,327,Jacket,Peacoat,L,blue,64,8,14
28,Avril Rossiter,Genderfluid,34,Kiehnburgh,Western Australia,2021-08-24,2021-09-07,974,99,2,198,Trousers,High-Waisted,L,red,52,8,14
29,Avril Rossiter,Genderfluid,34,Kiehnburgh,Western Australia,2021-08-24,2021-09-07,975,97,2,194,Trousers,Slim-Fit,XL,green,67,8,14
30,Avril Rossiter,Genderfluid,34,Kiehnburgh,Western Australia,2021-08-24,2021-09-07,976,92,2,184,Shirt,Denim,XS,violet,73,8,14
31,Avril Rossiter,Genderfluid,34,Kiehnburgh,Western Australia,2021-08-24,2021-09-07,977,113,3,339,Trousers,Chinos,M,red,54,8,14
32,Avril Rossiter,Genderfluid,34,Kiehnburgh,Western Australia,2021-08-24,2021-09-07,978,106,1,106,Trousers,Wool,M,yellow,43,8,14
33,Avril Rossiter,Genderfluid,34,Kiehnburgh,Western Australia,2021-04-14,2021-04-28,4975,100,3,300,Jacket,Bomber,XL,red,62,4,14
34,Avril Rossiter,Genderfluid,34,Kiehnburgh,Western Australia,2021-04-14,2021-04-28,4976,117,1,117,Jacket,Shearling,M,violet,74,4,14
35,Avril Rossiter,Genderfluid,34,Kiehnburgh,Western Australia,2021-04-14,2021-04-28,4977,98,1,98,Jacket,Leather,S,yellow,41,4,14
36,Avril Rossiter,Genderfluid,34,Kiehnburgh,Western Australia,2021-04-14,2021-04-28,4978,109,2,218,Jacket,Peacoat,S,blue,50,4,14
37,Avril Rossiter,Genderfluid,34,Kiehnburgh,Western Australia,2021-04-14,2021-04-28,4979,96,3,288,Shirt,Oxford Cloth,XL,blue,60,4,14
38,Avril Rossiter,Genderfluid,34,Kiehnburgh,Western Australia,2021-04-14,2021-04-28,4980,106,1,106,Shirt,Chambray,XL,violet,54,4,14
39,Gabbie Aldwinckle,Male,75,New Kai,Victoria,2021-10-18,2021-11-13,4439,102,2,204,Jacket,Windbreaker,S,blue,41,10,26
40,Gabbie Aldwinckle,Male,75,New Kai,Victoria,2021-10-18,2021-11-13,4440,96,3,288,Trousers,Drawstring,XS,blue,45,10,26
41,Gabbie Aldwinckle,Male,75,New Kai,Victoria,2021-10-18,2021-11-13,4441,105,2,210,Trousers,Pleated,M,violet,45,10,26
42,Gabbie Aldwinckle,Male,75,New Kai,Victoria,2021-10-18,2021-11-13,4442,106,3,318,Trousers,Wool,M,violet,51,10,26
43,Gabbie Aldwinckle,Male,75,New Kai,Victoria,2021-10-18,2021-11-13,4443,118,2,236,Shirt,Flannel,S,red,59,10,26
44,Chan Duchesne,Male,79,Walterland,New South Wales,2021-01-22,2021-02-15,924,106,1,106,Shirt,Chambray,XL,orange,57,1,24
45,Chan Duchesne,Male,79,Walterland,New South Wales,2021-01-22,2021-02-15,925,93,2,186,Trousers,Joggers,M,indigo,66,1,24
46,Chan Duchesne,Male,79,Walterland,New South Wales,2021-01-22,2021-02-15,926,92,2,184,Shirt,Denim,XS,indigo,79,1,24
47,Chan Duchesne,Male,79,Walterland,New South Wales,2021-01-22,2021-02-15,927,118,1,118,Shirt,Flannel,XL,red,72,1,24
48,Chan Duchesne,Male,79,Walterland,New South Wales,2021-01-22,2021-02-15,928,96,2,192,Shirt,Oxford Cloth,L,blue,59,1,24
49,Chan Duchesne,Male,79,Walterland,New South Wales,2021-01-22,2021-02-15,929,105,1,105,Shirt,Cuban Collar,M,red,53,1,24
50,Chan Duchesne,Male,79,Walterland,New South Wales,2021-02-26,2021-03-08,1745,112,2,224,Jacket,Cardigan,XS,indigo,70,2,10
51,Chan Duchesne,Male,79,Walterland,New South Wales,2021-02-26,2021-03-08,1746,109,1,109,Shirt,Mandarin Collar,XL,orange,59,2,10
52,Chan Duchesne,Male,79,Walterland,New South Wales,2021-02-26,2021-03-08,1747,91,1,91,Shirt,Linen,M,orange,42,2,10
53,Chan Duchesne,Male,79,Walterland,New South Wales,2021-02-26,2021-03-08,1748,98,3,294,Jacket,Leather,XS,indigo,78,2,10
54,Chan Duchesne,Male,79,Walterland,New South Wales,2021-02-26,2021-03-08,1749,97,1,97,Trousers,Slim-Fit,S,violet,46,2,10
55,Chan Duchesne,Male,79,Walterland,New South Wales,2021-02-26,2021-03-08,1750,119,2,238,Shirt,Casual Slim Fit,XL,blue,68,2,10
56,Chan Duchesne,Male,79,Walterland,New South Wales,2021-02-26,2021-03-08,1751,119,3,357,Jacket,Trench Coat,L,yellow,77,2,10
57,Chadwick Cruddas,Agender,41,West Bailey,Victoria,2021-04-13,2021-04-27,1318,96,1,96,Trousers,Drawstring,M,violet,73,4,14
58,Chadwick Cruddas,Agender,41,West Bailey,Victoria,2021-04-13,2021-04-27,1319,102,2,204,Trousers,Cargo Pants,XS,blue,73,4,14
59,Chadwick Cruddas,Agender,41,West Bailey,Victoria,2021-04-13,2021-04-27,1320,118,3,354,Shirt,Flannel,L,red,77,4,14
60,Chadwick Cruddas,Agender,41,West Bailey,Victoria,2021-04-13,2021-04-27,1321,112,1,112,Trousers,Tracksuit Bottoms,XS,red,55,4,14
61,Chadwick Cruddas,Agender,41,West Bailey,Victoria,2021-04-13,2021-04-27,1322,102,3,306,Jacket,Windbreaker,L,blue,41,4,14
62,Chadwick Cruddas,Agender,41,West Bailey,Victoria,2021-04-13,2021-04-27,1323,100,1,100,Jacket,Bomber,S,blue,50,4,14
63,Gigi Kalaher,Genderqueer,55,East Audrey,South Australia,2021-10-20,2021-11-03,2145,98,3,294,Shirt,Camp Collared,S,green,60,10,14
64,Gigi Kalaher,Genderqueer,55,East Audrey,South Australia,2021-10-20,2021-11-03,2146,93,1,93,Jacket,Coach,M,blue,54,10,14
65,Gigi Kalaher,Genderqueer,55,East Audrey,South Australia,2021-10-20,2021-11-03,2147,109,2,218,Jacket,Peacoat,XL,violet,42,10,14
66,Gigi Kalaher,Genderqueer,55,East Audrey,South Australia,2021-10-20,2021-11-03,2148,96,1,96,Shirt,Oxford Cloth,S,orange,72,10,14
67,Gigi Kalaher,Genderqueer,55,East Audrey,South Australia,2021-03-10,2021-03-22,3177,112,1,112,Trousers,Tracksuit Bottoms,XL,blue,68,3,12
68,Gigi Kalaher,Genderqueer,55,East Audrey,South Australia,2021-03-10,2021-03-22,3178,96,1,96,Shirt,Oxford Cloth,XS,indigo,61,3,12
69,Gigi Kalaher,Genderqueer,55,East Audrey,South Australia,2021-03-10,2021-03-22,3179,91,2,182,Shirt,Linen,S,blue,77,3,12
70,Gigi Kalaher,Genderqueer,55,East Audrey,South Australia,2021-03-10,2021-03-22,3180,90,1,90,Trousers,Relaxed Leg,XL,blue,40,3,12
71,Gigi Kalaher,Genderqueer,55,East Audrey,South Australia,2021-03-10,2021-03-22,3181,113,3,339,Trousers,Chinos,XS,red,69,3,12
72,Seana Hearons,Non-binary,31,South Callum,Tasmania,2021-05-19,2021-05-28,1873,102,1,102,Trousers,Cargo Pants,XS,indigo,51,5,9
73,Seana Hearons,Non-binary,31,South Callum,Tasmania,2021-05-19,2021-05-28,1874,106,3,318,Trousers,Wool,S,indigo,45,5,9
74,Seana Hearons,Non-binary,31,South Callum,Tasmania,2021-05-19,2021-05-28,1875,98,2,196,Shirt,Camp Collared,M,blue,65,5,9
75,Seana Hearons,Non-binary,31,South Callum,Tasmania,2021-05-19,2021-05-28,1876,106,3,318,Shirt,Chambray,XS,indigo,75,5,9
76,Seana Hearons,Non-binary,31,South Callum,Tasmania,2021-05-19,2021-05-28,1877,97,1,97,Trousers,Slim-Fit,L,blue,49,5,9
77,Seana Hearons,Non-binary,31,South Callum,Tasmania,2021-05-19,2021-05-28,1878,113,2,226,Trousers,Chinos,S,yellow,40,5,9
78,Seana Hearons,Non-binary,31,South Callum,Tasmania,2021-05-19,2021-05-28,1879,112,1,112,Jacket,Cardigan,L,violet,66,5,9
79,Seana Hearons,Non-binary,31,South Callum,Tasmania,2021-05-19,2021-05-28,1880,92,1,92,Shirt,Denim,S,blue,47,5,9
80,Seana Hearons,Non-binary,31,South Callum,Tasmania,2021-05-13,2021-05-14,3065,112,2,224,Jacket,Cardigan,XS,blue,54,5,1
81,Seana Hearons,Non-binary,31,South Callum,Tasmania,2021-05-13,2021-05-14,3066,106,2,212,Shirt,Chambray,XS,orange,76,5,1
82,Seana Hearons,Non-binary,31,South Callum,Tasmania,2021-05-13,2021-05-14,3067,112,1,112,Trousers,Tracksuit Bottoms,M,indigo,59,5,1
83,Seana Hearons,Non-binary,31,South Callum,Tasmania,2021-05-13,2021-05-14,3068,107,3,321,Jacket,Denim,M,red,43,5,1
84,Seana Hearons,Non-binary,31,South Callum,Tasmania,2021-01-07,2021-01-20,3293,117,1,117,Jacket,Shearling,S,orange,53,1,13
85,Seana Hearons,Non-binary,31,South Callum,Tasmania,2021-01-07,2021-01-20,3294,105,1,105,Shirt,Cuban Collar,M,violet,67,1,13
86,Blayne Sabatier,Non-binary,20,Maxberg,Victoria,2021-03-15,2021-03-30,3310,91,3,273,Jacket,Pullover,L,green,72,3,15
87,Blayne Sabatier,Non-binary,20,Maxberg,Victoria,2021-03-15,2021-03-30,3311,119,2,238,Shirt,Casual Slim Fit,L,red,78,3,15
88,Blayne Sabatier,Non-binary,20,Maxberg,Victoria,2021-03-15,2021-03-30,3312,102,3,306,Trousers,Cargo Pants,XL,indigo,64,3,15
89,Blayne Sabatier,Non-binary,20,Maxberg,Victoria,2021-03-15,2021-03-30,3313,97,3,291,Trousers,Slim-Fit,XS,yellow,59,3,15
90,Blayne Sabatier,Non-binary,20,Maxberg,Victoria,2021-03-15,2021-03-30,3314,104,3,312,Shirt,Dress,L,yellow,56,3,15
91,Blayne Sabatier,Non-binary,20,Maxberg,Victoria,2021-03-15,2021-03-30,3315,118,1,118,Jacket,Puffer,S,indigo,62,3,15
92,Blayne Sabatier,Non-binary,20,Maxberg,Victoria,2021-03-15,2021-03-30,3316,93,1,93,Trousers,Joggers,XL,indigo,66,3,15
93,Blayne Sabatier,Non-binary,20,Maxberg,Victoria,2021-03-15,2021-03-30,3317,118,3,354,Jacket,Puffer,L,blue,48,3,15
94,Blayne Sabatier,Non-binary,20,Maxberg,Victoria,2021-03-15,2021-03-30,3318,94,1,94,Trousers,Cords,L,indigo,62,3,15
95,Blayne Sabatier,Non-binary,20,Maxberg,Victoria,2021-03-15,2021-03-30,3319,106,1,106,Shirt,Chambray,XL,red,42,3,15
96,Blayne Sabatier,Non-binary,20,Maxberg,Victoria,2021-03-15,2021-03-30,3320,118,3,354,Shirt,Flannel,M,orange,68,3,15
97,Alair Grimwad,Female,32,North Mia,Tasmania,2021-05-23,2021-06-13,2553,100,1,100,Jacket,Bomber,S,green,54,5,21
98,Alair Grimwad,Female,32,North Mia,Tasmania,2021-05-23,2021-06-13,2554,106,3,318,Trousers,Wool,M,indigo,56,5,21
99,Alair Grimwad,Female,32,North Mia,Tasmania,2021-05-23,2021-06-13,2555,117,1,117,Jacket,Shearling,M,yellow,60,5,21
100,Alair Grimwad,Female,32,North Mia,Tasmania,2021-05-23,2021-06-13,2556,93,2,186,Trousers,Joggers,M,orange,52,5,21
101,Alair Grimwad,Female,32,North Mia,Tasmania,2021-05-23,2021-06-13,2557,109,1,109,Shirt,Mandarin Collar,S,violet,73,5,21
102,Alair Grimwad,Female,32,North Mia,Tasmania,2021-05-23,2021-06-13,2558,99,1,99,Trousers,High-Waisted,S,indigo,79,5,21
103,Alair Grimwad,Female,32,North Mia,Tasmania,2021-05-23,2021-06-13,2559,113,3,339,Trousers,Chinos,XS,blue,69,5,21
104,Ernaline Luce,Genderqueer,75,Olivershire,Victoria,2021-04-22,2021-05-08,3032,98,2,196,Jacket,Leather,S,yellow,41,4,16
105,Ernaline Luce,Genderqueer,75,Olivershire,Victoria,2021-04-22,2021-05-08,3033,98,3,294,Shirt,Camp Collared,S,blue,75,4,16
106,Ernaline Luce,Genderqueer,75,Olivershire,Victoria,2021-04-22,2021-05-08,3034,94,3,282,Trousers,Cords,XS,indigo,47,4,16
107,Ernaline Luce,Genderqueer,75,Olivershire,Victoria,2021-04-22,2021-05-08,3035,98,1,98,Shirt,Camp Collared,M,red,64,4,16
108,Ernaline Luce,Genderqueer,75,Olivershire,Victoria,2021-04-22,2021-05-08,3036,90,3,270,Trousers,Relaxed Leg,L,green,62,4,16
109,Ernaline Luce,Genderqueer,75,Olivershire,Victoria,2021-04-22,2021-05-08,3037,113,1,113,Trousers,Chinos,M,violet,54,4,16
110,Timothy Compston,Genderqueer,50,New Oliverside,New South Wales,2021-08-04,2021-08-09,2749,104,3,312,Shirt,Dress,L,indigo,71,8,5
111,Timothy Compston,Genderqueer,50,New Oliverside,New South Wales,2021-08-04,2021-08-09,2750,119,2,238,Jacket,Trench Coat,M,orange,43,8,5
112,Timothy Compston,Genderqueer,50,New Oliverside,New South Wales,2021-08-04,2021-08-09,2751,119,1,119,Shirt,Casual Slim Fit,XL,yellow,78,8,5
113,Timothy Compston,Genderqueer,50,New Oliverside,New South Wales,2021-08-04,2021-08-09,2752,112,2,224,Jacket,Cardigan,L,indigo,40,8,5
114,Timothy Compston,Genderqueer,50,New Oliverside,New South Wales,2021-08-04,2021-08-09,2753,112,3,336,Trousers,Tracksuit Bottoms,L,orange,73,8,5
115,Timothy Compston,Genderqueer,50,New Oliverside,New South Wales,2021-08-04,2021-08-09,2754,118,1,118,Shirt,Flannel,M,indigo,69,8,5
116,Jayme Turvie,Polygender,55,Lake Alanafort,Western Australia,2021-05-16,2021-06-06,3739,109,3,327,Jacket,Peacoat,L,orange,45,5,21
117,Jayme Turvie,Polygender,55,Lake Alanafort,Western Australia,2021-05-16,2021-06-06,3740,91,2,182,Shirt,Linen,M,indigo,72,5,21
118,Jayme Turvie,Polygender,55,Lake Alanafort,Western Australia,2021-05-16,2021-06-06,3741,119,2,238,Shirt,Casual Slim Fit,XS,blue,55,5,21
119,Jayme Turvie,Polygender,55,Lake Alanafort,Western Australia,2021-05-16,2021-06-06,3742,102,3,306,Trousers,Cargo Pants,L,yellow,71,5,21
120,Jayme Turvie,Polygender,55,Lake Alanafort,Western Australia,2021-05-16,2021-06-06,3743,106,2,212,Trousers,Wool,S,yellow,69,5,21
121,Hadley Baddam,Non-binary,79,West Noah,Queensland,2021-10-10,2021-10-15,1012,102,2,204,Jacket,Windbreaker,S,yellow,66,10,5
122,Hadley Baddam,Non-binary,79,West Noah,Queensland,2021-10-10,2021-10-15,1013,106,2,212,Shirt,Chambray,S,blue,61,10,5
123,Hadley Baddam,Non-binary,79,West Noah,Queensland,2021-10-10,2021-10-15,1014,94,1,94,Trousers,Cords,XS,blue,60,10,5
124,Hadley Baddam,Non-binary,79,West Noah,Queensland,2021-10-10,2021-10-15,1015,109,1,109,Jacket,Peacoat,XL,orange,69,10,5
125,Hadley Baddam,Non-binary,79,West Noah,Queensland,2021-10-10,2021-10-15,1016,106,1,106,Trousers,Wool,S,indigo,45,10,5
126,Hadley Baddam,Non-binary,79,West Noah,Queensland,2021-10-10,2021-10-15,1017,118,3,354,Jacket,Puffer,S,violet,46,10,5
127,Hadley Baddam,Non-binary,79,West Noah,Queensland,2021-07-09,2021-07-23,1099,119,2,238,Jacket,Trench Coat,S,yellow,59,7,14
128,Hadley Baddam,Non-binary,79,West Noah,Queensland,2021-07-09,2021-07-23,1100,102,3,306,Trousers,Cargo Pants,L,orange,78,7,14
129,Hadley Baddam,Non-binary,79,West Noah,Queensland,2021-07-09,2021-07-23,1101,98,1,98,Shirt,Camp Collared,S,violet,80,7,14
130,Hadley Baddam,Non-binary,79,West Noah,Queensland,2021-07-09,2021-07-23,1102,97,1,97,Trousers,Slim-Fit,M,indigo,67,7,14
131,Hadley Baddam,Non-binary,79,West Noah,Queensland,2021-07-09,2021-07-23,1103,113,3,339,Trousers,Chinos,XS,blue,69,7,14
132,Hadley Baddam,Non-binary,79,West Noah,Queensland,2021-07-09,2021-07-23,1104,113,2,226,Jacket,Parka,L,green,55,7,14
133,Hadley Baddam,Non-binary,79,West Noah,Queensland,2021-07-09,2021-07-23,1105,94,2,188,Trousers,Cords,XS,indigo,47,7,14
134,Hadley Baddam,Non-binary,79,West Noah,Queensland,2021-07-09,2021-07-23,1106,102,2,204,Jacket,Windbreaker,M,blue,70,7,14
135,Hadley Baddam,Non-binary,79,West Noah,Queensland,2021-07-09,2021-07-23,1107,102,1,102,Jacket,Windbreaker,M,indigo,56,7,14
136,Ninon Corteney,Non-binary,55,Sauerfort,Western Australia,2021-09-11,2021-09-12,1294,95,1,95,Shirt,Polo,M,orange,67,9,1
137,Ninon Corteney,Non-binary,55,Sauerfort,Western Australia,2021-09-11,2021-09-12,1295,105,2,210,Shirt,Cuban Collar,L,green,58,9,1
138,Ninon Corteney,Non-binary,55,Sauerfort,Western Australia,2021-09-11,2021-09-12,1296,94,3,282,Shirt,Henley,M,blue,42,9,1
139,Ninon Corteney,Non-binary,55,Sauerfort,Western Australia,2021-09-11,2021-09-12,1297,93,3,279,Trousers,Joggers,XL,green,56,9,1
140,Adamo Saddington,Male,80,Port Lucas,Queensland,2021-09-26,2021-10-18,4241,105,2,210,Trousers,Pleated,M,violet,45,9,22
141,Adamo Saddington,Male,80,Port Lucas,Queensland,2021-09-26,2021-10-18,4242,92,3,276,Shirt,Denim,XL,indigo,58,9,22
142,Adamo Saddington,Male,80,Port Lucas,Queensland,2021-09-26,2021-10-18,4243,90,3,270,Trousers,Relaxed Leg,XL,orange,80,9,22
143,Adamo Saddington,Male,80,Port Lucas,Queensland,2021-09-26,2021-10-18,4244,92,1,92,Shirt,Denim,XL,violet,73,9,22
144,Adamo Saddington,Male,80,Port Lucas,Queensland,2021-09-26,2021-10-18,4245,100,3,300,Jacket,Bomber,S,indigo,41,9,22
145,Adamo Saddington,Male,80,Port Lucas,Queensland,2021-08-24,2021-09-02,4724,97,2,194,Trousers,Slim-Fit,M,indigo,67,8,9
146,Adamo Saddington,Male,80,Port Lucas,Queensland,2021-08-24,2021-09-02,4725,112,1,112,Trousers,Tracksuit Bottoms,S,blue,48,8,9
147,Adamo Saddington,Male,80,Port Lucas,Queensland,2021-08-24,2021-09-02,4726,92,1,92,Shirt,Denim,S,green,49,8,9
148,Adamo Saddington,Male,80,Port Lucas,Queensland,2021-08-24,2021-09-02,4727,94,1,94,Trousers,Cords,S,blue,59,8,9
149,Regan Gronaller,Polygender,59,Port Claudia,New South Wales,2021-05-09,2021-05-29,3650,93,3,279,Jacket,Coach,XS,blue,51,5,20
150,Regan Gronaller,Polygender,59,Port Claudia,New South Wales,2021-05-09,2021-05-29,3651,102,1,102,Trousers,Cargo Pants,M,blue,64,5,20
151,Regan Gronaller,Polygender,59,Port Claudia,New South Wales,2021-05-09,2021-05-29,3652,95,2,190,Shirt,Polo,L,violet,76,5,20
152,Regan Gronaller,Polygender,59,Port Claudia,New South Wales,2021-02-20,2021-02-28,3773,119,1,119,Shirt,Casual Slim Fit,XL,orange,53,2,8
153,Regan Gronaller,Polygender,59,Port Claudia,New South Wales,2021-02-20,2021-02-28,3774,109,1,109,Jacket,Peacoat,M,orange,47,2,8
154,Regan Gronaller,Polygender,59,Port Claudia,New South Wales,2021-02-20,2021-02-28,3775,106,3,318,Trousers,Wool,L,red,74,2,8
155,Hana Stitch,Male,65,Port Ella,New South Wales,2021-08-22,2021-09-12,1559,96,1,96,Trousers,Drawstring,XS,violet,62,8,21
156,Hana Stitch,Male,65,Port Ella,New South Wales,2021-08-22,2021-09-12,1560,112,3,336,Jacket,Cardigan,S,red,47,8,21
157,Hana Stitch,Male,65,Port Ella,New South Wales,2021-08-22,2021-09-12,1561,102,3,306,Trousers,Cargo Pants,M,green,78,8,21
158,Hana Stitch,Male,65,Port Ella,New South Wales,2021-08-22,2021-09-12,1562,112,3,336,Trousers,Tracksuit Bottoms,XS,yellow,76,8,21
159,Hana Stitch,Male,65,Port Ella,New South Wales,2021-08-22,2021-09-12,1563,117,1,117,Jacket,Shearling,S,violet,49,8,21
160,Hana Stitch,Male,65,Port Ella,New South Wales,2021-08-22,2021-09-12,1564,113,2,226,Trousers,Chinos,XL,red,71,8,21
161,Horatius Genever,Genderqueer,37,Gabriellatown,Victoria,2021-01-24,2021-02-07,3883,100,2,200,Jacket,Bomber,XL,violet,53,1,14
162,Horatius Genever,Genderqueer,37,Gabriellatown,Victoria,2021-01-24,2021-02-07,3884,98,3,294,Jacket,Leather,S,yellow,41,1,14
163,Horatius Genever,Genderqueer,37,Gabriellatown,Victoria,2021-01-24,2021-02-07,3885,98,1,98,Jacket,Leather,S,red,80,1,14
164,Horatius Genever,Genderqueer,37,Gabriellatown,Victoria,2021-01-24,2021-02-07,3886,102,2,204,Trousers,Cargo Pants,M,indigo,51,1,14
165,Horatius Genever,Genderqueer,37,Gabriellatown,Victoria,2021-01-24,2021-02-07,3887,106,2,212,Shirt,Chambray,XS,blue,76,1,14
166,Horatius Genever,Genderqueer,37,Gabriellatown,Victoria,2021-01-24,2021-02-07,3888,91,1,91,Jacket,Pullover,XS,yellow,65,1,14
167,Avivah Chipchase,Bigender,60,Eliburgh,Tasmania,2021-07-18,2021-07-31,3941,97,1,97,Trousers,Slim-Fit,S,blue,49,7,13
168,Avivah Chipchase,Bigender,60,Eliburgh,Tasmania,2021-07-18,2021-07-31,3942,104,2,208,Shirt,Dress,L,violet,74,7,13
169,Avivah Chipchase,Bigender,60,Eliburgh,Tasmania,2021-07-18,2021-07-31,3943,102,2,204,Jacket,Windbreaker,L,green,62,7,13
170,Avivah Chipchase,Bigender,60,Eliburgh,Tasmania,2021-07-18,2021-07-31,3944,93,3,279,Trousers,Joggers,M,indigo,66,7,13
171,Avivah Chipchase,Bigender,60,Eliburgh,Tasmania,2021-07-18,2021-07-31,3945,119,1,119,Shirt,Casual Slim Fit,M,yellow,76,7,13
172,Avivah Chipchase,Bigender,60,Eliburgh,Tasmania,2021-07-18,2021-07-31,3946,94,2,188,Shirt,Henley,S,orange,46,7,13
173,Avivah Chipchase,Bigender,60,Eliburgh,Tasmania,2021-07-18,2021-07-31,3947,99,1,99,Trousers,High-Waisted,M,indigo,61,7,13
174,Vicki Stockwell,Male,27,Leofurt,Australian Capital Territory,2021-08-22,2021-08-23,4649,94,3,282,Shirt,Henley,M,violet,44,8,1
175,Vicki Stockwell,Male,27,Leofurt,Australian Capital Territory,2021-08-22,2021-08-23,4650,117,1,117,Jacket,Shearling,S,green,66,8,1
176,Meris Twitty,Agender,68,Bartolettiside,Australian Capital Territory,2021-04-14,2021-04-24,1752,118,2,236,Shirt,Flannel,M,red,68,4,10
177,Meris Twitty,Agender,68,Bartolettiside,Australian Capital Territory,2021-04-14,2021-04-24,1753,92,2,184,Shirt,Denim,XL,indigo,58,4,10
178,Meris Twitty,Agender,68,Bartolettiside,Australian Capital Territory,2021-04-14,2021-04-24,1754,94,1,94,Shirt,Henley,XL,indigo,52,4,10
179,Meris Twitty,Agender,68,Bartolettiside,Australian Capital Territory,2021-04-14,2021-04-24,1755,98,2,196,Shirt,Camp Collared,XS,indigo,64,4,10
180,Jarrett Brumby,Polygender,54,Lake Nicholasfurt,Western Australia,2021-08-04,2021-08-09,2034,93,1,93,Jacket,Coach,XS,violet,58,8,5
181,Jarrett Brumby,Polygender,54,Lake Nicholasfurt,Western Australia,2021-08-04,2021-08-09,2035,90,1,90,Trousers,Relaxed Leg,XL,violet,42,8,5
182,Shanna Pietrzyk,Female,56,Port Alyssa,Queensland,2021-09-23,2021-09-26,2668,95,3,285,Shirt,Polo,S,violet,43,9,3
183,Shanna Pietrzyk,Female,56,Port Alyssa,Queensland,2021-03-06,2021-03-14,2762,97,3,291,Trousers,Slim-Fit,S,red,71,3,8
184,Shanna Pietrzyk,Female,56,Port Alyssa,Queensland,2021-03-06,2021-03-14,2763,93,1,93,Jacket,Coach,L,indigo,74,3,8
185,Shanna Pietrzyk,Female,56,Port Alyssa,Queensland,2021-03-06,2021-03-14,2764,115,2,230,Trousers,Cropped,L,violet,40,3,8
186,Shanna Pietrzyk,Female,56,Port Alyssa,Queensland,2021-03-06,2021-03-14,2765,97,1,97,Trousers,Slim-Fit,L,indigo,48,3,8
187,Shanna Pietrzyk,Female,56,Port Alyssa,Queensland,2021-03-06,2021-03-14,2766,105,1,105,Shirt,Cuban Collar,L,blue,65,3,8
188,Shanna Pietrzyk,Female,56,Port Alyssa,Queensland,2021-06-24,2021-07-02,4721,90,1,90,Trousers,Relaxed Leg,M,indigo,45,6,8
189,Shanna Pietrzyk,Female,56,Port Alyssa,Queensland,2021-06-24,2021-07-02,4722,94,1,94,Shirt,Henley,XL,orange,52,6,8
190,Shanna Pietrzyk,Female,56,Port Alyssa,Queensland,2021-06-24,2021-07-02,4723,107,1,107,Jacket,Denim,XS,blue,49,6,8
191,Moore Oolahan,Genderqueer,63,East Aidan,Western Australia,2021-07-15,2021-08-05,3151,98,1,98,Shirt,Camp Collared,L,orange,63,7,21
192,Moore Oolahan,Genderqueer,63,East Aidan,Western Australia,2021-07-15,2021-08-05,3152,113,2,226,Trousers,Chinos,L,red,44,7,21
193,Moore Oolahan,Genderqueer,63,East Aidan,Western Australia,2021-07-15,2021-08-05,3153,118,1,118,Jacket,Puffer,XS,red,67,7,21
194,Moore Oolahan,Genderqueer,63,East Aidan,Western Australia,2021-07-15,2021-08-05,3154,107,2,214,Jacket,Denim,XL,orange,79,7,21
195,Moore Oolahan,Genderqueer,63,East Aidan,Western Australia,2021-07-15,2021-08-05,3155,112,1,112,Jacket,Cardigan,XS,blue,54,7,21
196,Moore Oolahan,Genderqueer,63,East Aidan,Western Australia,2021-07-15,2021-08-05,3156,107,3,321,Jacket,Denim,L,violet,50,7,21
197,Moore Oolahan,Genderqueer,63,East Aidan,Western Australia,2021-02-07,2021-02-19,3555,92,3,276,Shirt,Denim,S,orange,69,2,12
198,Moore Oolahan,Genderqueer,63,East Aidan,Western Australia,2021-02-07,2021-02-19,3556,109,3,327,Shirt,Mandarin Collar,S,green,74,2,12
199,Moore Oolahan,Genderqueer,63,East Aidan,Western Australia,2021-02-07,2021-02-19,3557,90,2,180,Trousers,Relaxed Leg,M,orange,74,2,12
200,Moore Oolahan,Genderqueer,63,East Aidan,Western Australia,2021-02-07,2021-02-19,3558,119,2,238,Shirt,Casual Slim Fit,XL,violet,57,2,12
201,Moore Oolahan,Genderqueer,63,East Aidan,Western Australia,2021-02-07,2021-02-19,3559,97,1,97,Trousers,Slim-Fit,S,orange,55,2,12
202,Moore Oolahan,Genderqueer,63,East Aidan,Western Australia,2021-02-07,2021-02-19,3560,119,3,357,Jacket,Trench Coat,S,violet,69,2,12
203,Kayley Brosoli,Non-binary,52,South Evaport,Northern Territory,2021-08-22,2021-09-04,167,113,1,113,Jacket,Parka,XS,yellow,63,8,13
204,Kayley Brosoli,Non-binary,52,South Evaport,Northern Territory,2021-08-22,2021-09-04,168,93,3,279,Jacket,Coach,S,orange,55,8,13
205,Kayley Brosoli,Non-binary,52,South Evaport,Northern Territory,2021-08-22,2021-09-04,169,104,2,208,Shirt,Dress,M,red,57,8,13
206,Kayley Brosoli,Non-binary,52,South Evaport,Northern Territory,2021-08-22,2021-09-04,170,117,2,234,Jacket,Shearling,S,indigo,45,8,13
207,Kayley Brosoli,Non-binary,52,South Evaport,Northern Territory,2021-08-22,2021-09-04,171,109,2,218,Jacket,Peacoat,M,red,59,8,13
208,Kayley Brosoli,Non-binary,52,South Evaport,Northern Territory,2021-08-22,2021-09-04,172,98,1,98,Shirt,Camp Collared,L,indigo,72,8,13
209,Kayley Brosoli,Non-binary,52,South Evaport,Northern Territory,2021-04-01,2021-04-11,598,94,3,282,Shirt,Henley,XL,violet,77,4,10
210,Kayley Brosoli,Non-binary,52,South Evaport,Northern Territory,2021-04-01,2021-04-11,599,98,3,294,Jacket,Leather,XL,yellow,67,4,10
211,Kayley Brosoli,Non-binary,52,South Evaport,Northern Territory,2021-04-01,2021-04-11,600,102,1,102,Trousers,Cargo Pants,L,green,42,4,10
212,Kayley Brosoli,Non-binary,52,South Evaport,Northern Territory,2021-04-01,2021-04-11,601,96,1,96,Shirt,Oxford Cloth,XL,violet,54,4,10
213,Kayley Brosoli,Non-binary,52,South Evaport,Northern Territory,2021-04-01,2021-04-11,602,98,1,98,Jacket,Leather,M,green,45,4,10
214,Kayley Brosoli,Non-binary,52,South Evaport,Northern Territory,2021-04-01,2021-04-11,603,118,2,236,Jacket,Puffer,M,blue,60,4,10
215,Kayley Brosoli,Non-binary,52,South Evaport,Northern Territory,2021-04-01,2021-04-11,604,109,2,218,Shirt,Mandarin Collar,L,yellow,78,4,10
216,Kayley Brosoli,Non-binary,52,South Evaport,Northern Territory,2021-04-01,2021-04-11,605,92,1,92,Shirt,Denim,S,green,49,4,10
217,Kayley Brosoli,Non-binary,52,South Evaport,Northern Territory,2021-06-27,2021-07-16,2362,102,2,204,Jacket,Windbreaker,L,indigo,67,6,19
218,Kayley Brosoli,Non-binary,52,South Evaport,Northern Territory,2021-06-27,2021-07-16,2363,93,2,186,Jacket,Coach,S,green,60,6,19
219,Kayley Brosoli,Non-binary,52,South Evaport,Northern Territory,2021-06-27,2021-07-16,2364,99,3,297,Trousers,High-Waisted,S,orange,42,6,19
220,Kayley Brosoli,Non-binary,52,South Evaport,Northern Territory,2021-06-27,2021-07-16,2365,118,2,236,Jacket,Puffer,M,blue,60,6,19
221,Kayley Brosoli,Non-binary,52,South Evaport,Northern Territory,2021-06-27,2021-07-16,2366,107,1,107,Jacket,Denim,XL,yellow,56,6,19
222,Marena Lockhart,Male,47,Chelseahaven,Victoria,2021-10-08,2021-10-10,1732,93,2,186,Jacket,Coach,S,orange,55,10,2
223,Marena Lockhart,Male,47,Chelseahaven,Victoria,2021-10-08,2021-10-10,1733,112,1,112,Trousers,Tracksuit Bottoms,S,green,72,10,2
224,Marena Lockhart,Male,47,Chelseahaven,Victoria,2021-10-08,2021-10-10,1734,100,3,300,Jacket,Bomber,S,yellow,64,10,2
225,Marena Lockhart,Male,47,Chelseahaven,Victoria,2021-10-08,2021-10-10,1735,106,2,212,Shirt,Chambray,L,blue,69,10,2
226,Marena Lockhart,Male,47,Chelseahaven,Victoria,2021-10-08,2021-10-10,1736,91,2,182,Shirt,Linen,S,orange,42,10,2
227,Marena Lockhart,Male,47,Chelseahaven,Victoria,2021-10-08,2021-10-10,1737,94,2,188,Trousers,Cords,M,green,76,10,2
228,Tore Caras,Genderqueer,62,West Alyssa,Queensland,2021-08-14,2021-08-16,2868,109,1,109,Jacket,Peacoat,L,green,73,8,2
229,Tore Caras,Genderqueer,62,West Alyssa,Queensland,2021-08-14,2021-08-16,2869,91,2,182,Jacket,Pullover,L,blue,66,8,2
230,Tore Caras,Genderqueer,62,West Alyssa,Queensland,2021-08-14,2021-08-16,2870,118,3,354,Shirt,Flannel,L,orange,59,8,2
231,Tore Caras,Genderqueer,62,West Alyssa,Queensland,2021-08-14,2021-08-16,2871,98,2,196,Jacket,Leather,M,yellow,77,8,2
232,Tore Caras,Genderqueer,62,West Alyssa,Queensland,2021-07-04,2021-07-22,4714,118,1,118,Jacket,Puffer,M,red,62,7,18
233,Tore Caras,Genderqueer,62,West Alyssa,Queensland,2021-07-04,2021-07-22,4715,106,3,318,Trousers,Wool,L,indigo,41,7,18
234,Tore Caras,Genderqueer,62,West Alyssa,Queensland,2021-07-04,2021-07-22,4716,117,2,234,Jacket,Shearling,M,yellow,60,7,18
235,Tore Caras,Genderqueer,62,West Alyssa,Queensland,2021-07-04,2021-07-22,4717,100,2,200,Jacket,Bomber,XS,blue,44,7,18
236,Tore Caras,Genderqueer,62,West Alyssa,Queensland,2021-07-04,2021-07-22,4718,94,2,188,Trousers,Cords,XL,blue,65,7,18
237,Giles Kyne,Polygender,45,Lake Phoenixside,South Australia,2021-05-16,2021-05-22,2623,115,1,115,Trousers,Cropped,M,indigo,73,5,6
238,Giles Kyne,Polygender,45,Lake Phoenixside,South Australia,2021-05-16,2021-05-22,2624,94,2,188,Trousers,Cords,XL,red,80,5,6
239,Giles Kyne,Polygender,45,Lake Phoenixside,South Australia,2021-05-16,2021-05-22,2625,95,3,285,Shirt,Polo,S,orange,78,5,6
240,Giles Kyne,Polygender,45,Lake Phoenixside,South Australia,2021-05-16,2021-05-22,2626,102,3,306,Trousers,Cargo Pants,M,red,52,5,6
241,Giles Kyne,Polygender,45,Lake Phoenixside,South Australia,2021-05-16,2021-05-22,2627,109,2,218,Shirt,Mandarin Collar,L,indigo,53,5,6
242,Giles Kyne,Polygender,45,Lake Phoenixside,South Australia,2021-05-16,2021-05-22,2628,90,3,270,Trousers,Relaxed Leg,XS,green,80,5,6
243,Aurie Margett,Agender,39,Amelieburgh,New South Wales,2021-04-12,2021-05-01,34,109,1,109,Jacket,Peacoat,XS,violet,54,4,19
244,Aurie Margett,Agender,39,Amelieburgh,New South Wales,2021-04-12,2021-05-01,35,95,2,190,Shirt,Polo,S,yellow,77,4,19
245,Aurie Margett,Agender,39,Amelieburgh,New South Wales,2021-09-11,2021-09-20,1461,97,2,194,Trousers,Slim-Fit,L,violet,58,9,9
246,Aurie Margett,Agender,39,Amelieburgh,New South Wales,2021-09-11,2021-09-20,1462,113,2,226,Jacket,Parka,M,red,56,9,9
247,Aurie Margett,Agender,39,Amelieburgh,New South Wales,2021-09-11,2021-09-20,1463,113,1,113,Jacket,Parka,M,orange,51,9,9
248,Aurie Margett,Agender,39,Amelieburgh,New South Wales,2021-09-11,2021-09-20,1464,109,2,218,Jacket,Peacoat,M,violet,77,9,9
249,Aurie Margett,Agender,39,Amelieburgh,New South Wales,2021-09-11,2021-09-20,1465,93,3,279,Trousers,Joggers,S,violet,63,9,9
250,Aurie Margett,Agender,39,Amelieburgh,New South Wales,2021-09-11,2021-09-20,1466,98,2,196,Jacket,Leather,XS,violet,70,9,9
251,Aurie Margett,Agender,39,Amelieburgh,New South Wales,2021-06-20,2021-07-11,2511,102,1,102,Trousers,Cargo Pants,XS,indigo,51,6,21
252,Aurie Margett,Agender,39,Amelieburgh,New South Wales,2021-06-20,2021-07-11,2512,105,3,315,Shirt,Cuban Collar,XS,violet,49,6,21
253,Aurie Margett,Agender,39,Amelieburgh,New South Wales,2021-06-20,2021-07-11,2513,113,2,226,Trousers,Chinos,XS,blue,69,6,21
254,Aurie Margett,Agender,39,Amelieburgh,New South Wales,2021-06-20,2021-07-11,2514,117,1,117,Jacket,Shearling,XL,orange,60,6,21
255,Aurie Margett,Agender,39,Amelieburgh,New South Wales,2021-06-20,2021-07-11,2515,102,1,102,Jacket,Windbreaker,XL,yellow,58,6,21
256,Hyacinth Pepper,Agender,20,New Callum,Tasmania,2021-07-21,2021-08-01,2614,91,3,273,Jacket,Pullover,XL,blue,74,7,11
257,Hyacinth Pepper,Agender,20,New Callum,Tasmania,2021-07-21,2021-08-01,2615,98,1,98,Shirt,Camp Collared,XL,red,79,7,11
258,Hyacinth Pepper,Agender,20,New Callum,Tasmania,2021-07-21,2021-08-01,2616,118,3,354,Jacket,Puffer,XS,violet,74,7,11
259,Lin Avraam,Genderqueer,65,Samuelland,South Australia,2021-05-19,2021-06-12,2326,118,2,236,Shirt,Flannel,XL,violet,43,5,24
260,Denice Ledrane,Bigender,32,New Beaumouth,Australian Capital Territory,2021-10-14,2021-11-08,1029,115,3,345,Trousers,Cropped,M,red,50,10,25
261,Denice Ledrane,Bigender,32,New Beaumouth,Australian Capital Territory,2021-10-14,2021-11-08,1030,109,3,327,Shirt,Mandarin Collar,M,red,60,10,25
262,Denice Ledrane,Bigender,32,New Beaumouth,Australian Capital Territory,2021-10-14,2021-11-08,1031,112,1,112,Jacket,Cardigan,M,violet,75,10,25
263,Denice Ledrane,Bigender,32,New Beaumouth,Australian Capital Territory,2021-10-14,2021-11-08,1032,102,2,204,Jacket,Windbreaker,M,indigo,56,10,25
264,Denice Ledrane,Bigender,32,New Beaumouth,Australian Capital Territory,2021-10-14,2021-11-08,1033,99,1,99,Trousers,High-Waisted,XL,green,78,10,25
265,Denice Ledrane,Bigender,32,New Beaumouth,Australian Capital Territory,2021-10-14,2021-11-08,1034,94,3,282,Shirt,Henley,M,yellow,71,10,25
266,Denice Ledrane,Bigender,32,New Beaumouth,Australian Capital Territory,2021-10-14,2021-11-08,1035,91,2,182,Shirt,Linen,M,violet,44,10,25
267,Denice Ledrane,Bigender,32,New Beaumouth,Australian Capital Territory,2021-10-14,2021-11-08,1036,106,1,106,Trousers,Wool,S,indigo,45,10,25
268,Denice Ledrane,Bigender,32,New Beaumouth,Australian Capital Territory,2021-08-16,2021-09-08,4430,90,2,180,Trousers,Relaxed Leg,M,blue,72,8,23
269,Denice Ledrane,Bigender,32,New Beaumouth,Australian Capital Territory,2021-08-16,2021-09-08,4431,119,3,357,Jacket,Trench Coat,XS,green,62,8,23
270,Denice Ledrane,Bigender,32,New Beaumouth,Australian Capital Territory,2021-08-16,2021-09-08,4432,105,1,105,Trousers,Pleated,L,orange,53,8,23
271,Denice Ledrane,Bigender,32,New Beaumouth,Australian Capital Territory,2021-08-16,2021-09-08,4433,92,3,276,Shirt,Denim,L,indigo,58,8,23
272,Denice Ledrane,Bigender,32,New Beaumouth,Australian Capital Territory,2021-08-16,2021-09-08,4434,113,2,226,Jacket,Parka,S,green,62,8,23
273,Denice Ledrane,Bigender,32,New Beaumouth,Australian Capital Territory,2021-08-16,2021-09-08,4435,107,3,321,Jacket,Denim,L,orange,73,8,23
274,Denice Ledrane,Bigender,32,New Beaumouth,Australian Capital Territory,2021-08-16,2021-09-08,4436,98,1,98,Jacket,Leather,M,orange,80,8,23
275,Denice Ledrane,Bigender,32,New Beaumouth,Australian Capital Territory,2021-08-16,2021-09-08,4437,119,3,357,Jacket,Trench Coat,XL,indigo,64,8,23
276,Denice Ledrane,Bigender,32,New Beaumouth,Australian Capital Territory,2021-08-16,2021-09-08,4438,105,1,105,Trousers,Pleated,XL,orange,69,8,23
277,Annabella Devote,Genderfluid,75,Sanfordborough,South Australia,2021-08-30,2021-09-24,0,106,2,212,Shirt,Chambray,L,orange,44,8,25
278,Annabella Devote,Genderfluid,75,Sanfordborough,South Australia,2021-08-30,2021-09-24,1,118,1,118,Jacket,Puffer,S,indigo,62,8,25
279,Annabella Devote,Genderfluid,75,Sanfordborough,South Australia,2021-08-30,2021-09-24,2,96,3,288,Shirt,Oxford Cloth,M,red,54,8,25
280,Annabella Devote,Genderfluid,75,Sanfordborough,South Australia,2021-08-30,2021-09-24,3,106,2,212,Trousers,Wool,M,blue,52,8,25
281,Annabella Devote,Genderfluid,75,Sanfordborough,South Australia,2021-08-30,2021-09-24,4,113,3,339,Jacket,Parka,S,indigo,53,8,25
282,Annabella Devote,Genderfluid,75,Sanfordborough,South Australia,2021-08-30,2021-09-24,5,106,3,318,Trousers,Wool,S,red,65,8,25
283,Willa Gaisford,Female,23,West Justin,Western Australia,2021-08-24,2021-09-15,324,100,2,200,Jacket,Bomber,S,yellow,64,8,22
284,Willa Gaisford,Female,23,West Justin,Western Australia,2021-08-24,2021-09-15,325,119,3,357,Shirt,Casual Slim Fit,XS,yellow,63,8,22
285,Willa Gaisford,Female,23,West Justin,Western Australia,2021-08-24,2021-09-15,326,112,3,336,Jacket,Cardigan,XL,orange,75,8,22
286,Willa Gaisford,Female,23,West Justin,Western Australia,2021-10-19,2021-11-12,1190,105,3,315,Trousers,Pleated,XS,violet,58,10,24
287,Willa Gaisford,Female,23,West Justin,Western Australia,2021-10-19,2021-11-12,1191,105,1,105,Trousers,Pleated,L,green,47,10,24
288,Willa Gaisford,Female,23,West Justin,Western Australia,2021-10-19,2021-11-12,1192,91,3,273,Shirt,Linen,M,yellow,59,10,24
289,Tiphany Peacop,Bigender,79,East Sofia,Victoria,2021-07-24,2021-07-29,4808,115,1,115,Trousers,Cropped,XS,violet,65,7,5
290,Tiphany Peacop,Bigender,79,East Sofia,Victoria,2021-07-24,2021-07-29,4809,97,1,97,Trousers,Slim-Fit,S,blue,49,7,5
291,Tiphany Peacop,Bigender,79,East Sofia,Victoria,2021-07-24,2021-07-29,4810,90,3,270,Trousers,Relaxed Leg,M,orange,74,7,5
292,Tiphany Peacop,Bigender,79,East Sofia,Victoria,2021-07-24,2021-07-29,4811,105,2,210,Shirt,Cuban Collar,L,orange,65,7,5
293,Tiphany Peacop,Bigender,79,East Sofia,Victoria,2021-07-24,2021-07-29,4812,102,3,306,Trousers,Cargo Pants,M,violet,58,7,5
294,Tiphany Peacop,Bigender,79,East Sofia,Victoria,2021-07-24,2021-07-29,4813,118,2,236,Shirt,Flannel,S,violet,70,7,5
295,Dulcea Shrawley,Female,48,Codyview,Northern Territory,2021-02-08,2021-02-13,1763,119,3,357,Jacket,Trench Coat,S,orange,41,2,5
296,Dulcea Shrawley,Female,48,Codyview,Northern Territory,2021-02-08,2021-02-13,1764,95,2,190,Shirt,Polo,XL,green,61,2,5
297,Marinna Heal,Genderfluid,42,Braunhaven,Tasmania,2021-06-04,2021-06-25,4678,106,2,212,Shirt,Chambray,S,violet,52,6,21
298,Marinna Heal,Genderfluid,42,Braunhaven,Tasmania,2021-06-04,2021-06-25,4679,119,3,357,Shirt,Casual Slim Fit,L,violet,65,6,21
299,Jehanna Water,Polygender,48,Monahanside,South Australia,2021-02-11,2021-02-25,4061,119,3,357,Shirt,Casual Slim Fit,L,yellow,63,2,14
300,Jehanna Water,Polygender,48,Monahanside,South Australia,2021-02-11,2021-02-25,4062,117,2,234,Jacket,Shearling,XL,green,51,2,14
301,Jehanna Water,Polygender,48,Monahanside,South Australia,2021-02-11,2021-02-25,4063,102,1,102,Jacket,Windbreaker,M,blue,70,2,14
302,Jehanna Water,Polygender,48,Monahanside,South Australia,2021-02-11,2021-02-25,4064,91,1,91,Jacket,Pullover,L,orange,56,2,14
303,Jehanna Water,Polygender,48,Monahanside,South Australia,2021-02-11,2021-02-25,4065,92,1,92,Shirt,Denim,S,violet,54,2,14
304,Katinka Currier,Non-binary,75,Smythland,South Australia,2021-02-04,2021-02-17,510,119,2,238,Shirt,Casual Slim Fit,S,green,72,2,13
305,Katinka Currier,Non-binary,75,Smythland,South Australia,2021-02-04,2021-02-17,511,99,1,99,Trousers,High-Waisted,S,yellow,56,2,13
306,Katinka Currier,Non-binary,75,Smythland,South Australia,2021-02-04,2021-02-17,512,94,3,282,Trousers,Cords,XL,orange,72,2,13
307,Katinka Currier,Non-binary,75,Smythland,South Australia,2021-02-04,2021-02-17,513,109,2,218,Jacket,Peacoat,XS,blue,48,2,13
308,Katinka Currier,Non-binary,75,Smythland,South Australia,2021-02-04,2021-02-17,514,95,1,95,Shirt,Polo,XL,yellow,46,2,13
309,Katinka Currier,Non-binary,75,Smythland,South Australia,2021-02-04,2021-02-17,515,112,1,112,Trousers,Tracksuit Bottoms,XS,blue,42,2,13
310,Katinka Currier,Non-binary,75,Smythland,South Australia,2021-03-22,2021-03-28,1892,118,1,118,Shirt,Flannel,M,green,66,3,6
311,Katinka Currier,Non-binary,75,Smythland,South Australia,2021-03-22,2021-03-28,1893,119,3,357,Shirt,Casual Slim Fit,L,orange,76,3,6
312,Katinka Currier,Non-binary,75,Smythland,South Australia,2021-03-22,2021-03-28,1894,104,2,208,Shirt,Dress,XL,yellow,75,3,6
313,Katinka Currier,Non-binary,75,Smythland,South Australia,2021-03-22,2021-03-28,1895,98,3,294,Shirt,Camp Collared,M,orange,65,3,6
314,Katinka Currier,Non-binary,75,Smythland,South Australia,2021-03-22,2021-03-28,1896,112,2,224,Trousers,Tracksuit Bottoms,S,violet,48,3,6
315,Katinka Currier,Non-binary,75,Smythland,South Australia,2021-03-22,2021-03-28,1897,102,1,102,Jacket,Windbreaker,M,violet,64,3,6
316,Katinka Currier,Non-binary,75,Smythland,South Australia,2021-03-22,2021-03-28,1898,112,2,224,Jacket,Cardigan,S,blue,53,3,6
317,Chandra Carine,Agender,51,Hellermouth,New South Wales,2021-02-22,2021-03-14,4710,93,1,93,Trousers,Joggers,S,violet,63,2,20
318,Chandra Carine,Agender,51,Hellermouth,New South Wales,2021-02-22,2021-03-14,4711,106,3,318,Shirt,Chambray,M,orange,43,2,20
319,Chandra Carine,Agender,51,Hellermouth,New South Wales,2021-02-22,2021-03-14,4712,118,1,118,Jacket,Puffer,XS,red,67,2,20
320,Angela Kester,Male,62,Chloeville,South Australia,2021-08-30,2021-09-21,2407,118,3,354,Shirt,Flannel,XL,red,72,8,22
321,Angela Kester,Male,62,Chloeville,South Australia,2021-08-30,2021-09-21,2408,97,1,97,Trousers,Slim-Fit,XL,orange,78,8,22
322,Angela Kester,Male,62,Chloeville,South Australia,2021-08-30,2021-09-21,2409,91,3,273,Jacket,Pullover,L,indigo,50,8,22
323,Angela Kester,Male,62,Chloeville,South Australia,2021-08-30,2021-09-21,2410,91,2,182,Jacket,Pullover,XS,red,54,8,22
324,Angela Kester,Male,62,Chloeville,South Australia,2021-08-30,2021-09-21,2411,93,2,186,Trousers,Joggers,M,yellow,72,8,22
325,Angela Kester,Male,62,Chloeville,South Australia,2021-08-30,2021-09-21,2412,109,1,109,Shirt,Mandarin Collar,XL,blue,71,8,22
326,Jethro Pollak,Genderqueer,38,Lake Alihaven,Northern Territory,2021-07-07,2021-07-18,173,117,3,351,Jacket,Shearling,XL,red,42,7,11
327,Jethro Pollak,Genderqueer,38,Lake Alihaven,Northern Territory,2021-07-07,2021-07-18,174,106,3,318,Trousers,Wool,XS,green,73,7,11
328,Jethro Pollak,Genderqueer,38,Lake Alihaven,Northern Territory,2021-07-07,2021-07-18,175,112,3,336,Jacket,Cardigan,XS,yellow,46,7,11
329,Jethro Pollak,Genderqueer,38,Lake Alihaven,Northern Territory,2021-07-07,2021-07-18,176,112,2,224,Jacket,Cardigan,L,yellow,50,7,11
330,Jethro Pollak,Genderqueer,38,Lake Alihaven,Northern Territory,2021-07-07,2021-07-18,177,93,2,186,Jacket,Coach,XS,green,78,7,11
331,Jethro Pollak,Genderqueer,38,Lake Alihaven,Northern Territory,2021-04-03,2021-04-19,3424,99,2,198,Trousers,High-Waisted,XS,blue,51,4,16
332,Jethro Pollak,Genderqueer,38,Lake Alihaven,Northern Territory,2021-04-03,2021-04-19,3425,96,2,192,Shirt,Oxford Cloth,M,red,54,4,16
333,Jethro Pollak,Genderqueer,38,Lake Alihaven,Northern Territory,2021-04-03,2021-04-19,3426,115,1,115,Trousers,Cropped,XS,green,48,4,16
334,Jethro Pollak,Genderqueer,38,Lake Alihaven,Northern Territory,2021-04-03,2021-04-19,3427,100,3,300,Jacket,Bomber,M,green,61,4,16
335,Jethro Pollak,Genderqueer,38,Lake Alihaven,Northern Territory,2021-04-03,2021-04-19,3428,96,2,192,Trousers,Drawstring,L,green,43,4,16
336,Persis Spiteri,Genderfluid,46,Sofiaberg,Australian Capital Territory,2021-09-13,2021-10-09,2629,94,3,282,Shirt,Henley,XS,red,62,9,26
337,Persis Spiteri,Genderfluid,46,Sofiaberg,Australian Capital Territory,2021-09-13,2021-10-09,2630,100,1,100,Jacket,Bomber,XL,violet,53,9,26
338,Persis Spiteri,Genderfluid,46,Sofiaberg,Australian Capital Territory,2021-09-13,2021-10-09,2631,119,2,238,Shirt,Casual Slim Fit,XS,violet,55,9,26
339,Persis Spiteri,Genderfluid,46,Sofiaberg,Australian Capital Territory,2021-09-13,2021-10-09,2632,92,1,92,Shirt,Denim,XL,orange,67,9,26
340,Persis Spiteri,Genderfluid,46,Sofiaberg,Australian Capital Territory,2021-09-13,2021-10-09,2633,102,2,204,Jacket,Windbreaker,XL,indigo,60,9,26
341,Persis Spiteri,Genderfluid,46,Sofiaberg,Australian Capital Territory,2021-09-13,2021-10-09,2634,107,3,321,Jacket,Denim,XS,blue,49,9,26
342,Persis Spiteri,Genderfluid,46,Sofiaberg,Australian Capital Territory,2021-09-13,2021-10-09,2635,91,1,91,Jacket,Pullover,L,green,72,9,26
343,Persis Spiteri,Genderfluid,46,Sofiaberg,Australian Capital Territory,2021-09-13,2021-10-09,2636,91,1,91,Shirt,Linen,S,green,58,9,26
344,Lanny Wardale,Female,30,Spencerborough,Western Australia,2021-03-09,2021-03-14,2844,107,1,107,Jacket,Denim,S,violet,73,3,5
345,Lanny Wardale,Female,30,Spencerborough,Western Australia,2021-03-09,2021-03-14,2845,92,2,184,Shirt,Denim,S,orange,69,3,5
346,Lanny Wardale,Female,30,Spencerborough,Western Australia,2021-03-09,2021-03-14,2846,92,2,184,Shirt,Denim,XS,blue,76,3,5
347,Lanny Wardale,Female,30,Spencerborough,Western Australia,2021-03-09,2021-03-14,2847,98,1,98,Jacket,Leather,XL,indigo,52,3,5
348,Lanny Wardale,Female,30,Spencerborough,Western Australia,2021-03-09,2021-03-14,2848,96,3,288,Shirt,Oxford Cloth,L,blue,59,3,5
349,Lanny Wardale,Female,30,Spencerborough,Western Australia,2021-03-09,2021-03-14,2849,118,1,118,Jacket,Puffer,M,red,62,3,5
350,Lanny Wardale,Female,30,Spencerborough,Western Australia,2021-03-09,2021-03-14,2850,112,3,336,Trousers,Tracksuit Bottoms,S,yellow,49,3,5
351,Lanny Wardale,Female,30,Spencerborough,Western Australia,2021-03-09,2021-03-14,2851,91,3,273,Jacket,Pullover,M,indigo,72,3,5
352,Lanny Wardale,Female,30,Spencerborough,Western Australia,2021-05-10,2021-05-18,4324,98,2,196,Shirt,Camp Collared,XL,green,61,5,8
353,Lanny Wardale,Female,30,Spencerborough,Western Australia,2021-05-10,2021-05-18,4325,118,3,354,Jacket,Puffer,M,green,72,5,8
354,Lanny Wardale,Female,30,Spencerborough,Western Australia,2021-05-10,2021-05-18,4326,91,1,91,Jacket,Pullover,L,yellow,43,5,8
355,Lanny Wardale,Female,30,Spencerborough,Western Australia,2021-05-10,2021-05-18,4327,93,3,279,Jacket,Coach,XS,blue,51,5,8
356,Kayne Fraczkiewicz,Agender,40,Walshland,Northern Territory,2021-08-13,2021-08-20,3814,115,2,230,Trousers,Cropped,S,red,47,8,7
357,Kayne Fraczkiewicz,Agender,40,Walshland,Northern Territory,2021-08-13,2021-08-20,3815,119,3,357,Jacket,Trench Coat,XS,indigo,56,8,7
358,Kayne Fraczkiewicz,Agender,40,Walshland,Northern Territory,2021-08-13,2021-08-20,3816,105,3,315,Shirt,Cuban Collar,XS,yellow,78,8,7
359,Kayne Fraczkiewicz,Agender,40,Walshland,Northern Territory,2021-08-13,2021-08-20,3817,113,2,226,Trousers,Chinos,XS,orange,53,8,7
360,Kayne Fraczkiewicz,Agender,40,Walshland,Northern Territory,2021-08-13,2021-08-20,3818,112,1,112,Jacket,Cardigan,M,blue,57,8,7
361,Minta Loble,Female,63,Lake Paigemouth,Northern Territory,2021-06-12,2021-06-17,773,96,2,192,Trousers,Drawstring,M,indigo,58,6,5
362,Minta Loble,Female,63,Lake Paigemouth,Northern Territory,2021-06-12,2021-06-17,774,109,1,109,Jacket,Peacoat,L,green,73,6,5
363,Minta Loble,Female,63,Lake Paigemouth,Northern Territory,2021-06-12,2021-06-17,775,100,3,300,Jacket,Bomber,L,red,50,6,5
364,Minta Loble,Female,63,Lake Paigemouth,Northern Territory,2021-06-12,2021-06-17,776,98,2,196,Jacket,Leather,XL,blue,67,6,5
365,Minta Loble,Female,63,Lake Paigemouth,Northern Territory,2021-06-12,2021-06-17,777,104,3,312,Shirt,Dress,L,orange,73,6,5
366,Minta Loble,Female,63,Lake Paigemouth,Northern Territory,2021-06-12,2021-06-17,778,113,3,339,Jacket,Parka,M,green,71,6,5
367,Minta Loble,Female,63,Lake Paigemouth,Northern Territory,2021-06-12,2021-06-17,779,94,1,94,Shirt,Henley,M,blue,42,6,5
368,Minta Loble,Female,63,Lake Paigemouth,Northern Territory,2021-06-12,2021-06-17,780,91,2,182,Shirt,Linen,L,yellow,72,6,5
369,Minta Loble,Female,63,Lake Paigemouth,Northern Territory,2021-10-19,2021-11-14,4894,105,2,210,Trousers,Pleated,M,indigo,48,10,26
370,Minta Loble,Female,63,Lake Paigemouth,Northern Territory,2021-10-19,2021-11-14,4895,105,3,315,Shirt,Cuban Collar,XS,indigo,50,10,26
371,Minta Loble,Female,63,Lake Paigemouth,Northern Territory,2021-10-19,2021-11-14,4896,118,2,236,Jacket,Puffer,S,yellow,48,10,26
372,Minta Loble,Female,63,Lake Paigemouth,Northern Territory,2021-10-19,2021-11-14,4897,112,2,224,Trousers,Tracksuit Bottoms,XS,indigo,63,10,26
373,Minta Loble,Female,63,Lake Paigemouth,Northern Territory,2021-10-19,2021-11-14,4898,96,2,192,Trousers,Drawstring,XL,green,49,10,26
374,Minta Loble,Female,63,Lake Paigemouth,Northern Territory,2021-10-19,2021-11-14,4899,91,3,273,Jacket,Pullover,XL,indigo,43,10,26
375,Cornie Virr,Genderqueer,27,East Chelsea,Northern Territory,2021-07-15,2021-07-29,2320,96,3,288,Shirt,Oxford Cloth,XL,violet,54,7,14
376,Cornie Virr,Genderqueer,27,East Chelsea,Northern Territory,2021-07-15,2021-07-29,2321,119,3,357,Jacket,Trench Coat,S,green,53,7,14
377,Cornie Virr,Genderqueer,27,East Chelsea,Northern Territory,2021-07-15,2021-07-29,2322,105,3,315,Trousers,Pleated,M,green,41,7,14
378,Cornie Virr,Genderqueer,27,East Chelsea,Northern Territory,2021-07-15,2021-07-29,2323,94,2,188,Trousers,Cords,S,yellow,68,7,14
379,Cornie Virr,Genderqueer,27,East Chelsea,Northern Territory,2021-07-15,2021-07-29,2324,102,2,204,Jacket,Windbreaker,S,blue,41,7,14
380,Cornie Virr,Genderqueer,27,East Chelsea,Northern Territory,2021-07-15,2021-07-29,2325,104,3,312,Shirt,Dress,S,yellow,56,7,14
381,Corinna Maystone,Non-binary,76,Gleasonport,Tasmania,2021-01-07,2021-01-19,191,109,2,218,Shirt,Mandarin Collar,L,green,67,1,12
382,Corinna Maystone,Non-binary,76,Gleasonport,Tasmania,2021-01-07,2021-01-19,192,93,1,93,Jacket,Coach,XS,blue,51,1,12
383,Corinna Maystone,Non-binary,76,Gleasonport,Tasmania,2021-01-07,2021-01-19,193,118,3,354,Jacket,Puffer,XL,blue,80,1,12
384,Corinna Maystone,Non-binary,76,Gleasonport,Tasmania,2021-01-07,2021-01-19,194,113,3,339,Jacket,Parka,L,blue,61,1,12
385,Corinna Maystone,Non-binary,76,Gleasonport,Tasmania,2021-05-13,2021-05-26,1201,99,2,198,Trousers,High-Waisted,S,violet,45,5,13
386,Corinna Maystone,Non-binary,76,Gleasonport,Tasmania,2021-05-13,2021-05-26,1202,106,1,106,Shirt,Chambray,S,violet,52,5,13
387,Corinna Maystone,Non-binary,76,Gleasonport,Tasmania,2021-05-13,2021-05-26,1203,96,1,96,Trousers,Drawstring,L,green,43,5,13
388,Corinna Maystone,Non-binary,76,Gleasonport,Tasmania,2021-05-13,2021-05-26,1204,104,3,312,Shirt,Dress,S,green,60,5,13
389,Corinna Maystone,Non-binary,76,Gleasonport,Tasmania,2021-05-13,2021-05-26,1205,98,2,196,Jacket,Leather,M,blue,60,5,13
390,Corinna Maystone,Non-binary,76,Gleasonport,Tasmania,2021-05-13,2021-05-26,1206,119,2,238,Jacket,Trench Coat,XL,indigo,64,5,13
391,Corinna Maystone,Non-binary,76,Gleasonport,Tasmania,2021-05-13,2021-05-26,1207,96,2,192,Trousers,Drawstring,XS,indigo,61,5,13
392,Barbara-anne Salerg,Agender,53,Savannahland,Northern Territory,2021-08-17,2021-09-06,4949,115,1,115,Trousers,Cropped,XL,violet,64,8,20
393,Barbara-anne Salerg,Agender,53,Savannahland,Northern Territory,2021-08-17,2021-09-06,4950,112,3,336,Trousers,Tracksuit Bottoms,S,orange,59,8,20
394,Barbara-anne Salerg,Agender,53,Savannahland,Northern Territory,2021-08-17,2021-09-06,4951,112,2,224,Trousers,Tracksuit Bottoms,L,red,43,8,20
395,Barbara-anne Salerg,Agender,53,Savannahland,Northern Territory,2021-08-17,2021-09-06,4952,99,2,198,Trousers,High-Waisted,XS,yellow,64,8,20
396,Barbara-anne Salerg,Agender,53,Savannahland,Northern Territory,2021-08-17,2021-09-06,4953,92,3,276,Shirt,Denim,XS,blue,76,8,20
397,Kendall Jakubski,Male,78,Port Liam,South Australia,2021-06-20,2021-07-10,3641,106,3,318,Shirt,Chambray,S,yellow,40,6,20
398,Kendall Jakubski,Male,78,Port Liam,South Australia,2021-06-20,2021-07-10,3642,106,1,106,Shirt,Chambray,S,green,63,6,20
399,Kendall Jakubski,Male,78,Port Liam,South Australia,2021-06-20,2021-07-10,3643,112,3,336,Trousers,Tracksuit Bottoms,M,orange,47,6,20
400,Kendall Jakubski,Male,78,Port Liam,South Australia,2021-06-20,2021-07-10,3644,105,3,315,Shirt,Cuban Collar,XS,violet,49,6,20
401,Kendall Jakubski,Male,78,Port Liam,South Australia,2021-06-20,2021-07-10,3645,99,1,99,Trousers,High-Waisted,M,blue,52,6,20
402,Kendall Jakubski,Male,78,Port Liam,South Australia,2021-06-20,2021-07-10,3646,91,2,182,Shirt,Linen,S,green,58,6,20
403,Kendall Jakubski,Male,78,Port Liam,South Australia,2021-04-11,2021-04-21,4332,93,2,186,Jacket,Coach,L,blue,80,4,10
404,Kendall Jakubski,Male,78,Port Liam,South Australia,2021-04-11,2021-04-21,4333,102,2,204,Trousers,Cargo Pants,M,blue,64,4,10
405,Kendall Jakubski,Male,78,Port Liam,South Australia,2021-04-11,2021-04-21,4334,109,2,218,Jacket,Peacoat,M,blue,71,4,10
406,Kendall Jakubski,Male,78,Port Liam,South Australia,2021-04-11,2021-04-21,4335,113,1,113,Trousers,Chinos,S,orange,58,4,10
407,Matthiew Hinckes,Female,51,Lake Hannah,Queensland,2021-02-05,2021-02-22,1300,105,3,315,Trousers,Pleated,XS,blue,62,2,17
408,Matthiew Hinckes,Female,51,Lake Hannah,Queensland,2021-02-05,2021-02-22,1301,119,3,357,Jacket,Trench Coat,XS,violet,64,2,17
409,Matthiew Hinckes,Female,51,Lake Hannah,Queensland,2021-02-05,2021-02-22,1302,118,2,236,Shirt,Flannel,L,violet,76,2,17
410,Hillary Guiness,Agender,27,Harrismouth,Queensland,2021-04-13,2021-04-17,952,102,3,306,Jacket,Windbreaker,XS,orange,70,4,4
411,Hillary Guiness,Agender,27,Harrismouth,Queensland,2021-04-13,2021-04-17,953,105,2,210,Trousers,Pleated,M,blue,66,4,4
412,Hillary Guiness,Agender,27,Harrismouth,Queensland,2021-04-13,2021-04-17,954,94,2,188,Shirt,Henley,XS,blue,61,4,4
413,Hillary Guiness,Agender,27,Harrismouth,Queensland,2021-01-20,2021-01-31,1313,117,1,117,Jacket,Shearling,S,blue,72,1,11
414,Hillary Guiness,Agender,27,Harrismouth,Queensland,2021-07-01,2021-07-20,3445,98,2,196,Jacket,Leather,XS,orange,63,7,19
415,Hillary Guiness,Agender,27,Harrismouth,Queensland,2021-07-01,2021-07-20,3446,119,2,238,Shirt,Casual Slim Fit,S,green,72,7,19
416,Hillary Guiness,Agender,27,Harrismouth,Queensland,2021-07-01,2021-07-20,3447,96,1,96,Shirt,Oxford Cloth,L,green,52,7,19
417,Hillary Guiness,Agender,27,Harrismouth,Queensland,2021-07-01,2021-07-20,3448,91,1,91,Shirt,Linen,XS,indigo,70,7,19
418,Hillary Guiness,Agender,27,Harrismouth,Queensland,2021-07-01,2021-07-20,3449,118,2,236,Jacket,Puffer,XS,red,67,7,19
419,Law Foker,Genderfluid,66,Colestad,Queensland,2021-07-30,2021-08-13,274,90,2,180,Trousers,Relaxed Leg,XS,violet,49,7,14
420,Law Foker,Genderfluid,66,Colestad,Queensland,2021-07-30,2021-08-13,275,105,2,210,Trousers,Pleated,M,red,40,7,14
421,Otha Skein,Genderqueer,46,East Isla,Western Australia,2021-08-14,2021-08-24,1995,95,1,95,Shirt,Polo,S,blue,76,8,10
422,Otha Skein,Genderqueer,46,East Isla,Western Australia,2021-08-14,2021-08-24,1996,91,2,182,Jacket,Pullover,S,blue,73,8,10
423,Otha Skein,Genderqueer,46,East Isla,Western Australia,2021-08-14,2021-08-24,1997,119,1,119,Shirt,Casual Slim Fit,M,orange,47,8,10
424,Otha Skein,Genderqueer,46,East Isla,Western Australia,2021-08-14,2021-08-24,1998,92,1,92,Shirt,Denim,M,violet,55,8,10
425,Otha Skein,Genderqueer,46,East Isla,Western Australia,2021-08-14,2021-08-24,1999,118,2,236,Shirt,Flannel,M,blue,73,8,10
426,Otha Skein,Genderqueer,46,East Isla,Western Australia,2021-08-14,2021-08-24,2000,93,2,186,Jacket,Coach,M,green,63,8,10
427,Otha Skein,Genderqueer,46,East Isla,Western Australia,2021-08-14,2021-08-24,2001,107,3,321,Jacket,Denim,M,red,43,8,10
428,Pierre Rockwill,Non-binary,33,Port Jordan,Western Australia,2021-08-14,2021-08-17,1535,113,2,226,Trousers,Chinos,XL,indigo,78,8,3
429,Pierre Rockwill,Non-binary,33,Port Jordan,Western Australia,2021-08-14,2021-08-17,1536,117,3,351,Jacket,Shearling,XS,yellow,66,8,3
430,Pierre Rockwill,Non-binary,33,Port Jordan,Western Australia,2021-08-14,2021-08-17,1537,94,3,282,Trousers,Cords,XL,orange,72,8,3
431,Pierre Rockwill,Non-binary,33,Port Jordan,Western Australia,2021-08-14,2021-08-17,1538,112,3,336,Trousers,Tracksuit Bottoms,M,violet,73,8,3
432,Pierre Rockwill,Non-binary,33,Port Jordan,Western Australia,2021-08-14,2021-08-17,1539,98,1,98,Shirt,Camp Collared,XS,violet,72,8,3
433,Pierre Rockwill,Non-binary,33,Port Jordan,Western Australia,2021-08-14,2021-08-17,1540,117,3,351,Jacket,Shearling,XL,blue,79,8,3
434,Pierre Rockwill,Non-binary,33,Port Jordan,Western Australia,2021-08-14,2021-08-17,1541,96,3,288,Trousers,Drawstring,XS,indigo,61,8,3
435,Garvy Davioud,Genderfluid,41,Hudsontown,New South Wales,2021-03-08,2021-03-28,303,118,1,118,Shirt,Flannel,L,violet,76,3,20
436,Garvy Davioud,Genderfluid,41,Hudsontown,New South Wales,2021-03-08,2021-03-28,304,98,3,294,Shirt,Camp Collared,XS,red,77,3,20
437,Garvy Davioud,Genderfluid,41,Hudsontown,New South Wales,2021-03-08,2021-03-28,305,93,1,93,Trousers,Joggers,XL,orange,44,3,20
438,Garvy Davioud,Genderfluid,41,Hudsontown,New South Wales,2021-03-08,2021-03-28,306,105,2,210,Trousers,Pleated,XS,blue,62,3,20
439,Garvy Davioud,Genderfluid,41,Hudsontown,New South Wales,2021-03-08,2021-03-28,307,117,2,234,Jacket,Shearling,M,yellow,60,3,20
440,Garvy Davioud,Genderfluid,41,Hudsontown,New South Wales,2021-03-08,2021-03-28,308,112,3,336,Jacket,Cardigan,S,blue,53,3,20
441,Garvy Davioud,Genderfluid,41,Hudsontown,New South Wales,2021-09-30,2021-10-07,1787,91,1,91,Jacket,Pullover,L,green,72,9,7
442,Garvy Davioud,Genderfluid,41,Hudsontown,New South Wales,2021-09-30,2021-10-07,1788,96,2,192,Shirt,Oxford Cloth,XS,orange,45,9,7
443,Garvy Davioud,Genderfluid,41,Hudsontown,New South Wales,2021-09-30,2021-10-07,1789,102,3,306,Trousers,Cargo Pants,L,violet,74,9,7
444,Garvy Davioud,Genderfluid,41,Hudsontown,New South Wales,2021-09-30,2021-10-07,1790,117,1,117,Jacket,Shearling,S,yellow,48,9,7
445,Dean McLarty,Female,39,North Ellabury,Northern Territory,2021-06-20,2021-06-26,2350,90,2,180,Trousers,Relaxed Leg,L,orange,78,6,6
446,Dean McLarty,Female,39,North Ellabury,Northern Territory,2021-06-20,2021-06-26,2351,117,1,117,Jacket,Shearling,S,blue,72,6,6
447,Dean McLarty,Female,39,North Ellabury,Northern Territory,2021-06-20,2021-06-26,2352,98,2,196,Shirt,Camp Collared,L,violet,42,6,6
448,Dean McLarty,Female,39,North Ellabury,Northern Territory,2021-06-20,2021-06-26,2353,113,1,113,Jacket,Parka,XS,green,75,6,6
449,Dean McLarty,Female,39,North Ellabury,Northern Territory,2021-06-20,2021-06-26,2354,118,2,236,Shirt,Flannel,XS,indigo,46,6,6
450,Dean McLarty,Female,39,North Ellabury,Northern Territory,2021-06-29,2021-07-21,4595,96,1,96,Trousers,Drawstring,M,blue,41,6,22
451,Benji Vineall,Genderqueer,75,Port Madelineberg,Tasmania,2021-07-05,2021-07-16,1589,92,2,184,Shirt,Denim,M,green,66,7,11
452,Benji Vineall,Genderqueer,75,Port Madelineberg,Tasmania,2021-07-05,2021-07-16,1590,92,3,276,Shirt,Denim,XS,violet,73,7,11
453,Benji Vineall,Genderqueer,75,Port Madelineberg,Tasmania,2021-07-05,2021-07-16,1591,93,3,279,Jacket,Coach,M,green,63,7,11
454,Benji Vineall,Genderqueer,75,Port Madelineberg,Tasmania,2021-07-05,2021-07-16,1592,95,2,190,Shirt,Polo,XL,blue,70,7,11
455,Benji Vineall,Genderqueer,75,Port Madelineberg,Tasmania,2021-07-05,2021-07-16,1593,109,3,327,Jacket,Peacoat,S,orange,73,7,11
456,Wilhelm Blaber,Genderfluid,69,Lake Callumville,Queensland,2021-01-10,2021-01-23,2214,115,1,115,Trousers,Cropped,XS,yellow,41,1,13
457,Wilhelm Blaber,Genderfluid,69,Lake Callumville,Queensland,2021-01-10,2021-01-23,2215,102,2,204,Trousers,Cargo Pants,XL,red,45,1,13
458,Wilhelm Blaber,Genderfluid,69,Lake Callumville,Queensland,2021-01-10,2021-01-23,2216,96,2,192,Shirt,Oxford Cloth,XL,yellow,50,1,13
459,Wilhelm Blaber,Genderfluid,69,Lake Callumville,Queensland,2021-01-10,2021-01-23,2217,119,3,357,Jacket,Trench Coat,S,red,54,1,13
460,Wilhelm Blaber,Genderfluid,69,Lake Callumville,Queensland,2021-01-10,2021-01-23,2218,107,3,321,Jacket,Denim,M,orange,48,1,13
461,Wilhelm Blaber,Genderfluid,69,Lake Callumville,Queensland,2021-01-10,2021-01-23,2219,119,1,119,Jacket,Trench Coat,XL,green,53,1,13
462,Wilhelm Blaber,Genderfluid,69,Lake Callumville,Queensland,2021-01-27,2021-01-29,3897,94,1,94,Trousers,Cords,M,indigo,52,1,2
463,Wilhelm Blaber,Genderfluid,69,Lake Callumville,Queensland,2021-01-27,2021-01-29,3898,105,2,210,Shirt,Cuban Collar,XS,green,63,1,2
464,Wilhelm Blaber,Genderfluid,69,Lake Callumville,Queensland,2021-01-27,2021-01-29,3899,96,1,96,Shirt,Oxford Cloth,S,blue,51,1,2
465,Wilhelm Blaber,Genderfluid,69,Lake Callumville,Queensland,2021-01-27,2021-01-29,3900,112,3,336,Trousers,Tracksuit Bottoms,XL,blue,68,1,2
466,Wilhelm Blaber,Genderfluid,69,Lake Callumville,Queensland,2021-01-27,2021-01-29,3901,91,1,91,Shirt,Linen,XS,indigo,70,1,2
467,Wilhelm Blaber,Genderfluid,69,Lake Callumville,Queensland,2021-01-27,2021-01-29,3902,105,1,105,Trousers,Pleated,M,indigo,48,1,2
468,Wilhelm Blaber,Genderfluid,69,Lake Callumville,Queensland,2021-01-27,2021-01-29,3903,119,1,119,Shirt,Casual Slim Fit,M,green,67,1,2
469,Wilhelm Blaber,Genderfluid,69,Lake Callumville,Queensland,2021-04-25,2021-05-07,4370,119,1,119,Shirt,Casual Slim Fit,L,violet,65,4,12
470,Wilhelm Blaber,Genderfluid,69,Lake Callumville,Queensland,2021-04-25,2021-05-07,4371,107,1,107,Jacket,Denim,XS,blue,49,4,12
471,Wilhelm Blaber,Genderfluid,69,Lake Callumville,Queensland,2021-04-25,2021-05-07,4372,107,1,107,Jacket,Denim,XL,orange,79,4,12
472,Wilhelm Blaber,Genderfluid,69,Lake Callumville,Queensland,2021-04-25,2021-05-07,4373,119,2,238,Jacket,Trench Coat,S,violet,69,4,12
473,Wilhelm Blaber,Genderfluid,69,Lake Callumville,Queensland,2021-04-25,2021-05-07,4374,102,1,102,Trousers,Cargo Pants,S,orange,60,4,12
474,Hurleigh Sieb,Genderfluid,32,Port Sarah,Queensland,2021-02-24,2021-03-10,2301,94,1,94,Shirt,Henley,S,orange,46,2,14
475,Hurleigh Sieb,Genderfluid,32,Port Sarah,Queensland,2021-02-24,2021-03-10,2302,102,1,102,Trousers,Cargo Pants,M,violet,58,2,14
476,Hurleigh Sieb,Genderfluid,32,Port Sarah,Queensland,2021-02-24,2021-03-10,2303,105,3,315,Trousers,Pleated,XS,blue,62,2,14
477,Hurleigh Sieb,Genderfluid,32,Port Sarah,Queensland,2021-02-24,2021-03-10,2304,113,1,113,Jacket,Parka,XL,indigo,78,2,14
478,Hurleigh Sieb,Genderfluid,32,Port Sarah,Queensland,2021-02-24,2021-03-10,2305,97,1,97,Trousers,Slim-Fit,XL,violet,48,2,14
479,Hurleigh Sieb,Genderfluid,32,Port Sarah,Queensland,2021-02-24,2021-03-10,2306,112,3,336,Jacket,Cardigan,XS,violet,40,2,14
480,Hurleigh Sieb,Genderfluid,32,Port Sarah,Queensland,2021-07-16,2021-08-07,3083,119,1,119,Shirt,Casual Slim Fit,S,violet,50,7,22
481,Hurleigh Sieb,Genderfluid,32,Port Sarah,Queensland,2021-07-16,2021-08-07,3084,118,1,118,Jacket,Puffer,S,violet,46,7,22
482,Hurleigh Sieb,Genderfluid,32,Port Sarah,Queensland,2021-07-16,2021-08-07,3085,95,3,285,Shirt,Polo,XS,indigo,47,7,22
483,Hurleigh Sieb,Genderfluid,32,Port Sarah,Queensland,2021-07-16,2021-08-07,3086,118,1,118,Jacket,Puffer,M,green,72,7,22
484,Hurleigh Sieb,Genderfluid,32,Port Sarah,Queensland,2021-04-11,2021-05-08,4277,100,2,200,Jacket,Bomber,XL,green,79,4,27
485,Hurleigh Sieb,Genderfluid,32,Port Sarah,Queensland,2021-04-11,2021-05-08,4278,106,3,318,Shirt,Chambray,XL,green,58,4,27
486,Hurleigh Sieb,Genderfluid,32,Port Sarah,Queensland,2021-04-11,2021-05-08,4279,112,2,224,Jacket,Cardigan,L,indigo,40,4,27
487,Hurleigh Sieb,Genderfluid,32,Port Sarah,Queensland,2021-04-11,2021-05-08,4280,92,3,276,Shirt,Denim,XS,green,66,4,27
488,Hurleigh Sieb,Genderfluid,32,Port Sarah,Queensland,2021-04-11,2021-05-08,4281,90,1,90,Trousers,Relaxed Leg,M,violet,46,4,27
489,Monica Teodorski,Bigender,77,South Nathan,South Australia,2021-06-29,2021-07-25,2285,112,1,112,Trousers,Tracksuit Bottoms,XS,yellow,76,6,26
490,Monica Teodorski,Bigender,77,South Nathan,South Australia,2021-06-29,2021-07-25,2286,102,2,204,Jacket,Windbreaker,L,orange,68,6,26
491,Monica Teodorski,Bigender,77,South Nathan,South Australia,2021-06-29,2021-07-25,2287,102,3,306,Jacket,Windbreaker,XS,orange,70,6,26
492,Monica Teodorski,Bigender,77,South Nathan,South Australia,2021-06-29,2021-07-25,2288,96,3,288,Shirt,Oxford Cloth,L,green,52,6,26
493,Monica Teodorski,Bigender,77,South Nathan,South Australia,2021-06-29,2021-07-25,2289,95,2,190,Shirt,Polo,L,green,68,6,26
494,Monica Teodorski,Bigender,77,South Nathan,South Australia,2021-06-29,2021-07-25,2290,98,3,294,Shirt,Camp Collared,XS,violet,72,6,26
495,Monica Teodorski,Bigender,77,South Nathan,South Australia,2021-06-29,2021-07-25,2291,113,3,339,Jacket,Parka,S,indigo,53,6,26
496,Nanny Franey,Agender,73,Joelland,Australian Capital Territory,2021-06-21,2021-06-23,2829,112,1,112,Trousers,Tracksuit Bottoms,XL,orange,42,6,2
497,Nanny Franey,Agender,73,Joelland,Australian Capital Territory,2021-06-21,2021-06-23,2830,98,1,98,Jacket,Leather,S,violet,65,6,2
498,Nanny Franey,Agender,73,Joelland,Australian Capital Territory,2021-06-21,2021-06-23,2831,112,1,112,Trousers,Tracksuit Bottoms,S,yellow,49,6,2
499,Nanny Franey,Agender,73,Joelland,Australian Capital Territory,2021-06-21,2021-06-23,2832,117,1,117,Jacket,Shearling,M,blue,73,6,2
500,Nanny Franey,Agender,73,Joelland,Australian Capital Territory,2021-06-21,2021-06-23,2833,96,2,192,Shirt,Oxford Cloth,L,red,69,6,2
501,Nanny Franey,Agender,73,Joelland,Australian Capital Territory,2021-06-21,2021-06-23,2834,91,1,91,Jacket,Pullover,L,orange,56,6,2
502,Nanny Franey,Agender,73,Joelland,Australian Capital Territory,2021-06-21,2021-06-23,2835,97,1,97,Trousers,Slim-Fit,L,orange,66,6,2
503,Rachel Colebrook,Genderqueer,38,Stokestown,Australian Capital Territory,2021-03-29,2021-03-31,429,92,1,92,Shirt,Denim,XS,green,66,3,2
504,Rachel Colebrook,Genderqueer,38,Stokestown,Australian Capital Territory,2021-03-29,2021-03-31,430,98,1,98,Jacket,Leather,S,green,77,3,2
505,Rachel Colebrook,Genderqueer,38,Stokestown,Australian Capital Territory,2021-03-29,2021-03-31,431,113,3,339,Trousers,Chinos,S,green,61,3,2
506,Rachel Colebrook,Genderqueer,38,Stokestown,Australian Capital Territory,2021-03-29,2021-03-31,432,99,1,99,Trousers,High-Waisted,L,indigo,55,3,2
507,Rachel Colebrook,Genderqueer,38,Stokestown,Australian Capital Territory,2021-03-29,2021-03-31,433,105,3,315,Shirt,Cuban Collar,M,indigo,58,3,2
508,Rachel Colebrook,Genderqueer,38,Stokestown,Australian Capital Territory,2021-03-29,2021-03-31,434,105,3,315,Trousers,Pleated,XL,green,55,3,2
509,Rachel Colebrook,Genderqueer,38,Stokestown,Australian Capital Territory,2021-03-29,2021-03-31,435,98,1,98,Jacket,Leather,XS,blue,77,3,2
510,Rachel Colebrook,Genderqueer,38,Stokestown,Australian Capital Territory,2021-03-29,2021-03-31,436,118,1,118,Jacket,Puffer,S,blue,76,3,2
511,Rachel Colebrook,Genderqueer,38,Stokestown,Australian Capital Territory,2021-01-02,2021-01-07,4187,90,1,90,Trousers,Relaxed Leg,S,green,51,1,5
512,Rachel Colebrook,Genderqueer,38,Stokestown,Australian Capital Territory,2021-01-02,2021-01-07,4188,104,2,208,Shirt,Dress,M,green,65,1,5
513,Rachel Colebrook,Genderqueer,38,Stokestown,Australian Capital Territory,2021-01-02,2021-01-07,4189,95,3,285,Shirt,Polo,XL,violet,79,1,5
514,Rachel Colebrook,Genderqueer,38,Stokestown,Australian Capital Territory,2021-01-02,2021-01-07,4190,96,2,192,Trousers,Drawstring,M,yellow,55,1,5
515,Rachel Colebrook,Genderqueer,38,Stokestown,Australian Capital Territory,2021-01-02,2021-01-07,4191,94,3,282,Shirt,Henley,XL,indigo,52,1,5
516,Sandy Yushachkov,Genderfluid,35,Claudiaview,Western Australia,2021-10-08,2021-10-20,1113,102,2,204,Jacket,Windbreaker,L,violet,72,10,12
517,Sandy Yushachkov,Genderfluid,35,Claudiaview,Western Australia,2021-10-08,2021-10-20,1114,113,1,113,Jacket,Parka,XS,violet,59,10,12
518,Sandy Yushachkov,Genderfluid,35,Claudiaview,Western Australia,2021-10-08,2021-10-20,1115,91,3,273,Shirt,Linen,XS,orange,70,10,12
519,Sandy Yushachkov,Genderfluid,35,Claudiaview,Western Australia,2021-08-04,2021-08-16,2993,90,2,180,Trousers,Relaxed Leg,L,blue,61,8,12
520,Sandy Yushachkov,Genderfluid,35,Claudiaview,Western Australia,2021-01-14,2021-01-25,3498,106,3,318,Shirt,Chambray,S,blue,61,1,11
521,Sandy Yushachkov,Genderfluid,35,Claudiaview,Western Australia,2021-01-14,2021-01-25,3499,104,2,208,Shirt,Dress,XL,blue,66,1,11
522,Sandy Yushachkov,Genderfluid,35,Claudiaview,Western Australia,2021-01-14,2021-01-25,3500,96,2,192,Trousers,Drawstring,M,green,52,1,11
523,Sandy Yushachkov,Genderfluid,35,Claudiaview,Western Australia,2021-01-14,2021-01-25,3501,115,2,230,Trousers,Cropped,XS,orange,78,1,11
524,Sandy Yushachkov,Genderfluid,35,Claudiaview,Western Australia,2021-01-14,2021-01-25,3502,106,2,212,Trousers,Wool,XS,red,44,1,11
525,Sandy Yushachkov,Genderfluid,35,Claudiaview,Western Australia,2021-01-14,2021-01-25,3503,106,3,318,Trousers,Wool,L,indigo,41,1,11
526,Sandy Yushachkov,Genderfluid,35,Claudiaview,Western Australia,2021-01-14,2021-01-25,3504,113,3,339,Jacket,Parka,S,red,66,1,11
527,Sandy Yushachkov,Genderfluid,35,Claudiaview,Western Australia,2021-01-14,2021-01-25,3505,106,2,212,Trousers,Wool,M,indigo,56,1,11
528,Sandy Yushachkov,Genderfluid,35,Claudiaview,Western Australia,2021-01-14,2021-01-25,3506,117,3,351,Jacket,Shearling,L,indigo,66,1,11
529,Sandy Yushachkov,Genderfluid,35,Claudiaview,Western Australia,2021-01-14,2021-01-25,3507,115,1,115,Trousers,Cropped,S,indigo,65,1,11
530,Sandy Yushachkov,Genderfluid,35,Claudiaview,Western Australia,2021-01-25,2021-02-14,3714,98,2,196,Jacket,Leather,L,indigo,79,1,20
531,Sandy Yushachkov,Genderfluid,35,Claudiaview,Western Australia,2021-01-25,2021-02-14,3715,106,2,212,Shirt,Chambray,XS,red,48,1,20
532,Sandy Yushachkov,Genderfluid,35,Claudiaview,Western Australia,2021-01-25,2021-02-14,3716,106,3,318,Trousers,Wool,XL,indigo,51,1,20
533,Sandy Yushachkov,Genderfluid,35,Claudiaview,Western Australia,2021-01-25,2021-02-14,3717,93,1,93,Trousers,Joggers,L,orange,49,1,20
534,Sandy Yushachkov,Genderfluid,35,Claudiaview,Western Australia,2021-01-25,2021-02-14,3718,93,1,93,Trousers,Joggers,XL,violet,40,1,20
535,Sandy Yushachkov,Genderfluid,35,Claudiaview,Western Australia,2021-01-25,2021-02-14,3719,104,2,208,Shirt,Dress,L,orange,73,1,20
536,Merrill Care,Bigender,57,Port Rosemouth,Queensland,2021-10-08,2021-10-13,3948,98,1,98,Shirt,Camp Collared,XL,orange,48,10,5
537,Merrill Care,Bigender,57,Port Rosemouth,Queensland,2021-10-08,2021-10-13,3949,98,2,196,Jacket,Leather,L,red,76,10,5
538,Merrill Care,Bigender,57,Port Rosemouth,Queensland,2021-10-08,2021-10-13,3950,96,3,288,Shirt,Oxford Cloth,L,green,52,10,5
539,Merrill Care,Bigender,57,Port Rosemouth,Queensland,2021-10-08,2021-10-13,3951,117,2,234,Jacket,Shearling,XS,indigo,68,10,5
540,Merrill Care,Bigender,57,Port Rosemouth,Queensland,2021-10-08,2021-10-13,3952,102,1,102,Jacket,Windbreaker,XS,red,79,10,5
541,Merrill Care,Bigender,57,Port Rosemouth,Queensland,2021-10-08,2021-10-13,3953,99,3,297,Trousers,High-Waisted,M,orange,69,10,5
542,Merrill Care,Bigender,57,Port Rosemouth,Queensland,2021-04-20,2021-05-03,4454,119,2,238,Shirt,Casual Slim Fit,XS,yellow,63,4,13
543,Merrill Care,Bigender,57,Port Rosemouth,Queensland,2021-06-18,2021-07-14,4799,91,1,91,Jacket,Pullover,M,violet,78,6,26
544,Merrill Care,Bigender,57,Port Rosemouth,Queensland,2021-06-18,2021-07-14,4800,102,2,204,Jacket,Windbreaker,L,blue,41,6,26
545,Merrill Care,Bigender,57,Port Rosemouth,Queensland,2021-06-18,2021-07-14,4801,119,3,357,Jacket,Trench Coat,M,orange,43,6,26
546,Merrill Care,Bigender,57,Port Rosemouth,Queensland,2021-06-18,2021-07-14,4802,105,1,105,Shirt,Cuban Collar,L,blue,65,6,26
547,Merrill Care,Bigender,57,Port Rosemouth,Queensland,2021-06-18,2021-07-14,4803,102,3,306,Jacket,Windbreaker,L,red,40,6,26
548,Merrill Care,Bigender,57,Port Rosemouth,Queensland,2021-06-18,2021-07-14,4804,105,3,315,Shirt,Cuban Collar,L,yellow,77,6,26
549,Giralda Trewin,Genderfluid,65,Bartolettifurt,Western Australia,2021-04-30,2021-05-01,961,93,1,93,Trousers,Joggers,XS,green,77,4,1
550,Giralda Trewin,Genderfluid,65,Bartolettifurt,Western Australia,2021-04-30,2021-05-01,962,112,2,224,Trousers,Tracksuit Bottoms,XL,green,49,4,1
551,Giralda Trewin,Genderfluid,65,Bartolettifurt,Western Australia,2021-04-30,2021-05-01,963,113,2,226,Jacket,Parka,M,violet,75,4,1
552,Giralda Trewin,Genderfluid,65,Bartolettifurt,Western Australia,2021-04-30,2021-05-01,964,95,3,285,Shirt,Polo,XL,orange,43,4,1
553,Giralda Trewin,Genderfluid,65,Bartolettifurt,Western Australia,2021-04-30,2021-05-01,965,113,1,113,Trousers,Chinos,XL,blue,48,4,1
554,Eada Viccary,Female,52,North Edwardshire,Northern Territory,2021-08-03,2021-08-09,2378,93,3,279,Jacket,Coach,XS,red,71,8,6
555,Eada Viccary,Female,52,North Edwardshire,Northern Territory,2021-08-03,2021-08-09,2379,94,1,94,Trousers,Cords,M,red,68,8,6
556,Eada Viccary,Female,52,North Edwardshire,Northern Territory,2021-08-03,2021-08-09,2380,119,2,238,Jacket,Trench Coat,XL,blue,69,8,6
557,Eada Viccary,Female,52,North Edwardshire,Northern Territory,2021-08-03,2021-08-09,2381,102,3,306,Trousers,Cargo Pants,L,yellow,71,8,6
558,Hadlee Douthwaite,Female,42,West Hamish,South Australia,2021-01-12,2021-02-05,1419,107,3,321,Jacket,Denim,L,blue,42,1,24
559,Hadlee Douthwaite,Female,42,West Hamish,South Australia,2021-01-12,2021-02-05,1420,117,3,351,Jacket,Shearling,XS,orange,54,1,24
560,Hadlee Douthwaite,Female,42,West Hamish,South Australia,2021-01-12,2021-02-05,1421,91,3,273,Jacket,Pullover,XS,violet,61,1,24
561,Hadlee Douthwaite,Female,42,West Hamish,South Australia,2021-01-12,2021-02-05,1422,105,2,210,Shirt,Cuban Collar,M,orange,49,1,24
562,Hadlee Douthwaite,Female,42,West Hamish,South Australia,2021-01-12,2021-02-05,1423,106,1,106,Shirt,Chambray,M,yellow,62,1,24
563,Hadlee Douthwaite,Female,42,West Hamish,South Australia,2021-01-12,2021-02-05,1424,117,1,117,Jacket,Shearling,S,red,75,1,24
564,Hew Cardinal,Agender,57,North Ruby,South Australia,2021-07-11,2021-07-14,793,109,1,109,Jacket,Peacoat,L,orange,45,7,3
565,Hew Cardinal,Agender,57,North Ruby,South Australia,2021-07-11,2021-07-14,794,117,3,351,Jacket,Shearling,M,blue,73,7,3
566,Hew Cardinal,Agender,57,North Ruby,South Australia,2021-07-11,2021-07-14,795,109,1,109,Jacket,Peacoat,XS,orange,78,7,3
567,Hew Cardinal,Agender,57,North Ruby,South Australia,2021-07-11,2021-07-14,796,93,2,186,Jacket,Coach,S,violet,74,7,3
568,Hew Cardinal,Agender,57,North Ruby,South Australia,2021-07-11,2021-07-14,797,106,2,212,Shirt,Chambray,M,orange,43,7,3
569,Hew Cardinal,Agender,57,North Ruby,South Australia,2021-07-11,2021-07-14,798,107,3,321,Jacket,Denim,XS,yellow,52,7,3
570,Erik Osgar,Genderfluid,35,Zacharyborough,Northern Territory,2021-08-02,2021-08-15,4930,91,1,91,Jacket,Pullover,XS,indigo,78,8,13
571,Erik Osgar,Genderfluid,35,Zacharyborough,Northern Territory,2021-08-02,2021-08-15,4931,105,3,315,Shirt,Cuban Collar,M,blue,55,8,13
572,Erik Osgar,Genderfluid,35,Zacharyborough,Northern Territory,2021-08-02,2021-08-15,4932,93,3,279,Trousers,Joggers,M,red,43,8,13
573,Alexei Hurburt,Female,75,New Ellieland,Tasmania,2021-07-22,2021-08-08,4853,90,3,270,Trousers,Relaxed Leg,S,red,70,7,17
574,Alexei Hurburt,Female,75,New Ellieland,Tasmania,2021-07-22,2021-08-08,4854,100,2,200,Jacket,Bomber,L,green,78,7,17
575,Alexei Hurburt,Female,75,New Ellieland,Tasmania,2021-07-22,2021-08-08,4855,92,1,92,Shirt,Denim,L,green,71,7,17
576,Alexei Hurburt,Female,75,New Ellieland,Tasmania,2021-07-22,2021-08-08,4856,97,3,291,Trousers,Slim-Fit,M,orange,44,7,17
577,Alexei Hurburt,Female,75,New Ellieland,Tasmania,2021-07-22,2021-08-08,4857,99,1,99,Trousers,High-Waisted,XL,violet,74,7,17
578,Alexei Hurburt,Female,75,New Ellieland,Tasmania,2021-07-22,2021-08-08,4858,109,1,109,Shirt,Mandarin Collar,XL,orange,59,7,17
579,Alexei Hurburt,Female,75,New Ellieland,Tasmania,2021-07-22,2021-08-08,4859,105,2,210,Trousers,Pleated,XS,violet,58,7,17
580,Alexei Hurburt,Female,75,New Ellieland,Tasmania,2021-07-22,2021-08-08,4860,118,2,236,Jacket,Puffer,L,blue,48,7,17
581,Alexei Hurburt,Female,75,New Ellieland,Tasmania,2021-07-22,2021-08-08,4861,91,1,91,Shirt,Linen,L,blue,70,7,17
582,Alexei Hurburt,Female,75,New Ellieland,Tasmania,2021-07-22,2021-08-08,4862,113,2,226,Trousers,Chinos,S,orange,58,7,17
583,Meghan Simic,Male,57,South Cameron,Australian Capital Territory,2021-01-03,2021-01-10,4130,97,3,291,Trousers,Slim-Fit,S,green,70,1,7
584,Meghan Simic,Male,57,South Cameron,Australian Capital Territory,2021-01-03,2021-01-10,4131,109,2,218,Shirt,Mandarin Collar,M,red,60,1,7
585,Meghan Simic,Male,57,South Cameron,Australian Capital Territory,2021-01-03,2021-01-10,4132,93,3,279,Trousers,Joggers,XL,violet,40,1,7
586,Didi Garton,Polygender,60,Carterbury,Queensland,2021-06-30,2021-07-11,48,91,1,91,Jacket,Pullover,M,yellow,49,6,11
587,Didi Garton,Polygender,60,Carterbury,Queensland,2021-06-30,2021-07-11,49,93,2,186,Jacket,Coach,M,red,76,6,11
588,Didi Garton,Polygender,60,Carterbury,Queensland,2021-06-30,2021-07-11,50,113,3,339,Trousers,Chinos,S,orange,58,6,11
589,Didi Garton,Polygender,60,Carterbury,Queensland,2021-06-30,2021-07-11,51,98,1,98,Shirt,Camp Collared,XS,orange,52,6,11
590,Yardley Dreamer,Female,22,Jordanborough,Tasmania,2021-10-09,2021-10-22,2237,91,1,91,Jacket,Pullover,M,indigo,72,10,13
591,Yardley Dreamer,Female,22,Jordanborough,Tasmania,2021-10-09,2021-10-22,2238,98,1,98,Jacket,Leather,S,red,80,10,13
592,Yardley Dreamer,Female,22,Jordanborough,Tasmania,2021-04-11,2021-05-06,3784,102,3,306,Trousers,Cargo Pants,XS,green,63,4,25
593,Yardley Dreamer,Female,22,Jordanborough,Tasmania,2021-04-11,2021-05-06,3785,105,3,315,Shirt,Cuban Collar,S,violet,43,4,25
594,Yardley Dreamer,Female,22,Jordanborough,Tasmania,2021-04-11,2021-05-06,3786,117,3,351,Jacket,Shearling,M,green,59,4,25
595,Yardley Dreamer,Female,22,Jordanborough,Tasmania,2021-04-11,2021-05-06,3787,91,2,182,Jacket,Pullover,M,red,55,4,25
596,Yardley Dreamer,Female,22,Jordanborough,Tasmania,2021-04-11,2021-05-06,3788,96,2,192,Shirt,Oxford Cloth,M,blue,57,4,25
597,Yardley Dreamer,Female,22,Jordanborough,Tasmania,2021-04-11,2021-05-06,3789,104,1,104,Shirt,Dress,XL,violet,77,4,25
598,Yardley Dreamer,Female,22,Jordanborough,Tasmania,2021-02-08,2021-02-18,4622,107,2,214,Jacket,Denim,S,orange,51,2,10
599,Yardley Dreamer,Female,22,Jordanborough,Tasmania,2021-02-08,2021-02-18,4623,118,2,236,Jacket,Puffer,XL,yellow,65,2,10
600,Yardley Dreamer,Female,22,Jordanborough,Tasmania,2021-02-08,2021-02-18,4624,117,1,117,Jacket,Shearling,XL,violet,70,2,10
601,Yardley Dreamer,Female,22,Jordanborough,Tasmania,2021-02-08,2021-02-18,4625,117,2,234,Jacket,Shearling,XS,orange,54,2,10
602,Yardley Dreamer,Female,22,Jordanborough,Tasmania,2021-02-08,2021-02-18,4626,113,1,113,Trousers,Chinos,XS,indigo,61,2,10
603,Yardley Dreamer,Female,22,Jordanborough,Tasmania,2021-02-08,2021-02-18,4627,93,1,93,Jacket,Coach,S,violet,74,2,10
604,Yardley Dreamer,Female,22,Jordanborough,Tasmania,2021-02-08,2021-02-18,4628,102,3,306,Trousers,Cargo Pants,L,indigo,46,2,10
605,Yardley Dreamer,Female,22,Jordanborough,Tasmania,2021-03-30,2021-04-07,4907,113,1,113,Trousers,Chinos,M,blue,41,3,8
606,Yardley Dreamer,Female,22,Jordanborough,Tasmania,2021-03-30,2021-04-07,4908,113,1,113,Jacket,Parka,XL,indigo,78,3,8
607,Yardley Dreamer,Female,22,Jordanborough,Tasmania,2021-03-30,2021-04-07,4909,109,2,218,Shirt,Mandarin Collar,M,red,60,3,8
608,Yardley Dreamer,Female,22,Jordanborough,Tasmania,2021-03-30,2021-04-07,4910,94,3,282,Trousers,Cords,XL,violet,73,3,8
609,Yardley Dreamer,Female,22,Jordanborough,Tasmania,2021-03-30,2021-04-07,4911,112,1,112,Trousers,Tracksuit Bottoms,L,red,43,3,8
610,Yardley Dreamer,Female,22,Jordanborough,Tasmania,2021-03-30,2021-04-07,4912,93,2,186,Jacket,Coach,XL,indigo,67,3,8
611,Pate De Ambrosis,Non-binary,54,Donnellyfort,New South Wales,2021-04-04,2021-04-17,99,96,1,96,Shirt,Oxford Cloth,M,orange,77,4,13
612,Pate De Ambrosis,Non-binary,54,Donnellyfort,New South Wales,2021-04-04,2021-04-17,100,105,2,210,Shirt,Cuban Collar,L,green,58,4,13
613,Pate De Ambrosis,Non-binary,54,Donnellyfort,New South Wales,2021-04-04,2021-04-17,101,94,2,188,Trousers,Cords,S,violet,65,4,13
614,Lesli Pitfield,Bigender,77,Angelinaville,Tasmania,2021-09-29,2021-10-01,2530,93,1,93,Jacket,Coach,L,yellow,53,9,2
615,Lesli Pitfield,Bigender,77,Angelinaville,Tasmania,2021-09-29,2021-10-01,2531,112,3,336,Trousers,Tracksuit Bottoms,S,green,72,9,2
616,Lesli Pitfield,Bigender,77,Angelinaville,Tasmania,2021-09-29,2021-10-01,2532,104,1,104,Shirt,Dress,XL,yellow,75,9,2
617,Lesli Pitfield,Bigender,77,Angelinaville,Tasmania,2021-09-29,2021-10-01,2533,94,1,94,Trousers,Cords,L,green,62,9,2
618,Lesli Pitfield,Bigender,77,Angelinaville,Tasmania,2021-09-29,2021-10-01,2534,90,3,270,Trousers,Relaxed Leg,XL,green,64,9,2
619,Lesli Pitfield,Bigender,77,Angelinaville,Tasmania,2021-09-29,2021-10-01,2535,90,2,180,Trousers,Relaxed Leg,L,orange,78,9,2
620,Lesli Pitfield,Bigender,77,Angelinaville,Tasmania,2021-09-29,2021-10-01,2536,99,3,297,Trousers,High-Waisted,L,red,52,9,2
621,Lesli Pitfield,Bigender,77,Angelinaville,Tasmania,2021-09-29,2021-10-01,2537,119,2,238,Shirt,Casual Slim Fit,L,indigo,60,9,2
622,Merl Gayforth,Genderfluid,30,South Adam,Western Australia,2021-01-11,2021-02-03,481,104,2,208,Shirt,Dress,XL,red,47,1,23
623,Merl Gayforth,Genderfluid,30,South Adam,Western Australia,2021-01-11,2021-02-03,482,119,1,119,Shirt,Casual Slim Fit,L,red,78,1,23
624,Merl Gayforth,Genderfluid,30,South Adam,Western Australia,2021-01-11,2021-02-03,483,109,2,218,Shirt,Mandarin Collar,XL,violet,71,1,23
625,Merl Gayforth,Genderfluid,30,South Adam,Western Australia,2021-01-11,2021-02-03,484,98,3,294,Shirt,Camp Collared,L,indigo,72,1,23
626,Merl Gayforth,Genderfluid,30,South Adam,Western Australia,2021-01-11,2021-02-03,485,94,1,94,Trousers,Cords,M,orange,53,1,23
627,Merl Gayforth,Genderfluid,30,South Adam,Western Australia,2021-01-11,2021-02-03,486,106,2,212,Shirt,Chambray,M,violet,72,1,23
628,Daisy Camillo,Male,48,Jacobsland,Northern Territory,2021-06-12,2021-06-28,4680,117,3,351,Jacket,Shearling,XS,orange,54,6,16
629,Daisy Camillo,Male,48,Jacobsland,Northern Territory,2021-06-12,2021-06-28,4681,94,3,282,Shirt,Henley,S,yellow,70,6,16
630,Daisy Camillo,Male,48,Jacobsland,Northern Territory,2021-06-12,2021-06-28,4682,100,1,100,Jacket,Bomber,M,red,79,6,16
631,Daisy Camillo,Male,48,Jacobsland,Northern Territory,2021-06-12,2021-06-28,4683,98,2,196,Jacket,Leather,M,blue,60,6,16
632,Daisy Camillo,Male,48,Jacobsland,Northern Territory,2021-06-12,2021-06-28,4684,94,1,94,Shirt,Henley,XS,violet,50,6,16
633,Daisy Camillo,Male,48,Jacobsland,Northern Territory,2021-06-12,2021-06-28,4685,102,2,204,Trousers,Cargo Pants,XL,yellow,52,6,16
634,Daisy Camillo,Male,48,Jacobsland,Northern Territory,2021-06-12,2021-06-28,4686,92,3,276,Shirt,Denim,S,blue,47,6,16
635,Beatrisa Winterscale,Non-binary,68,Port Harrychester,Western Australia,2021-04-15,2021-04-22,984,118,3,354,Shirt,Flannel,XL,violet,43,4,7
636,Beatrisa Winterscale,Non-binary,68,Port Harrychester,Western Australia,2021-04-15,2021-04-22,985,98,3,294,Shirt,Camp Collared,M,orange,65,4,7
637,Beatrisa Winterscale,Non-binary,68,Port Harrychester,Western Australia,2021-04-15,2021-04-22,986,99,1,99,Trousers,High-Waisted,M,blue,52,4,7
638,Beatrisa Winterscale,Non-binary,68,Port Harrychester,Western Australia,2021-04-15,2021-04-22,987,91,3,273,Shirt,Linen,XL,violet,73,4,7
639,Beatrisa Winterscale,Non-binary,68,Port Harrychester,Western Australia,2021-04-15,2021-04-22,988,106,1,106,Shirt,Chambray,XL,yellow,53,4,7
640,Beatrisa Winterscale,Non-binary,68,Port Harrychester,Western Australia,2021-04-15,2021-04-22,989,113,1,113,Trousers,Chinos,XS,blue,69,4,7
641,Beatrisa Winterscale,Non-binary,68,Port Harrychester,Western Australia,2021-10-08,2021-10-25,2063,91,1,91,Jacket,Pullover,L,indigo,50,10,17
642,Beatrisa Winterscale,Non-binary,68,Port Harrychester,Western Australia,2021-10-08,2021-10-25,2064,102,3,306,Trousers,Cargo Pants,S,blue,63,10,17
643,Beatrisa Winterscale,Non-binary,68,Port Harrychester,Western Australia,2021-10-08,2021-10-25,2065,95,1,95,Shirt,Polo,XS,indigo,47,10,17
644,Beatrisa Winterscale,Non-binary,68,Port Harrychester,Western Australia,2021-10-08,2021-10-25,2066,106,3,318,Shirt,Chambray,M,orange,43,10,17
645,Beatrisa Winterscale,Non-binary,68,Port Harrychester,Western Australia,2021-10-08,2021-10-25,2067,90,3,270,Trousers,Relaxed Leg,M,yellow,68,10,17
646,Beatrisa Winterscale,Non-binary,68,Port Harrychester,Western Australia,2021-10-08,2021-10-25,2068,96,1,96,Shirt,Oxford Cloth,L,violet,73,10,17
647,Beatrisa Winterscale,Non-binary,68,Port Harrychester,Western Australia,2021-10-08,2021-10-25,2069,98,3,294,Shirt,Camp Collared,M,orange,65,10,17
648,Beatrisa Winterscale,Non-binary,68,Port Harrychester,Western Australia,2021-07-01,2021-07-16,4662,106,2,212,Trousers,Wool,S,yellow,69,7,15
649,Beatrisa Winterscale,Non-binary,68,Port Harrychester,Western Australia,2021-07-01,2021-07-16,4663,113,1,113,Trousers,Chinos,L,red,44,7,15
650,Beatrisa Winterscale,Non-binary,68,Port Harrychester,Western Australia,2021-07-01,2021-07-16,4664,102,2,204,Trousers,Cargo Pants,M,red,52,7,15
651,Beatrisa Winterscale,Non-binary,68,Port Harrychester,Western Australia,2021-07-01,2021-07-16,4665,90,3,270,Trousers,Relaxed Leg,XS,orange,64,7,15
652,Beatrisa Winterscale,Non-binary,68,Port Harrychester,Western Australia,2021-07-01,2021-07-16,4666,96,1,96,Trousers,Drawstring,M,yellow,55,7,15
653,Beatrisa Winterscale,Non-binary,68,Port Harrychester,Western Australia,2021-07-01,2021-07-16,4667,96,2,192,Trousers,Drawstring,S,green,73,7,15
654,Beatrisa Winterscale,Non-binary,68,Port Harrychester,Western Australia,2021-07-01,2021-07-16,4668,106,3,318,Shirt,Chambray,M,violet,72,7,15
655,Beatrisa Winterscale,Non-binary,68,Port Harrychester,Western Australia,2021-07-01,2021-07-16,4669,95,3,285,Shirt,Polo,M,green,62,7,15
656,Bette-ann Harteley,Bigender,49,Shieldsside,Tasmania,2021-09-18,2021-10-10,1133,96,3,288,Trousers,Drawstring,S,violet,40,9,22
657,Bette-ann Harteley,Bigender,49,Shieldsside,Tasmania,2021-09-18,2021-10-10,1134,106,3,318,Shirt,Chambray,XL,violet,54,9,22
658,Bette-ann Harteley,Bigender,49,Shieldsside,Tasmania,2021-09-18,2021-10-10,1135,91,1,91,Shirt,Linen,XL,violet,73,9,22
659,Raul Pockey,Male,64,South Hannah,Victoria,2021-02-07,2021-02-08,3531,93,1,93,Trousers,Joggers,L,violet,60,2,1
660,Raul Pockey,Male,64,South Hannah,Victoria,2021-02-07,2021-02-08,3532,93,1,93,Jacket,Coach,XL,green,48,2,1
661,Raul Pockey,Male,64,South Hannah,Victoria,2021-02-07,2021-02-08,3533,100,1,100,Jacket,Bomber,S,indigo,41,2,1
662,Raul Pockey,Male,64,South Hannah,Victoria,2021-02-07,2021-02-08,3534,100,2,200,Jacket,Bomber,L,indigo,51,2,1
663,Raul Pockey,Male,64,South Hannah,Victoria,2021-02-07,2021-02-08,3535,119,1,119,Jacket,Trench Coat,L,orange,70,2,1
664,Mycah Rodie,Genderfluid,25,Port Abigail,Western Australia,2021-07-17,2021-07-26,2746,91,3,273,Shirt,Linen,S,red,67,7,9
665,Mycah Rodie,Genderfluid,25,Port Abigail,Western Australia,2021-07-17,2021-07-26,2747,117,2,234,Jacket,Shearling,S,indigo,45,7,9
666,Mycah Rodie,Genderfluid,25,Port Abigail,Western Australia,2021-10-03,2021-10-16,3614,117,3,351,Jacket,Shearling,S,violet,49,10,13
667,Mycah Rodie,Genderfluid,25,Port Abigail,Western Australia,2021-10-03,2021-10-16,3615,106,1,106,Trousers,Wool,XL,indigo,51,10,13
668,Mycah Rodie,Genderfluid,25,Port Abigail,Western Australia,2021-10-03,2021-10-16,3616,93,3,279,Trousers,Joggers,XS,red,65,10,13
669,Mycah Rodie,Genderfluid,25,Port Abigail,Western Australia,2021-10-03,2021-10-16,3617,98,3,294,Jacket,Leather,XS,indigo,78,10,13
670,Vida Matchitt,Male,73,Hudsonberg,Australian Capital Territory,2021-02-23,2021-03-08,4183,102,2,204,Jacket,Windbreaker,S,green,65,2,13
671,Vida Matchitt,Male,73,Hudsonberg,Australian Capital Territory,2021-02-23,2021-03-08,4184,119,1,119,Jacket,Trench Coat,XS,violet,64,2,13
672,Vida Matchitt,Male,73,Hudsonberg,Australian Capital Territory,2021-02-23,2021-03-08,4185,106,3,318,Shirt,Chambray,XS,violet,47,2,13
673,Vida Matchitt,Male,73,Hudsonberg,Australian Capital Territory,2021-02-23,2021-03-08,4186,94,3,282,Trousers,Cords,S,green,78,2,13
674,Valerie D'Errico,Bigender,75,Chelseaview,South Australia,2021-06-29,2021-07-01,2925,94,1,94,Shirt,Henley,M,orange,70,6,2
675,Valerie D'Errico,Bigender,75,Chelseaview,South Australia,2021-06-29,2021-07-01,2926,117,2,234,Jacket,Shearling,M,indigo,74,6,2
676,Valerie D'Errico,Bigender,75,Chelseaview,South Australia,2021-06-29,2021-07-01,2927,93,2,186,Jacket,Coach,XS,violet,58,6,2
677,Valerie D'Errico,Bigender,75,Chelseaview,South Australia,2021-06-29,2021-07-01,2928,100,2,200,Jacket,Bomber,L,indigo,51,6,2
678,Elaina Agate,Male,60,Richardshaven,South Australia,2021-07-16,2021-08-09,3690,95,3,285,Shirt,Polo,XS,green,45,7,24
679,Elaina Agate,Male,60,Richardshaven,South Australia,2021-07-16,2021-08-09,3691,105,3,315,Trousers,Pleated,XS,orange,74,7,24
680,Elaina Agate,Male,60,Richardshaven,South Australia,2021-07-16,2021-08-09,3692,94,2,188,Shirt,Henley,M,orange,70,7,24
681,Elaina Agate,Male,60,Richardshaven,South Australia,2021-07-16,2021-08-09,3693,105,2,210,Trousers,Pleated,M,orange,57,7,24
682,Lawry Mannooch,Agender,50,North Kayla,Western Australia,2021-08-08,2021-08-24,1919,95,2,190,Shirt,Polo,L,violet,76,8,16
683,Lawry Mannooch,Agender,50,North Kayla,Western Australia,2021-08-08,2021-08-24,1920,107,2,214,Jacket,Denim,XS,blue,49,8,16
684,Lawry Mannooch,Agender,50,North Kayla,Western Australia,2021-08-08,2021-08-24,1921,113,1,113,Jacket,Parka,L,yellow,72,8,16
685,Lawry Mannooch,Agender,50,North Kayla,Western Australia,2021-08-08,2021-08-24,1922,99,1,99,Trousers,High-Waisted,M,green,51,8,16
686,Ikey Spohr,Polygender,53,North Scarlettborough,Northern Territory,2021-07-16,2021-08-01,4670,117,3,351,Jacket,Shearling,XS,green,74,7,16
687,Ikey Spohr,Polygender,53,North Scarlettborough,Northern Territory,2021-07-16,2021-08-01,4671,106,3,318,Shirt,Chambray,XS,indigo,75,7,16
688,Ikey Spohr,Polygender,53,North Scarlettborough,Northern Territory,2021-07-16,2021-08-01,4672,105,3,315,Shirt,Cuban Collar,M,yellow,49,7,16
689,Ikey Spohr,Polygender,53,North Scarlettborough,Northern Territory,2021-07-16,2021-08-01,4673,119,3,357,Shirt,Casual Slim Fit,XS,blue,55,7,16
690,Ikey Spohr,Polygender,53,North Scarlettborough,Northern Territory,2021-07-16,2021-08-01,4674,117,2,234,Jacket,Shearling,M,violet,74,7,16
691,Ikey Spohr,Polygender,53,North Scarlettborough,Northern Territory,2021-07-16,2021-08-01,4675,115,3,345,Trousers,Cropped,M,blue,56,7,16
692,Ikey Spohr,Polygender,53,North Scarlettborough,Northern Territory,2021-07-16,2021-08-01,4676,99,1,99,Trousers,High-Waisted,XL,orange,47,7,16
693,Ikey Spohr,Polygender,53,North Scarlettborough,Northern Territory,2021-07-16,2021-08-01,4677,119,3,357,Shirt,Casual Slim Fit,XL,yellow,78,7,16
694,Biddy Devanney,Male,26,Harryburgh,Tasmania,2021-06-22,2021-06-30,4644,95,3,285,Shirt,Polo,S,violet,43,6,8
695,Biddy Devanney,Male,26,Harryburgh,Tasmania,2021-06-22,2021-06-30,4645,99,2,198,Trousers,High-Waisted,S,blue,75,6,8
696,Biddy Devanney,Male,26,Harryburgh,Tasmania,2021-06-22,2021-06-30,4646,119,2,238,Shirt,Casual Slim Fit,XL,red,47,6,8
697,Myrle Kelby,Male,80,Port Sophia,New South Wales,2021-02-08,2021-03-01,2137,106,1,106,Trousers,Wool,XL,orange,56,2,21
698,Myrle Kelby,Male,80,Port Sophia,New South Wales,2021-02-08,2021-03-01,2138,91,1,91,Jacket,Pullover,M,orange,60,2,21
699,Myrle Kelby,Male,80,Port Sophia,New South Wales,2021-02-08,2021-03-01,2139,115,2,230,Trousers,Cropped,XS,orange,78,2,21
700,Myrle Kelby,Male,80,Port Sophia,New South Wales,2021-05-01,2021-05-25,3042,100,2,200,Jacket,Bomber,XS,blue,44,5,24
701,Myrle Kelby,Male,80,Port Sophia,New South Wales,2021-05-01,2021-05-25,3043,92,2,184,Shirt,Denim,L,indigo,58,5,24
702,Myrle Kelby,Male,80,Port Sophia,New South Wales,2021-05-01,2021-05-25,3044,94,3,282,Trousers,Cords,S,green,78,5,24
703,Myrle Kelby,Male,80,Port Sophia,New South Wales,2021-05-01,2021-05-25,3045,91,3,273,Shirt,Linen,S,orange,42,5,24
704,Cosmo Leys,Female,24,Kaiberg,Western Australia,2021-06-19,2021-07-07,1481,93,1,93,Trousers,Joggers,M,red,43,6,18
705,Cosmo Leys,Female,24,Kaiberg,Western Australia,2021-06-19,2021-07-07,1482,98,2,196,Jacket,Leather,L,red,76,6,18
706,Cosmo Leys,Female,24,Kaiberg,Western Australia,2021-06-19,2021-07-07,1483,96,1,96,Trousers,Drawstring,S,green,73,6,18
707,Cosmo Leys,Female,24,Kaiberg,Western Australia,2021-06-22,2021-07-08,3328,102,3,306,Trousers,Cargo Pants,XL,violet,77,6,16
708,Cosmo Leys,Female,24,Kaiberg,Western Australia,2021-06-22,2021-07-08,3329,119,1,119,Jacket,Trench Coat,M,violet,61,6,16
709,Cosmo Leys,Female,24,Kaiberg,Western Australia,2021-06-22,2021-07-08,3330,93,1,93,Trousers,Joggers,XL,red,58,6,16
710,Cosmo Leys,Female,24,Kaiberg,Western Australia,2021-06-22,2021-07-08,3331,112,3,336,Jacket,Cardigan,L,yellow,50,6,16
711,Cosmo Leys,Female,24,Kaiberg,Western Australia,2021-06-22,2021-07-08,3332,109,3,327,Shirt,Mandarin Collar,L,indigo,53,6,16
712,Cosmo Leys,Female,24,Kaiberg,Western Australia,2021-06-22,2021-07-08,3333,109,1,109,Shirt,Mandarin Collar,XS,blue,59,6,16
713,Ann-marie Sinden,Genderqueer,33,Johnschester,New South Wales,2021-04-16,2021-04-28,269,99,1,99,Trousers,High-Waisted,L,orange,78,4,12
714,Ann-marie Sinden,Genderqueer,33,Johnschester,New South Wales,2021-04-16,2021-04-28,270,106,1,106,Shirt,Chambray,XS,red,48,4,12
715,Ann-marie Sinden,Genderqueer,33,Johnschester,New South Wales,2021-04-16,2021-04-28,271,99,1,99,Trousers,High-Waisted,XS,indigo,47,4,12
716,Ann-marie Sinden,Genderqueer,33,Johnschester,New South Wales,2021-04-16,2021-04-28,272,119,3,357,Jacket,Trench Coat,XS,yellow,78,4,12
717,Ann-marie Sinden,Genderqueer,33,Johnschester,New South Wales,2021-04-16,2021-04-28,273,109,2,218,Shirt,Mandarin Collar,S,red,48,4,12
718,Christi Reston,Male,26,Hicklebury,New South Wales,2021-08-08,2021-09-02,526,96,2,192,Trousers,Drawstring,M,yellow,55,8,25
719,Christi Reston,Male,26,Hicklebury,New South Wales,2021-08-08,2021-09-02,527,95,2,190,Shirt,Polo,XS,green,45,8,25
720,Christi Reston,Male,26,Hicklebury,New South Wales,2021-08-08,2021-09-02,528,106,3,318,Trousers,Wool,M,green,41,8,25
721,Christi Reston,Male,26,Hicklebury,New South Wales,2021-08-08,2021-09-02,529,109,1,109,Jacket,Peacoat,XS,orange,78,8,25
722,Christi Reston,Male,26,Hicklebury,New South Wales,2021-08-08,2021-09-02,530,106,3,318,Trousers,Wool,S,yellow,69,8,25
723,Christi Reston,Male,26,Hicklebury,New South Wales,2021-08-08,2021-09-02,531,97,2,194,Trousers,Slim-Fit,XS,blue,55,8,25
724,Christi Reston,Male,26,Hicklebury,New South Wales,2021-08-08,2021-09-02,532,91,1,91,Shirt,Linen,S,violet,44,8,25
725,Katalin Tellesson,Agender,29,Port Jade,Western Australia,2021-06-10,2021-06-27,863,98,2,196,Shirt,Camp Collared,M,orange,65,6,17
726,Katalin Tellesson,Agender,29,Port Jade,Western Australia,2021-06-10,2021-06-27,864,119,2,238,Jacket,Trench Coat,XS,red,78,6,17
727,Katalin Tellesson,Agender,29,Port Jade,Western Australia,2021-06-10,2021-06-27,865,91,3,273,Jacket,Pullover,L,green,72,6,17
728,Katalin Tellesson,Agender,29,Port Jade,Western Australia,2021-06-10,2021-06-27,866,94,2,188,Shirt,Henley,XS,yellow,42,6,17
729,Katalin Tellesson,Agender,29,Port Jade,Western Australia,2021-06-10,2021-06-27,867,112,1,112,Trousers,Tracksuit Bottoms,XS,yellow,76,6,17
730,Katalin Tellesson,Agender,29,Port Jade,Western Australia,2021-06-10,2021-06-27,868,107,3,321,Jacket,Denim,XL,indigo,51,6,17
731,Harrietta Burchatt,Genderfluid,20,Port Elliechester,Australian Capital Territory,2021-02-27,2021-03-13,255,93,2,186,Trousers,Joggers,L,indigo,42,2,14
732,Harrietta Burchatt,Genderfluid,20,Port Elliechester,Australian Capital Territory,2021-02-27,2021-03-13,256,102,3,306,Trousers,Cargo Pants,L,indigo,46,2,14
733,Harrietta Burchatt,Genderfluid,20,Port Elliechester,Australian Capital Territory,2021-02-27,2021-03-13,257,117,1,117,Jacket,Shearling,L,red,40,2,14
734,Harrietta Burchatt,Genderfluid,20,Port Elliechester,Australian Capital Territory,2021-10-23,2021-11-09,2223,96,3,288,Trousers,Drawstring,L,yellow,68,10,17
735,Harrietta Burchatt,Genderfluid,20,Port Elliechester,Australian Capital Territory,2021-10-23,2021-11-09,2224,115,2,230,Trousers,Cropped,XL,orange,61,10,17
736,Harrietta Burchatt,Genderfluid,20,Port Elliechester,Australian Capital Territory,2021-10-23,2021-11-09,2225,107,1,107,Jacket,Denim,XS,orange,60,10,17
737,Harrietta Burchatt,Genderfluid,20,Port Elliechester,Australian Capital Territory,2021-10-23,2021-11-09,2226,99,1,99,Trousers,High-Waisted,M,blue,52,10,17
738,Harrietta Burchatt,Genderfluid,20,Port Elliechester,Australian Capital Territory,2021-10-19,2021-10-30,2737,102,3,306,Jacket,Windbreaker,L,orange,68,10,11
739,Harrietta Burchatt,Genderfluid,20,Port Elliechester,Australian Capital Territory,2021-10-19,2021-10-30,2738,99,3,297,Trousers,High-Waisted,M,orange,69,10,11
740,Harrietta Burchatt,Genderfluid,20,Port Elliechester,Australian Capital Territory,2021-10-19,2021-10-30,2739,99,3,297,Trousers,High-Waisted,L,yellow,77,10,11
741,Harrietta Burchatt,Genderfluid,20,Port Elliechester,Australian Capital Territory,2021-10-19,2021-10-30,2740,96,3,288,Trousers,Drawstring,S,violet,40,10,11
742,Harrietta Burchatt,Genderfluid,20,Port Elliechester,Australian Capital Territory,2021-10-19,2021-10-30,2741,94,1,94,Shirt,Henley,XL,violet,77,10,11
743,Harrietta Burchatt,Genderfluid,20,Port Elliechester,Australian Capital Territory,2021-10-19,2021-10-30,2742,112,3,336,Trousers,Tracksuit Bottoms,XS,blue,42,10,11
744,Harrietta Burchatt,Genderfluid,20,Port Elliechester,Australian Capital Territory,2021-10-19,2021-10-30,2743,118,2,236,Jacket,Puffer,XL,blue,80,10,11
745,Harrietta Burchatt,Genderfluid,20,Port Elliechester,Australian Capital Territory,2021-10-19,2021-10-30,2744,99,1,99,Trousers,High-Waisted,M,orange,69,10,11
746,Harrietta Burchatt,Genderfluid,20,Port Elliechester,Australian Capital Territory,2021-10-19,2021-10-30,2745,104,2,208,Shirt,Dress,L,yellow,56,10,11
747,Alayne Ipplett,Agender,34,Ellieshire,Australian Capital Territory,2021-01-24,2021-02-15,280,91,2,182,Jacket,Pullover,S,violet,74,1,22
748,Alayne Ipplett,Agender,34,Ellieshire,Australian Capital Territory,2021-01-24,2021-02-15,281,112,2,224,Jacket,Cardigan,L,indigo,40,1,22
749,Alayne Ipplett,Agender,34,Ellieshire,Australian Capital Territory,2021-01-24,2021-02-15,282,106,1,106,Trousers,Wool,M,violet,51,1,22
750,Alayne Ipplett,Agender,34,Ellieshire,Australian Capital Territory,2021-01-24,2021-02-15,283,113,2,226,Jacket,Parka,XS,green,75,1,22
751,Wald Kaine,Female,72,South Georgia,Western Australia,2021-04-28,2021-04-30,3839,113,2,226,Jacket,Parka,XL,indigo,78,4,2
752,Wald Kaine,Female,72,South Georgia,Western Australia,2021-04-28,2021-04-30,3840,91,1,91,Jacket,Pullover,S,blue,73,4,2
753,Wald Kaine,Female,72,South Georgia,Western Australia,2021-04-28,2021-04-30,3841,109,3,327,Shirt,Mandarin Collar,XS,blue,59,4,2
754,Wald Kaine,Female,72,South Georgia,Western Australia,2021-04-28,2021-04-30,3842,107,2,214,Jacket,Denim,L,indigo,67,4,2
755,Mariellen Medendorp,Agender,80,South Gabriel,Western Australia,2021-04-30,2021-05-09,2900,107,2,214,Jacket,Denim,L,yellow,44,4,9
756,Mariellen Medendorp,Agender,80,South Gabriel,Western Australia,2021-04-30,2021-05-09,2901,104,2,208,Shirt,Dress,M,red,57,4,9
757,Mariellen Medendorp,Agender,80,South Gabriel,Western Australia,2021-04-30,2021-05-09,2902,91,2,182,Shirt,Linen,XL,green,51,4,9
758,Mariellen Medendorp,Agender,80,South Gabriel,Western Australia,2021-04-30,2021-05-09,2903,93,1,93,Jacket,Coach,M,indigo,64,4,9
759,Curtis McCarroll,Male,45,Lake Johnchester,New South Wales,2021-03-10,2021-03-26,3295,98,3,294,Jacket,Leather,L,orange,78,3,16
760,Curtis McCarroll,Male,45,Lake Johnchester,New South Wales,2021-03-10,2021-03-26,3296,118,1,118,Jacket,Puffer,XL,indigo,60,3,16
761,Gunner Murdie,Agender,51,Lewiston,Australian Capital Territory,2021-02-05,2021-02-10,3697,119,3,357,Shirt,Casual Slim Fit,S,yellow,45,2,5
762,Gunner Murdie,Agender,51,Lewiston,Australian Capital Territory,2021-02-05,2021-02-10,3698,96,2,192,Shirt,Oxford Cloth,S,violet,41,2,5
763,Gunner Murdie,Agender,51,Lewiston,Australian Capital Territory,2021-02-05,2021-02-10,3699,106,1,106,Trousers,Wool,XS,yellow,67,2,5
764,Gunner Murdie,Agender,51,Lewiston,Australian Capital Territory,2021-02-05,2021-02-10,3700,93,2,186,Trousers,Joggers,S,indigo,56,2,5
765,Gunner Murdie,Agender,51,Lewiston,Australian Capital Territory,2021-02-05,2021-02-10,3701,119,2,238,Jacket,Trench Coat,XL,red,40,2,5
766,Leeann Gowdie,Agender,52,Callumborough,Queensland,2021-09-10,2021-10-02,1227,91,3,273,Jacket,Pullover,M,indigo,72,9,22
767,Leeann Gowdie,Agender,52,Callumborough,Queensland,2021-09-10,2021-10-02,1228,93,2,186,Trousers,Joggers,XS,green,77,9,22
768,Leeann Gowdie,Agender,52,Callumborough,Queensland,2021-09-10,2021-10-02,1229,109,2,218,Jacket,Peacoat,XS,orange,78,9,22
769,Leeann Gowdie,Agender,52,Callumborough,Queensland,2021-09-12,2021-09-20,1545,93,3,279,Trousers,Joggers,XL,indigo,66,9,8
770,Leeann Gowdie,Agender,52,Callumborough,Queensland,2021-09-12,2021-09-20,1546,91,1,91,Shirt,Linen,XS,violet,56,9,8
771,Leeann Gowdie,Agender,52,Callumborough,Queensland,2021-09-12,2021-09-20,1547,93,2,186,Trousers,Joggers,S,blue,50,9,8
772,Leeann Gowdie,Agender,52,Callumborough,Queensland,2021-09-12,2021-09-20,1548,118,3,354,Shirt,Flannel,L,violet,76,9,8
773,Nelli Engall,Genderfluid,21,Chasemouth,Western Australia,2021-05-28,2021-06-09,102,96,1,96,Shirt,Oxford Cloth,XS,blue,47,5,12
774,Nelli Engall,Genderfluid,21,Chasemouth,Western Australia,2021-05-28,2021-06-09,103,90,2,180,Trousers,Relaxed Leg,XS,indigo,60,5,12
775,Nelli Engall,Genderfluid,21,Chasemouth,Western Australia,2021-05-28,2021-06-09,104,92,1,92,Shirt,Denim,XL,indigo,58,5,12
776,Nelli Engall,Genderfluid,21,Chasemouth,Western Australia,2021-05-28,2021-06-09,105,91,2,182,Shirt,Linen,M,violet,44,5,12
777,Nelli Engall,Genderfluid,21,Chasemouth,Western Australia,2021-05-28,2021-06-09,106,109,3,327,Shirt,Mandarin Collar,S,orange,52,5,12
778,Nelli Engall,Genderfluid,21,Chasemouth,Western Australia,2021-05-28,2021-06-09,107,96,1,96,Trousers,Drawstring,M,red,70,5,12
779,Nelli Engall,Genderfluid,21,Chasemouth,Western Australia,2021-02-12,2021-02-18,299,104,1,104,Shirt,Dress,XL,indigo,75,2,6
780,Nelli Engall,Genderfluid,21,Chasemouth,Western Australia,2021-02-12,2021-02-18,300,107,2,214,Jacket,Denim,S,green,49,2,6
781,Nelli Engall,Genderfluid,21,Chasemouth,Western Australia,2021-02-12,2021-02-18,301,90,1,90,Trousers,Relaxed Leg,XL,yellow,54,2,6
782,Nelli Engall,Genderfluid,21,Chasemouth,Western Australia,2021-02-12,2021-02-18,302,118,1,118,Shirt,Flannel,L,orange,59,2,6
783,Nelli Engall,Genderfluid,21,Chasemouth,Western Australia,2021-07-15,2021-08-05,2367,93,2,186,Trousers,Joggers,XL,indigo,66,7,21
784,Nelli Engall,Genderfluid,21,Chasemouth,Western Australia,2021-07-15,2021-08-05,2368,115,3,345,Trousers,Cropped,L,indigo,63,7,21
785,Nelli Engall,Genderfluid,21,Chasemouth,Western Australia,2021-07-15,2021-08-05,2369,90,2,180,Trousers,Relaxed Leg,XL,indigo,58,7,21
786,Nelli Engall,Genderfluid,21,Chasemouth,Western Australia,2021-07-15,2021-08-05,2370,90,1,90,Trousers,Relaxed Leg,XL,violet,42,7,21
787,Puff Newbury,Polygender,27,Port Joshuaside,Northern Territory,2021-08-26,2021-09-20,370,93,1,93,Trousers,Joggers,XL,blue,52,8,25
788,Puff Newbury,Polygender,27,Port Joshuaside,Northern Territory,2021-08-26,2021-09-20,371,94,3,282,Shirt,Henley,S,blue,75,8,25
789,Puff Newbury,Polygender,27,Port Joshuaside,Northern Territory,2021-08-26,2021-09-20,372,98,2,196,Shirt,Camp Collared,S,green,60,8,25
790,Puff Newbury,Polygender,27,Port Joshuaside,Northern Territory,2021-02-20,2021-03-19,1809,100,2,200,Jacket,Bomber,XL,blue,47,2,27
791,Puff Newbury,Polygender,27,Port Joshuaside,Northern Territory,2021-02-20,2021-03-19,1810,98,2,196,Shirt,Camp Collared,M,blue,65,2,27
792,Puff Newbury,Polygender,27,Port Joshuaside,Northern Territory,2021-02-20,2021-03-19,1811,113,2,226,Jacket,Parka,S,red,66,2,27
793,Puff Newbury,Polygender,27,Port Joshuaside,Northern Territory,2021-02-20,2021-03-19,1812,99,1,99,Trousers,High-Waisted,XL,red,80,2,27
794,Puff Newbury,Polygender,27,Port Joshuaside,Northern Territory,2021-02-20,2021-03-19,1813,112,3,336,Trousers,Tracksuit Bottoms,XL,yellow,59,2,27
795,Puff Newbury,Polygender,27,Port Joshuaside,Northern Territory,2021-02-20,2021-03-19,1814,99,3,297,Trousers,High-Waisted,L,indigo,55,2,27
796,Puff Newbury,Polygender,27,Port Joshuaside,Northern Territory,2021-02-20,2021-03-19,1815,117,2,234,Jacket,Shearling,S,green,66,2,27
797,Martin O'Mailey,Female,44,New Angelina,Queensland,2021-07-02,2021-07-13,3134,106,1,106,Trousers,Wool,L,yellow,46,7,11
798,Martin O'Mailey,Female,44,New Angelina,Queensland,2021-07-02,2021-07-13,3135,106,1,106,Trousers,Wool,L,orange,56,7,11
799,Martin O'Mailey,Female,44,New Angelina,Queensland,2021-07-02,2021-07-13,3136,94,3,282,Shirt,Henley,L,violet,51,7,11
800,Martin O'Mailey,Female,44,New Angelina,Queensland,2021-07-02,2021-07-13,3137,119,2,238,Jacket,Trench Coat,XS,blue,59,7,11
801,Martin O'Mailey,Female,44,New Angelina,Queensland,2021-07-02,2021-07-13,3138,95,2,190,Shirt,Polo,M,blue,49,7,11
802,Martin O'Mailey,Female,44,New Angelina,Queensland,2021-07-02,2021-07-13,3139,99,3,297,Trousers,High-Waisted,XL,blue,65,7,11
803,Martin O'Mailey,Female,44,New Angelina,Queensland,2021-07-02,2021-07-13,3140,106,2,212,Shirt,Chambray,XS,orange,76,7,11
804,Martin O'Mailey,Female,44,New Angelina,Queensland,2021-07-09,2021-07-13,4078,91,1,91,Jacket,Pullover,S,indigo,44,7,4
805,Martin O'Mailey,Female,44,New Angelina,Queensland,2021-07-09,2021-07-13,4079,96,3,288,Shirt,Oxford Cloth,M,orange,77,7,4
806,Martin O'Mailey,Female,44,New Angelina,Queensland,2021-07-09,2021-07-13,4080,119,2,238,Jacket,Trench Coat,M,green,67,7,4
807,Martin O'Mailey,Female,44,New Angelina,Queensland,2021-07-09,2021-07-13,4081,94,2,188,Trousers,Cords,XS,indigo,47,7,4
808,Martin O'Mailey,Female,44,New Angelina,Queensland,2021-06-30,2021-07-08,4214,102,2,204,Trousers,Cargo Pants,XL,green,65,6,8
809,Martin O'Mailey,Female,44,New Angelina,Queensland,2021-06-30,2021-07-08,4215,112,1,112,Jacket,Cardigan,XS,orange,46,6,8
810,Martin O'Mailey,Female,44,New Angelina,Queensland,2021-06-30,2021-07-08,4216,109,2,218,Jacket,Peacoat,M,blue,71,6,8
811,Martin O'Mailey,Female,44,New Angelina,Queensland,2021-06-30,2021-07-08,4217,98,1,98,Jacket,Leather,L,blue,62,6,8
812,Martin O'Mailey,Female,44,New Angelina,Queensland,2021-06-30,2021-07-08,4218,92,3,276,Shirt,Denim,L,red,52,6,8
813,Martin O'Mailey,Female,44,New Angelina,Queensland,2021-06-30,2021-07-08,4219,115,2,230,Trousers,Cropped,L,red,63,6,8
814,Darrelle Padson,Polygender,67,Violetborough,Victoria,2021-08-20,2021-08-31,2220,90,2,180,Trousers,Relaxed Leg,XS,green,80,8,11
815,Darrelle Padson,Polygender,67,Violetborough,Victoria,2021-08-20,2021-08-31,2221,92,2,184,Shirt,Denim,S,violet,54,8,11
816,Darrelle Padson,Polygender,67,Violetborough,Victoria,2021-08-20,2021-08-31,2222,118,2,236,Shirt,Flannel,XS,indigo,46,8,11
817,Trenton Lydiard,Genderfluid,70,West Isabelton,Queensland,2021-05-16,2021-05-27,3958,90,3,270,Trousers,Relaxed Leg,S,orange,47,5,11
818,Trenton Lydiard,Genderfluid,70,West Isabelton,Queensland,2021-05-16,2021-05-27,3959,119,3,357,Jacket,Trench Coat,M,indigo,42,5,11
819,Trenton Lydiard,Genderfluid,70,West Isabelton,Queensland,2021-05-16,2021-05-27,3960,94,1,94,Trousers,Cords,M,red,68,5,11
820,Trenton Lydiard,Genderfluid,70,West Isabelton,Queensland,2021-05-16,2021-05-27,3961,119,2,238,Jacket,Trench Coat,L,green,73,5,11
821,Trenton Lydiard,Genderfluid,70,West Isabelton,Queensland,2021-05-16,2021-05-27,3962,105,3,315,Trousers,Pleated,L,indigo,73,5,11
822,Trenton Lydiard,Genderfluid,70,West Isabelton,Queensland,2021-05-16,2021-05-27,3963,105,2,210,Shirt,Cuban Collar,L,yellow,77,5,11
823,Trenton Lydiard,Genderfluid,70,West Isabelton,Queensland,2021-05-16,2021-05-27,3964,98,2,196,Shirt,Camp Collared,XL,yellow,44,5,11
824,Trenton Lydiard,Genderfluid,70,West Isabelton,Queensland,2021-05-16,2021-05-27,3965,106,3,318,Trousers,Wool,L,violet,61,5,11
825,Deedee Pashe,Bigender,28,Lake Abigailhaven,Western Australia,2021-07-04,2021-07-29,1280,90,2,180,Trousers,Relaxed Leg,XL,yellow,54,7,25
826,Deedee Pashe,Bigender,28,Lake Abigailhaven,Western Australia,2021-07-04,2021-07-29,1281,109,2,218,Jacket,Peacoat,M,orange,47,7,25
827,Deedee Pashe,Bigender,28,Lake Abigailhaven,Western Australia,2021-07-04,2021-07-29,1282,94,1,94,Shirt,Henley,XL,yellow,55,7,25
828,Deedee Pashe,Bigender,28,Lake Abigailhaven,Western Australia,2021-07-04,2021-07-29,1283,118,1,118,Jacket,Puffer,XL,blue,80,7,25
829,Deedee Pashe,Bigender,28,Lake Abigailhaven,Western Australia,2021-07-04,2021-07-29,1284,117,1,117,Jacket,Shearling,L,orange,58,7,25
830,Deedee Pashe,Bigender,28,Lake Abigailhaven,Western Australia,2021-07-04,2021-07-29,1285,93,1,93,Jacket,Coach,XS,red,71,7,25
831,Deedee Pashe,Bigender,28,Lake Abigailhaven,Western Australia,2021-07-04,2021-07-29,1286,118,1,118,Jacket,Puffer,M,orange,61,7,25
832,Deedee Pashe,Bigender,28,Lake Abigailhaven,Western Australia,2021-08-23,2021-09-06,4572,97,1,97,Trousers,Slim-Fit,XL,violet,48,8,14
833,Deedee Pashe,Bigender,28,Lake Abigailhaven,Western Australia,2021-08-23,2021-09-06,4573,94,2,188,Shirt,Henley,M,blue,42,8,14
834,Deedee Pashe,Bigender,28,Lake Abigailhaven,Western Australia,2021-08-23,2021-09-06,4574,96,1,96,Trousers,Drawstring,XS,orange,41,8,14
835,Deedee Pashe,Bigender,28,Lake Abigailhaven,Western Australia,2021-08-23,2021-09-06,4575,118,1,118,Shirt,Flannel,M,green,66,8,14
836,Deedee Pashe,Bigender,28,Lake Abigailhaven,Western Australia,2021-10-12,2021-10-19,4589,94,1,94,Trousers,Cords,XL,indigo,70,10,7
837,Deedee Pashe,Bigender,28,Lake Abigailhaven,Western Australia,2021-10-12,2021-10-19,4590,109,1,109,Shirt,Mandarin Collar,XL,orange,59,10,7
838,Deedee Pashe,Bigender,28,Lake Abigailhaven,Western Australia,2021-10-12,2021-10-19,4591,92,1,92,Shirt,Denim,L,yellow,75,10,7
839,Isis Doel,Agender,76,Grimesstad,Northern Territory,2021-05-06,2021-05-10,1182,93,3,279,Trousers,Joggers,XL,orange,44,5,4
840,Isis Doel,Agender,76,Grimesstad,Northern Territory,2021-05-06,2021-05-10,1183,93,2,186,Jacket,Coach,XS,indigo,42,5,4
841,Isis Doel,Agender,76,Grimesstad,Northern Territory,2021-05-06,2021-05-10,1184,118,3,354,Jacket,Puffer,M,green,72,5,4
842,Isis Doel,Agender,76,Grimesstad,Northern Territory,2021-05-06,2021-05-10,1185,93,2,186,Trousers,Joggers,XS,red,65,5,4
843,Tommy Ebunoluwa,Female,63,East Mason,Tasmania,2021-01-13,2021-02-08,2493,109,3,327,Jacket,Peacoat,XL,green,68,1,26
844,Tommy Ebunoluwa,Female,63,East Mason,Tasmania,2021-01-13,2021-02-08,2494,107,1,107,Jacket,Denim,XS,orange,60,1,26
845,Tommy Ebunoluwa,Female,63,East Mason,Tasmania,2021-01-13,2021-02-08,2495,93,2,186,Trousers,Joggers,L,green,43,1,26
846,Tommy Ebunoluwa,Female,63,East Mason,Tasmania,2021-01-13,2021-02-08,2496,112,3,336,Jacket,Cardigan,L,blue,68,1,26
847,Tommy Ebunoluwa,Female,63,East Mason,Tasmania,2021-01-13,2021-02-08,2497,94,1,94,Shirt,Henley,XS,red,62,1,26
848,Tommy Ebunoluwa,Female,63,East Mason,Tasmania,2021-01-13,2021-02-08,2498,98,1,98,Jacket,Leather,XL,indigo,52,1,26
849,Tommy Ebunoluwa,Female,63,East Mason,Tasmania,2021-01-13,2021-02-08,2499,115,3,345,Trousers,Cropped,S,red,47,1,26
850,Tobye De Caville,Genderfluid,72,West Baileyville,New South Wales,2021-04-25,2021-05-17,245,113,2,226,Trousers,Chinos,L,red,44,4,22
851,Tobye De Caville,Genderfluid,72,West Baileyville,New South Wales,2021-04-25,2021-05-17,246,97,2,194,Trousers,Slim-Fit,XL,indigo,66,4,22
852,Tobye De Caville,Genderfluid,72,West Baileyville,New South Wales,2021-04-25,2021-05-17,247,95,1,95,Shirt,Polo,L,blue,77,4,22
853,Tobye De Caville,Genderfluid,72,West Baileyville,New South Wales,2021-04-25,2021-05-17,248,102,2,204,Jacket,Windbreaker,M,blue,70,4,22
854,Erroll Michelle,Genderqueer,25,New Ava,South Australia,2021-06-03,2021-06-18,2573,98,2,196,Shirt,Camp Collared,XL,blue,51,6,15
855,Erroll Michelle,Genderqueer,25,New Ava,South Australia,2021-06-03,2021-06-18,2574,91,2,182,Jacket,Pullover,S,yellow,42,6,15
856,Erroll Michelle,Genderqueer,25,New Ava,South Australia,2021-06-03,2021-06-18,2575,117,1,117,Jacket,Shearling,S,yellow,48,6,15
857,Erroll Michelle,Genderqueer,25,New Ava,South Australia,2021-06-03,2021-06-18,2576,96,3,288,Trousers,Drawstring,XL,blue,60,6,15
858,Erroll Michelle,Genderqueer,25,New Ava,South Australia,2021-06-03,2021-06-18,2577,109,3,327,Jacket,Peacoat,XS,orange,78,6,15
859,Yevette Weekes,Genderqueer,66,Gardenchester,Victoria,2021-10-03,2021-10-25,3812,105,3,315,Trousers,Pleated,S,yellow,71,10,22
860,Yevette Weekes,Genderqueer,66,Gardenchester,Victoria,2021-10-03,2021-10-25,3813,102,1,102,Jacket,Windbreaker,XS,green,57,10,22
861,Clayson Mealing,Genderqueer,65,Lake Declanland,South Australia,2021-06-22,2021-07-01,1596,119,2,238,Shirt,Casual Slim Fit,XS,orange,43,6,9
862,Clayson Mealing,Genderqueer,65,Lake Declanland,South Australia,2021-06-22,2021-07-01,1597,98,1,98,Jacket,Leather,XS,indigo,78,6,9
863,Clayson Mealing,Genderqueer,65,Lake Declanland,South Australia,2021-06-22,2021-07-01,1598,113,3,339,Jacket,Parka,XS,violet,59,6,9
864,Loni Tort,Polygender,58,Joelmouth,Australian Capital Territory,2021-10-13,2021-10-16,1395,118,3,354,Shirt,Flannel,XL,yellow,72,10,3
865,Loni Tort,Polygender,58,Joelmouth,Australian Capital Territory,2021-10-13,2021-10-16,1396,102,3,306,Jacket,Windbreaker,XL,indigo,60,10,3
866,Loni Tort,Polygender,58,Joelmouth,Australian Capital Territory,2021-10-13,2021-10-16,1397,119,1,119,Jacket,Trench Coat,XS,green,62,10,3
867,Loni Tort,Polygender,58,Joelmouth,Australian Capital Territory,2021-10-13,2021-10-16,1398,102,3,306,Jacket,Windbreaker,XL,indigo,60,10,3
868,Loni Tort,Polygender,58,Joelmouth,Australian Capital Territory,2021-10-13,2021-10-16,1399,91,2,182,Jacket,Pullover,L,green,72,10,3
869,Loni Tort,Polygender,58,Joelmouth,Australian Capital Territory,2021-10-13,2021-10-16,1400,94,3,282,Trousers,Cords,L,yellow,62,10,3
870,Loni Tort,Polygender,58,Joelmouth,Australian Capital Territory,2021-10-13,2021-10-16,1401,105,1,105,Trousers,Pleated,L,yellow,62,10,3
871,Loni Tort,Polygender,58,Joelmouth,Australian Capital Territory,2021-10-13,2021-10-16,1402,113,2,226,Trousers,Chinos,M,orange,73,10,3
872,Loni Tort,Polygender,58,Joelmouth,Australian Capital Territory,2021-10-13,2021-10-16,1403,119,1,119,Shirt,Casual Slim Fit,XS,yellow,63,10,3
873,Loni Tort,Polygender,58,Joelmouth,Australian Capital Territory,2021-05-23,2021-06-05,3262,94,3,282,Trousers,Cords,L,violet,74,5,13
874,Loni Tort,Polygender,58,Joelmouth,Australian Capital Territory,2021-05-23,2021-06-05,3263,98,2,196,Shirt,Camp Collared,XS,blue,47,5,13
875,Loni Tort,Polygender,58,Joelmouth,Australian Capital Territory,2021-05-23,2021-06-05,3264,102,3,306,Trousers,Cargo Pants,L,red,61,5,13
876,Loni Tort,Polygender,58,Joelmouth,Australian Capital Territory,2021-05-23,2021-06-05,3265,107,2,214,Jacket,Denim,XL,green,59,5,13
877,Loni Tort,Polygender,58,Joelmouth,Australian Capital Territory,2021-05-23,2021-06-05,3266,113,1,113,Jacket,Parka,M,indigo,66,5,13
878,Loni Tort,Polygender,58,Joelmouth,Australian Capital Territory,2021-05-23,2021-06-05,3267,105,2,210,Trousers,Pleated,XL,yellow,52,5,13
879,Loni Tort,Polygender,58,Joelmouth,Australian Capital Territory,2021-05-23,2021-06-05,3268,95,1,95,Shirt,Polo,S,indigo,50,5,13
880,Loni Tort,Polygender,58,Joelmouth,Australian Capital Territory,2021-05-23,2021-06-05,3269,104,1,104,Shirt,Dress,M,orange,53,5,13
881,Angil Crunden,Non-binary,30,Lake Elijah,Australian Capital Territory,2021-02-14,2021-03-13,2675,90,3,270,Trousers,Relaxed Leg,M,orange,74,2,27
882,Angil Crunden,Non-binary,30,Lake Elijah,Australian Capital Territory,2021-02-14,2021-03-13,2676,112,3,336,Trousers,Tracksuit Bottoms,L,blue,72,2,27
883,Angil Crunden,Non-binary,30,Lake Elijah,Australian Capital Territory,2021-02-14,2021-03-13,2677,112,3,336,Trousers,Tracksuit Bottoms,M,orange,47,2,27
884,Bird McGarvie,Female,60,East Jakeberg,New South Wales,2021-10-15,2021-10-31,52,106,2,212,Shirt,Chambray,M,orange,43,10,16
885,Bird McGarvie,Female,60,East Jakeberg,New South Wales,2021-10-15,2021-10-31,53,118,3,354,Shirt,Flannel,XS,indigo,46,10,16
886,Bird McGarvie,Female,60,East Jakeberg,New South Wales,2021-10-15,2021-10-31,54,91,2,182,Jacket,Pullover,XS,violet,61,10,16
887,Bird McGarvie,Female,60,East Jakeberg,New South Wales,2021-10-15,2021-10-31,55,117,1,117,Jacket,Shearling,XS,violet,75,10,16
888,Bird McGarvie,Female,60,East Jakeberg,New South Wales,2021-10-15,2021-10-31,56,112,2,224,Trousers,Tracksuit Bottoms,XL,blue,68,10,16
889,Bird McGarvie,Female,60,East Jakeberg,New South Wales,2021-10-15,2021-10-31,57,109,2,218,Jacket,Peacoat,L,green,73,10,16
890,Bird McGarvie,Female,60,East Jakeberg,New South Wales,2021-10-15,2021-10-31,58,92,3,276,Shirt,Denim,XL,orange,67,10,16
891,Crin Johnikin,Polygender,66,South Clairetown,Queensland,2021-08-19,2021-09-04,124,96,2,192,Shirt,Oxford Cloth,XL,green,42,8,16
892,Crin Johnikin,Polygender,66,South Clairetown,Queensland,2021-08-19,2021-09-04,125,106,2,212,Shirt,Chambray,S,green,63,8,16
893,Crin Johnikin,Polygender,66,South Clairetown,Queensland,2021-08-19,2021-09-04,126,99,1,99,Trousers,High-Waisted,L,red,52,8,16
894,Crin Johnikin,Polygender,66,South Clairetown,Queensland,2021-08-19,2021-09-04,127,119,1,119,Jacket,Trench Coat,XS,violet,64,8,16
895,Crin Johnikin,Polygender,66,South Clairetown,Queensland,2021-08-19,2021-09-04,128,96,2,192,Shirt,Oxford Cloth,M,red,54,8,16
896,Crin Johnikin,Polygender,66,South Clairetown,Queensland,2021-08-19,2021-09-04,129,109,2,218,Jacket,Peacoat,S,indigo,49,8,16
897,Crin Johnikin,Polygender,66,South Clairetown,Queensland,2021-08-19,2021-09-04,130,113,3,339,Jacket,Parka,XL,green,55,8,16
898,Crin Johnikin,Polygender,66,South Clairetown,Queensland,2021-08-19,2021-09-04,131,96,2,192,Trousers,Drawstring,M,yellow,55,8,16
899,Crin Johnikin,Polygender,66,South Clairetown,Queensland,2021-08-19,2021-09-04,132,93,2,186,Trousers,Joggers,L,red,63,8,16
900,Crin Johnikin,Polygender,66,South Clairetown,Queensland,2021-08-19,2021-09-04,133,112,3,336,Trousers,Tracksuit Bottoms,XL,violet,60,8,16
901,Crin Johnikin,Polygender,66,South Clairetown,Queensland,2021-08-19,2021-09-04,134,91,2,182,Jacket,Pullover,L,violet,78,8,16
902,Crin Johnikin,Polygender,66,South Clairetown,Queensland,2021-05-17,2021-05-18,969,118,2,236,Shirt,Flannel,L,orange,59,5,1
903,Crin Johnikin,Polygender,66,South Clairetown,Queensland,2021-05-17,2021-05-18,970,93,3,279,Trousers,Joggers,M,orange,52,5,1
904,Crin Johnikin,Polygender,66,South Clairetown,Queensland,2021-05-17,2021-05-18,971,93,3,279,Jacket,Coach,XS,indigo,42,5,1
905,Crin Johnikin,Polygender,66,South Clairetown,Queensland,2021-05-17,2021-05-18,972,95,3,285,Shirt,Polo,XL,red,76,5,1
906,Crin Johnikin,Polygender,66,South Clairetown,Queensland,2021-01-20,2021-01-24,1942,115,3,345,Trousers,Cropped,S,green,71,1,4
907,Crin Johnikin,Polygender,66,South Clairetown,Queensland,2021-01-20,2021-01-24,1943,119,3,357,Shirt,Casual Slim Fit,XS,blue,55,1,4
908,Crin Johnikin,Polygender,66,South Clairetown,Queensland,2021-01-20,2021-01-24,1944,113,2,226,Jacket,Parka,XS,blue,67,1,4
909,Crin Johnikin,Polygender,66,South Clairetown,Queensland,2021-05-03,2021-05-11,2029,91,2,182,Jacket,Pullover,M,red,55,5,8
910,Crin Johnikin,Polygender,66,South Clairetown,Queensland,2021-05-03,2021-05-11,2030,100,3,300,Jacket,Bomber,XL,green,79,5,8
911,Crin Johnikin,Polygender,66,South Clairetown,Queensland,2021-05-03,2021-05-11,2031,102,2,204,Trousers,Cargo Pants,S,blue,63,5,8
912,Crin Johnikin,Polygender,66,South Clairetown,Queensland,2021-05-03,2021-05-11,2032,95,3,285,Shirt,Polo,XL,violet,79,5,8
913,Crin Johnikin,Polygender,66,South Clairetown,Queensland,2021-05-03,2021-05-11,2033,112,3,336,Trousers,Tracksuit Bottoms,XS,orange,57,5,8
914,Brade Caught,Genderqueer,56,Elijahburgh,Queensland,2021-10-22,2021-10-25,1446,118,1,118,Shirt,Flannel,XS,violet,72,10,3
915,Brade Caught,Genderqueer,56,Elijahburgh,Queensland,2021-10-22,2021-10-25,1447,104,2,208,Shirt,Dress,XL,yellow,75,10,3
916,Brade Caught,Genderqueer,56,Elijahburgh,Queensland,2021-10-22,2021-10-25,1448,118,3,354,Jacket,Puffer,S,yellow,48,10,3
917,Brade Caught,Genderqueer,56,Elijahburgh,Queensland,2021-10-22,2021-10-25,1449,118,3,354,Shirt,Flannel,L,violet,76,10,3
918,Brade Caught,Genderqueer,56,Elijahburgh,Queensland,2021-10-22,2021-10-25,1450,109,2,218,Shirt,Mandarin Collar,L,indigo,53,10,3
919,Brade Caught,Genderqueer,56,Elijahburgh,Queensland,2021-03-13,2021-03-22,3199,107,2,214,Jacket,Denim,XL,violet,63,3,9
920,Brade Caught,Genderqueer,56,Elijahburgh,Queensland,2021-03-13,2021-03-22,3200,91,3,273,Shirt,Linen,M,indigo,72,3,9
921,Brade Caught,Genderqueer,56,Elijahburgh,Queensland,2021-03-13,2021-03-22,3201,96,2,192,Shirt,Oxford Cloth,S,red,53,3,9
922,Brade Caught,Genderqueer,56,Elijahburgh,Queensland,2021-03-13,2021-03-22,3202,97,3,291,Trousers,Slim-Fit,M,yellow,55,3,9
923,Brade Caught,Genderqueer,56,Elijahburgh,Queensland,2021-07-09,2021-07-11,3805,119,1,119,Jacket,Trench Coat,XL,indigo,64,7,2
924,Brade Caught,Genderqueer,56,Elijahburgh,Queensland,2021-07-09,2021-07-11,3806,102,1,102,Jacket,Windbreaker,M,yellow,52,7,2
925,Brade Caught,Genderqueer,56,Elijahburgh,Queensland,2021-07-09,2021-07-11,3807,93,2,186,Jacket,Coach,S,violet,74,7,2
926,Brade Caught,Genderqueer,56,Elijahburgh,Queensland,2021-07-09,2021-07-11,3808,112,1,112,Trousers,Tracksuit Bottoms,XL,orange,42,7,2
927,Brade Caught,Genderqueer,56,Elijahburgh,Queensland,2021-07-09,2021-07-11,3809,105,2,210,Shirt,Cuban Collar,S,violet,43,7,2
928,Brade Caught,Genderqueer,56,Elijahburgh,Queensland,2021-07-09,2021-07-11,3810,90,3,270,Trousers,Relaxed Leg,S,yellow,43,7,2
929,Brade Caught,Genderqueer,56,Elijahburgh,Queensland,2021-07-09,2021-07-11,3811,99,1,99,Trousers,High-Waisted,L,violet,68,7,2
930,Shaylyn Musla,Bigender,71,Josephland,South Australia,2021-09-05,2021-09-13,746,92,2,184,Shirt,Denim,L,yellow,75,9,8
931,Shaylyn Musla,Bigender,71,Josephland,South Australia,2021-09-05,2021-09-13,747,91,2,182,Shirt,Linen,M,violet,44,9,8
932,Shaylyn Musla,Bigender,71,Josephland,South Australia,2021-09-05,2021-09-13,748,98,2,196,Shirt,Camp Collared,XL,violet,40,9,8
933,Shaylyn Musla,Bigender,71,Josephland,South Australia,2021-09-05,2021-09-13,749,119,3,357,Shirt,Casual Slim Fit,XS,indigo,57,9,8
934,Lauryn Deport,Female,29,Bayermouth,South Australia,2021-06-16,2021-06-24,462,91,1,91,Jacket,Pullover,M,red,55,6,8
935,Lauryn Deport,Female,29,Bayermouth,South Australia,2021-06-16,2021-06-24,463,109,3,327,Jacket,Peacoat,S,blue,50,6,8
936,Lauryn Deport,Female,29,Bayermouth,South Australia,2021-06-16,2021-06-24,464,91,1,91,Shirt,Linen,XL,green,51,6,8
937,Lauryn Deport,Female,29,Bayermouth,South Australia,2021-06-16,2021-06-24,465,93,3,279,Jacket,Coach,L,violet,80,6,8
938,Lauryn Deport,Female,29,Bayermouth,South Australia,2021-06-16,2021-06-24,466,109,3,327,Jacket,Peacoat,XS,orange,78,6,8
939,Lauryn Deport,Female,29,Bayermouth,South Australia,2021-06-16,2021-06-24,467,98,2,196,Jacket,Leather,XL,blue,67,6,8
940,Lauryn Deport,Female,29,Bayermouth,South Australia,2021-06-16,2021-06-24,468,96,2,192,Shirt,Oxford Cloth,XL,orange,43,6,8
941,Lauryn Deport,Female,29,Bayermouth,South Australia,2021-06-16,2021-06-24,469,118,3,354,Shirt,Flannel,L,orange,59,6,8
942,Lauryn Deport,Female,29,Bayermouth,South Australia,2021-05-29,2021-06-14,1701,97,2,194,Trousers,Slim-Fit,L,orange,66,5,16
943,Lauryn Deport,Female,29,Bayermouth,South Australia,2021-05-29,2021-06-14,1702,118,1,118,Jacket,Puffer,XL,violet,40,5,16
944,Lauryn Deport,Female,29,Bayermouth,South Australia,2021-05-29,2021-06-14,1703,97,1,97,Trousers,Slim-Fit,M,yellow,55,5,16
945,Lauryn Deport,Female,29,Bayermouth,South Australia,2021-05-29,2021-06-14,1704,93,3,279,Jacket,Coach,XL,yellow,68,5,16
946,Lauryn Deport,Female,29,Bayermouth,South Australia,2021-01-20,2021-02-05,4766,92,1,92,Shirt,Denim,S,indigo,69,1,16
947,Lauryn Deport,Female,29,Bayermouth,South Australia,2021-01-20,2021-02-05,4767,119,1,119,Shirt,Casual Slim Fit,L,orange,76,1,16
948,Lauryn Deport,Female,29,Bayermouth,South Australia,2021-01-20,2021-02-05,4768,97,1,97,Trousers,Slim-Fit,S,blue,49,1,16
949,Lauryn Deport,Female,29,Bayermouth,South Australia,2021-01-20,2021-02-05,4769,112,3,336,Trousers,Tracksuit Bottoms,XL,red,45,1,16
950,Lauryn Deport,Female,29,Bayermouth,South Australia,2021-01-20,2021-02-05,4770,96,3,288,Trousers,Drawstring,L,indigo,77,1,16
951,Rowena Doe,Non-binary,52,Codyfort,New South Wales,2021-09-14,2021-09-23,3694,93,2,186,Jacket,Coach,XS,green,78,9,9
952,Rowena Doe,Non-binary,52,Codyfort,New South Wales,2021-09-14,2021-09-23,3695,104,2,208,Shirt,Dress,M,yellow,61,9,9
953,Rowena Doe,Non-binary,52,Codyfort,New South Wales,2021-09-14,2021-09-23,3696,98,3,294,Jacket,Leather,XL,yellow,67,9,9
954,Evelyn Chevolleau,Polygender,79,Port Logan,Western Australia,2021-01-02,2021-01-03,2052,106,3,318,Shirt,Chambray,L,blue,69,1,1
955,Evelyn Chevolleau,Polygender,79,Port Logan,Western Australia,2021-01-02,2021-01-03,2053,96,1,96,Trousers,Drawstring,M,blue,41,1,1
956,Evelyn Chevolleau,Polygender,79,Port Logan,Western Australia,2021-01-02,2021-01-03,2054,112,1,112,Jacket,Cardigan,XS,violet,40,1,1
957,Whitaker Pashen,Female,55,Justinport,Queensland,2021-06-21,2021-07-02,3647,113,1,113,Jacket,Parka,S,violet,67,6,11
958,Whitaker Pashen,Female,55,Justinport,Queensland,2021-06-21,2021-07-02,3648,98,3,294,Shirt,Camp Collared,S,red,67,6,11
959,Whitaker Pashen,Female,55,Justinport,Queensland,2021-06-21,2021-07-02,3649,107,2,214,Jacket,Denim,S,yellow,43,6,11
960,Worthington Knapton,Non-binary,78,Lake Lucas,Queensland,2021-04-26,2021-05-05,2872,93,1,93,Trousers,Joggers,L,blue,75,4,9
961,Worthington Knapton,Non-binary,78,Lake Lucas,Queensland,2021-04-26,2021-05-05,2873,112,3,336,Jacket,Cardigan,XS,yellow,46,4,9
962,Worthington Knapton,Non-binary,78,Lake Lucas,Queensland,2021-04-26,2021-05-05,2874,97,2,194,Trousers,Slim-Fit,L,blue,49,4,9
963,Worthington Knapton,Non-binary,78,Lake Lucas,Queensland,2021-04-26,2021-05-05,2875,109,3,327,Jacket,Peacoat,L,yellow,63,4,9
964,Worthington Knapton,Non-binary,78,Lake Lucas,Queensland,2021-04-26,2021-05-05,2876,119,1,119,Shirt,Casual Slim Fit,XS,yellow,63,4,9
965,Jerald MacMeeking,Male,44,Connellyport,Tasmania,2021-10-13,2021-10-30,4056,105,2,210,Shirt,Cuban Collar,XL,indigo,53,10,17
966,Jerald MacMeeking,Male,44,Connellyport,Tasmania,2021-10-13,2021-10-30,4057,105,1,105,Trousers,Pleated,XS,orange,74,10,17
967,Jerald MacMeeking,Male,44,Connellyport,Tasmania,2021-10-13,2021-10-30,4058,94,3,282,Shirt,Henley,L,indigo,44,10,17
968,Jerald MacMeeking,Male,44,Connellyport,Tasmania,2021-10-13,2021-10-30,4059,98,1,98,Jacket,Leather,S,indigo,40,10,17
969,Jerald MacMeeking,Male,44,Connellyport,Tasmania,2021-10-13,2021-10-30,4060,113,2,226,Trousers,Chinos,XS,yellow,41,10,17
970,Araldo Washtell,Polygender,43,East Gabriel,Australian Capital Territory,2021-01-22,2021-02-18,4865,105,2,210,Shirt,Cuban Collar,L,yellow,77,1,27
971,Araldo Washtell,Polygender,43,East Gabriel,Australian Capital Territory,2021-01-22,2021-02-18,4866,90,1,90,Trousers,Relaxed Leg,L,blue,61,1,27
972,Araldo Washtell,Polygender,43,East Gabriel,Australian Capital Territory,2021-01-22,2021-02-18,4867,98,2,196,Shirt,Camp Collared,L,orange,63,1,27
973,Araldo Washtell,Polygender,43,East Gabriel,Australian Capital Territory,2021-01-22,2021-02-18,4868,118,2,236,Shirt,Flannel,XL,violet,43,1,27
974,Araldo Washtell,Polygender,43,East Gabriel,Australian Capital Territory,2021-01-22,2021-02-18,4869,98,1,98,Jacket,Leather,XS,green,57,1,27
975,Araldo Washtell,Polygender,43,East Gabriel,Australian Capital Territory,2021-01-22,2021-02-18,4870,117,1,117,Jacket,Shearling,S,green,66,1,27
976,Araldo Washtell,Polygender,43,East Gabriel,Australian Capital Territory,2021-01-22,2021-02-18,4871,97,1,97,Trousers,Slim-Fit,XS,yellow,59,1,27
977,Araldo Washtell,Polygender,43,East Gabriel,Australian Capital Territory,2021-01-22,2021-02-18,4872,119,2,238,Jacket,Trench Coat,XL,green,53,1,27
978,Saxe Stormonth,Non-binary,51,Lake Owen,South Australia,2021-10-13,2021-11-05,2546,117,3,351,Jacket,Shearling,L,yellow,58,10,23
979,Saxe Stormonth,Non-binary,51,Lake Owen,South Australia,2021-10-13,2021-11-05,2547,100,2,200,Jacket,Bomber,XL,indigo,50,10,23
980,Shelbi Impson,Genderfluid,78,Hansenberg,New South Wales,2021-01-05,2021-01-27,830,100,3,300,Jacket,Bomber,XL,yellow,50,1,22
981,Shelbi Impson,Genderfluid,78,Hansenberg,New South Wales,2021-01-05,2021-01-27,831,119,1,119,Shirt,Casual Slim Fit,L,indigo,60,1,22
982,Shelbi Impson,Genderfluid,78,Hansenberg,New South Wales,2021-01-05,2021-01-27,832,99,2,198,Trousers,High-Waisted,S,red,80,1,22
983,Shelbi Impson,Genderfluid,78,Hansenberg,New South Wales,2021-01-05,2021-01-27,833,113,3,339,Jacket,Parka,L,green,55,1,22
984,Shelbi Impson,Genderfluid,78,Hansenberg,New South Wales,2021-01-05,2021-01-27,834,119,3,357,Jacket,Trench Coat,S,orange,41,1,22
985,Shelbi Impson,Genderfluid,78,Hansenberg,New South Wales,2021-01-05,2021-01-27,835,112,3,336,Trousers,Tracksuit Bottoms,XS,blue,42,1,22
986,Monty Gowen,Genderfluid,75,Muellerfurt,Queensland,2021-02-25,2021-03-04,3075,92,1,92,Shirt,Denim,XS,indigo,79,2,7
987,Monty Gowen,Genderfluid,75,Muellerfurt,Queensland,2021-02-25,2021-03-04,3076,95,3,285,Shirt,Polo,S,orange,78,2,7
988,Monty Gowen,Genderfluid,75,Muellerfurt,Queensland,2021-02-25,2021-03-04,3077,96,1,96,Trousers,Drawstring,M,yellow,55,2,7
989,Monty Gowen,Genderfluid,75,Muellerfurt,Queensland,2021-10-19,2021-11-12,3561,112,1,112,Jacket,Cardigan,L,red,41,10,24
990,Monty Gowen,Genderfluid,75,Muellerfurt,Queensland,2021-10-19,2021-11-12,3562,117,3,351,Jacket,Shearling,S,indigo,45,10,24
991,Monty Gowen,Genderfluid,75,Muellerfurt,Queensland,2021-10-19,2021-11-12,3563,105,3,315,Trousers,Pleated,XL,blue,55,10,24
992,Monty Gowen,Genderfluid,75,Muellerfurt,Queensland,2021-10-19,2021-11-12,3564,100,3,300,Jacket,Bomber,L,blue,64,10,24
993,Monty Gowen,Genderfluid,75,Muellerfurt,Queensland,2021-10-19,2021-11-12,3565,112,3,336,Jacket,Cardigan,M,yellow,64,10,24
994,Isaak Ferrarone,Non-binary,26,South Holly,Tasmania,2021-08-20,2021-09-12,2371,106,2,212,Trousers,Wool,XS,blue,58,8,23
995,Isaak Ferrarone,Non-binary,26,South Holly,Tasmania,2021-08-20,2021-09-12,2372,109,1,109,Shirt,Mandarin Collar,XL,yellow,43,8,23
996,Isaak Ferrarone,Non-binary,26,South Holly,Tasmania,2021-08-20,2021-09-12,2373,105,3,315,Trousers,Pleated,M,orange,57,8,23
997,Isaak Ferrarone,Non-binary,26,South Holly,Tasmania,2021-08-20,2021-09-12,2374,119,2,238,Shirt,Casual Slim Fit,XS,yellow,63,8,23
998,Isaak Ferrarone,Non-binary,26,South Holly,Tasmania,2021-08-20,2021-09-12,2375,90,3,270,Trousers,Relaxed Leg,L,blue,61,8,23
999,Isaak Ferrarone,Non-binary,26,South Holly,Tasmania,2021-08-20,2021-09-12,2376,109,3,327,Shirt,Mandarin Collar,XL,blue,71,8,23
1000,Isaak Ferrarone,Non-binary,26,South Holly,Tasmania,2021-08-20,2021-09-12,2377,98,3,294,Shirt,Camp Collared,S,indigo,50,8,23
1001,Zaria Garken,Female,40,Towneport,Northern Territory,2021-07-15,2021-08-08,1141,96,2,192,Shirt,Oxford Cloth,M,green,60,7,24
1002,Zaria Garken,Female,40,Towneport,Northern Territory,2021-07-15,2021-08-08,1142,100,1,100,Jacket,Bomber,S,orange,49,7,24
1003,Zaria Garken,Female,40,Towneport,Northern Territory,2021-07-15,2021-08-08,1143,113,1,113,Trousers,Chinos,XL,red,71,7,24
1004,Zaria Garken,Female,40,Towneport,Northern Territory,2021-07-15,2021-08-08,1144,93,1,93,Jacket,Coach,XS,yellow,52,7,24
1005,Zaria Garken,Female,40,Towneport,Northern Territory,2021-07-15,2021-08-08,1145,99,1,99,Trousers,High-Waisted,XL,violet,74,7,24
1006,Zaria Garken,Female,40,Towneport,Northern Territory,2021-07-15,2021-08-08,1146,91,2,182,Shirt,Linen,XS,blue,53,7,24
1007,Zaria Garken,Female,40,Towneport,Northern Territory,2021-06-22,2021-07-08,3536,93,1,93,Jacket,Coach,XL,yellow,68,6,16
1008,Zaria Garken,Female,40,Towneport,Northern Territory,2021-06-22,2021-07-08,3537,94,3,282,Trousers,Cords,S,red,67,6,16
1009,Zaria Garken,Female,40,Towneport,Northern Territory,2021-06-22,2021-07-08,3538,104,1,104,Shirt,Dress,L,blue,61,6,16
1010,Zaria Garken,Female,40,Towneport,Northern Territory,2021-06-22,2021-07-08,3539,105,1,105,Shirt,Cuban Collar,S,green,58,6,16
1011,Zaria Garken,Female,40,Towneport,Northern Territory,2021-06-22,2021-07-08,3540,119,2,238,Jacket,Trench Coat,S,orange,41,6,16
1012,Zaria Garken,Female,40,Towneport,Northern Territory,2021-06-22,2021-07-08,3541,98,2,196,Shirt,Camp Collared,L,blue,56,6,16
1013,Bourke Pembery,Bigender,21,Wildermanside,Tasmania,2021-09-01,2021-09-27,3450,118,3,354,Shirt,Flannel,L,yellow,80,9,26
1014,Bourke Pembery,Bigender,21,Wildermanside,Tasmania,2021-09-01,2021-09-27,3451,99,2,198,Trousers,High-Waisted,M,yellow,45,9,26
1015,Bourke Pembery,Bigender,21,Wildermanside,Tasmania,2021-09-01,2021-09-27,3452,107,3,321,Jacket,Denim,L,violet,50,9,26
1016,Kaitlyn Pinare,Male,24,Lake Matilda,Northern Territory,2021-09-04,2021-09-24,4863,107,2,214,Jacket,Denim,XS,violet,65,9,20
1017,Kaitlyn Pinare,Male,24,Lake Matilda,Northern Territory,2021-09-04,2021-09-24,4864,95,3,285,Shirt,Polo,XS,yellow,79,9,20
1018,Beverlie Blance,Agender,33,Casperfurt,South Australia,2021-07-17,2021-07-28,3101,119,2,238,Shirt,Casual Slim Fit,XS,violet,55,7,11
1019,Beverlie Blance,Agender,33,Casperfurt,South Australia,2021-07-17,2021-07-28,3102,92,2,184,Shirt,Denim,L,violet,78,7,11
1020,Beverlie Blance,Agender,33,Casperfurt,South Australia,2021-07-17,2021-07-28,3103,105,2,210,Shirt,Cuban Collar,S,violet,43,7,11
1021,Duncan Walliker,Genderfluid,37,West Zoe,Victoria,2021-07-18,2021-07-31,1057,102,3,306,Trousers,Cargo Pants,XL,indigo,64,7,13
1022,Duncan Walliker,Genderfluid,37,West Zoe,Victoria,2021-07-18,2021-07-31,1058,113,1,113,Trousers,Chinos,XS,indigo,61,7,13
1023,Duncan Walliker,Genderfluid,37,West Zoe,Victoria,2021-07-18,2021-07-31,1059,113,3,339,Trousers,Chinos,S,violet,64,7,13
1024,Duncan Walliker,Genderfluid,37,West Zoe,Victoria,2021-07-18,2021-07-31,1060,95,2,190,Shirt,Polo,XS,red,40,7,13
1025,Duncan Walliker,Genderfluid,37,West Zoe,Victoria,2021-07-18,2021-07-31,1061,95,3,285,Shirt,Polo,M,violet,77,7,13
1026,Duncan Walliker,Genderfluid,37,West Zoe,Victoria,2021-07-18,2021-07-31,1062,93,1,93,Trousers,Joggers,L,orange,49,7,13
1027,Duncan Walliker,Genderfluid,37,West Zoe,Victoria,2021-07-18,2021-07-31,1063,90,3,270,Trousers,Relaxed Leg,XL,yellow,54,7,13
1028,Duncan Walliker,Genderfluid,37,West Zoe,Victoria,2021-07-09,2021-07-26,1493,119,3,357,Jacket,Trench Coat,S,orange,41,7,17
1029,Duncan Walliker,Genderfluid,37,West Zoe,Victoria,2021-07-09,2021-07-26,1494,102,1,102,Jacket,Windbreaker,XL,yellow,58,7,17
1030,Duncan Walliker,Genderfluid,37,West Zoe,Victoria,2021-07-09,2021-07-26,1495,98,2,196,Shirt,Camp Collared,L,yellow,71,7,17
1031,Duncan Walliker,Genderfluid,37,West Zoe,Victoria,2021-07-09,2021-07-26,1496,105,2,210,Shirt,Cuban Collar,L,indigo,65,7,17
1032,Anders Couvert,Non-binary,80,East Sienna,New South Wales,2021-03-16,2021-03-25,349,118,2,236,Jacket,Puffer,S,indigo,62,3,9
1033,Anders Couvert,Non-binary,80,East Sienna,New South Wales,2021-03-16,2021-03-25,350,102,1,102,Jacket,Windbreaker,XL,orange,67,3,9
1034,Anders Couvert,Non-binary,80,East Sienna,New South Wales,2021-03-16,2021-03-25,351,112,3,336,Trousers,Tracksuit Bottoms,XL,green,49,3,9
1035,Anders Couvert,Non-binary,80,East Sienna,New South Wales,2021-03-16,2021-03-25,352,97,1,97,Trousers,Slim-Fit,M,red,67,3,9
1036,Anders Couvert,Non-binary,80,East Sienna,New South Wales,2021-02-02,2021-02-08,860,100,1,100,Jacket,Bomber,L,violet,68,2,6
1037,Anders Couvert,Non-binary,80,East Sienna,New South Wales,2021-02-02,2021-02-08,861,105,1,105,Shirt,Cuban Collar,M,indigo,58,2,6
1038,Anders Couvert,Non-binary,80,East Sienna,New South Wales,2021-02-02,2021-02-08,862,90,1,90,Trousers,Relaxed Leg,L,orange,78,2,6
1039,Anders Couvert,Non-binary,80,East Sienna,New South Wales,2021-04-01,2021-04-15,1756,119,3,357,Shirt,Casual Slim Fit,M,yellow,76,4,14
1040,Anders Couvert,Non-binary,80,East Sienna,New South Wales,2021-04-01,2021-04-15,1757,98,3,294,Jacket,Leather,XL,indigo,52,4,14
1041,Anders Couvert,Non-binary,80,East Sienna,New South Wales,2021-04-01,2021-04-15,1758,105,2,210,Trousers,Pleated,XL,green,55,4,14
1042,Anders Couvert,Non-binary,80,East Sienna,New South Wales,2021-04-01,2021-04-15,1759,99,2,198,Trousers,High-Waisted,XL,yellow,78,4,14
1043,Anders Couvert,Non-binary,80,East Sienna,New South Wales,2021-04-01,2021-04-15,1760,119,3,357,Jacket,Trench Coat,S,green,53,4,14
1044,Anders Couvert,Non-binary,80,East Sienna,New South Wales,2021-04-01,2021-04-15,1761,91,1,91,Shirt,Linen,XL,orange,59,4,14
1045,Anders Couvert,Non-binary,80,East Sienna,New South Wales,2021-04-01,2021-04-15,1762,119,1,119,Jacket,Trench Coat,M,indigo,42,4,14
1046,Cassaundra Sliman,Agender,71,Lake Mollyburgh,New South Wales,2021-06-15,2021-07-12,668,96,3,288,Shirt,Oxford Cloth,L,orange,48,6,27
1047,Cassaundra Sliman,Agender,71,Lake Mollyburgh,New South Wales,2021-06-15,2021-07-12,669,113,2,226,Trousers,Chinos,L,red,44,6,27
1048,Cassaundra Sliman,Agender,71,Lake Mollyburgh,New South Wales,2021-06-15,2021-07-12,670,92,3,276,Shirt,Denim,S,indigo,69,6,27
1049,Cassaundra Sliman,Agender,71,Lake Mollyburgh,New South Wales,2021-06-15,2021-07-12,671,100,3,300,Jacket,Bomber,XS,green,48,6,27
1050,Cassaundra Sliman,Agender,71,Lake Mollyburgh,New South Wales,2021-06-15,2021-07-12,672,119,3,357,Jacket,Trench Coat,M,green,67,6,27
1051,Cassaundra Sliman,Agender,71,Lake Mollyburgh,New South Wales,2021-06-15,2021-07-12,673,112,3,336,Trousers,Tracksuit Bottoms,M,yellow,80,6,27
1052,Cassaundra Sliman,Agender,71,Lake Mollyburgh,New South Wales,2021-06-15,2021-07-12,674,119,1,119,Jacket,Trench Coat,M,yellow,54,6,27
1053,Cassaundra Sliman,Agender,71,Lake Mollyburgh,New South Wales,2021-06-15,2021-07-12,675,96,3,288,Trousers,Drawstring,M,blue,41,6,27
1054,Cassaundra Sliman,Agender,71,Lake Mollyburgh,New South Wales,2021-06-15,2021-07-12,676,93,3,279,Jacket,Coach,XS,red,71,6,27
1055,Hilda Peter,Non-binary,30,New Sophie,Tasmania,2021-04-15,2021-04-17,2307,105,1,105,Shirt,Cuban Collar,M,orange,49,4,2
1056,Hilda Peter,Non-binary,30,New Sophie,Tasmania,2021-04-15,2021-04-17,2308,94,1,94,Shirt,Henley,XS,green,61,4,2
1057,Hilda Peter,Non-binary,30,New Sophie,Tasmania,2021-04-15,2021-04-17,2309,106,2,212,Shirt,Chambray,M,violet,72,4,2
1058,Hilda Peter,Non-binary,30,New Sophie,Tasmania,2021-04-15,2021-04-17,2310,109,3,327,Shirt,Mandarin Collar,S,green,74,4,2
1059,Hilda Peter,Non-binary,30,New Sophie,Tasmania,2021-04-15,2021-04-17,2311,91,1,91,Shirt,Linen,S,violet,44,4,2
1060,Hilda Peter,Non-binary,30,New Sophie,Tasmania,2021-04-15,2021-04-17,2312,96,1,96,Trousers,Drawstring,XS,violet,62,4,2
1061,Daria Embleton,Genderfluid,63,North Sophie,Australian Capital Territory,2021-04-05,2021-04-25,1542,113,1,113,Jacket,Parka,M,yellow,46,4,20
1062,Daria Embleton,Genderfluid,63,North Sophie,Australian Capital Territory,2021-04-05,2021-04-25,1543,115,1,115,Trousers,Cropped,XL,red,78,4,20
1063,Daria Embleton,Genderfluid,63,North Sophie,Australian Capital Territory,2021-04-05,2021-04-25,1544,91,3,273,Shirt,Linen,XS,orange,70,4,20
1064,Brian Finnes,Genderqueer,25,New Codyville,Victoria,2021-09-15,2021-09-29,893,96,2,192,Shirt,Oxford Cloth,S,violet,41,9,14
1065,Brian Finnes,Genderqueer,25,New Codyville,Victoria,2021-09-15,2021-09-29,894,115,2,230,Trousers,Cropped,XS,green,48,9,14
1066,Brian Finnes,Genderqueer,25,New Codyville,Victoria,2021-09-15,2021-09-29,895,109,2,218,Shirt,Mandarin Collar,L,red,54,9,14
1067,Brian Finnes,Genderqueer,25,New Codyville,Victoria,2021-07-16,2021-08-12,3972,105,2,210,Shirt,Cuban Collar,L,red,45,7,27
1068,Brian Finnes,Genderqueer,25,New Codyville,Victoria,2021-07-16,2021-08-12,3973,119,1,119,Jacket,Trench Coat,XS,indigo,56,7,27
1069,Brian Finnes,Genderqueer,25,New Codyville,Victoria,2021-07-16,2021-08-12,3974,97,2,194,Trousers,Slim-Fit,S,indigo,41,7,27
1070,Brian Finnes,Genderqueer,25,New Codyville,Victoria,2021-07-16,2021-08-12,3975,112,3,336,Jacket,Cardigan,S,indigo,61,7,27
1071,Brian Finnes,Genderqueer,25,New Codyville,Victoria,2021-07-16,2021-08-12,3976,98,2,196,Shirt,Camp Collared,XS,violet,72,7,27
1072,Brian Finnes,Genderqueer,25,New Codyville,Victoria,2021-07-16,2021-08-12,3977,91,1,91,Shirt,Linen,L,green,72,7,27
1073,Brian Finnes,Genderqueer,25,New Codyville,Victoria,2021-07-16,2021-08-12,3978,106,2,212,Trousers,Wool,L,indigo,41,7,27
1074,Brian Finnes,Genderqueer,25,New Codyville,Victoria,2021-07-16,2021-08-12,3979,118,3,354,Jacket,Puffer,M,blue,60,7,27
1075,Brian Finnes,Genderqueer,25,New Codyville,Victoria,2021-07-16,2021-08-12,3980,92,2,184,Shirt,Denim,S,indigo,69,7,27
1076,Valentine Marley,Bigender,61,New Ava,Queensland,2021-01-29,2021-02-13,875,118,1,118,Jacket,Puffer,L,orange,66,1,15
1077,Valentine Marley,Bigender,61,New Ava,Queensland,2021-01-29,2021-02-13,876,102,3,306,Jacket,Windbreaker,S,green,65,1,15
1078,Valentine Marley,Bigender,61,New Ava,Queensland,2021-07-14,2021-08-09,3549,91,2,182,Shirt,Linen,L,violet,70,7,26
1079,Valentine Marley,Bigender,61,New Ava,Queensland,2021-07-14,2021-08-09,3550,102,1,102,Jacket,Windbreaker,XL,violet,54,7,26
1080,Valentine Marley,Bigender,61,New Ava,Queensland,2021-07-14,2021-08-09,3551,91,1,91,Shirt,Linen,M,blue,58,7,26
1081,Valentine Marley,Bigender,61,New Ava,Queensland,2021-07-14,2021-08-09,3552,112,2,224,Trousers,Tracksuit Bottoms,XS,indigo,63,7,26
1082,Valentine Marley,Bigender,61,New Ava,Queensland,2021-07-14,2021-08-09,3553,113,2,226,Trousers,Chinos,L,violet,62,7,26
1083,Valentine Marley,Bigender,61,New Ava,Queensland,2021-07-14,2021-08-09,3554,109,2,218,Shirt,Mandarin Collar,S,yellow,76,7,26
1084,Faunie Cooney,Male,38,Port Chelseaport,Victoria,2021-02-14,2021-02-19,2268,96,1,96,Shirt,Oxford Cloth,L,yellow,75,2,5
1085,Faunie Cooney,Male,38,Port Chelseaport,Victoria,2021-02-14,2021-02-19,2269,93,1,93,Trousers,Joggers,M,blue,78,2,5
1086,Faunie Cooney,Male,38,Port Chelseaport,Victoria,2021-02-14,2021-02-19,2270,117,3,351,Jacket,Shearling,XS,violet,75,2,5
1087,Faunie Cooney,Male,38,Port Chelseaport,Victoria,2021-02-14,2021-02-19,2271,113,2,226,Jacket,Parka,L,blue,61,2,5
1088,Faunie Cooney,Male,38,Port Chelseaport,Victoria,2021-02-14,2021-02-19,2272,115,2,230,Trousers,Cropped,S,yellow,65,2,5
1089,Faunie Cooney,Male,38,Port Chelseaport,Victoria,2021-02-14,2021-02-19,2273,96,2,192,Trousers,Drawstring,XL,violet,80,2,5
1090,Faunie Cooney,Male,38,Port Chelseaport,Victoria,2021-08-23,2021-09-12,2578,106,3,318,Shirt,Chambray,XS,blue,76,8,20
1091,Faunie Cooney,Male,38,Port Chelseaport,Victoria,2021-08-23,2021-09-12,2579,90,2,180,Trousers,Relaxed Leg,XL,yellow,54,8,20
1092,Faunie Cooney,Male,38,Port Chelseaport,Victoria,2021-08-23,2021-09-12,2580,91,2,182,Shirt,Linen,S,green,58,8,20
1093,Faunie Cooney,Male,38,Port Chelseaport,Victoria,2021-08-23,2021-09-12,2581,117,1,117,Jacket,Shearling,L,green,66,8,20
1094,Faunie Cooney,Male,38,Port Chelseaport,Victoria,2021-08-23,2021-09-12,2582,98,1,98,Jacket,Leather,XS,indigo,78,8,20
1095,Faunie Cooney,Male,38,Port Chelseaport,Victoria,2021-08-23,2021-09-12,2583,119,2,238,Shirt,Casual Slim Fit,S,orange,54,8,20
1096,Faunie Cooney,Male,38,Port Chelseaport,Victoria,2021-08-23,2021-09-12,2584,91,2,182,Shirt,Linen,S,blue,77,8,20
1097,Faunie Cooney,Male,38,Port Chelseaport,Victoria,2021-08-23,2021-09-12,2585,96,1,96,Trousers,Drawstring,XL,yellow,48,8,20
1098,Faunie Cooney,Male,38,Port Chelseaport,Victoria,2021-08-23,2021-09-12,2586,93,2,186,Jacket,Coach,M,blue,54,8,20
1099,Faunie Cooney,Male,38,Port Chelseaport,Victoria,2021-02-02,2021-02-17,4728,112,3,336,Jacket,Cardigan,S,indigo,61,2,15
1100,Faunie Cooney,Male,38,Port Chelseaport,Victoria,2021-02-02,2021-02-17,4729,113,1,113,Trousers,Chinos,XS,yellow,41,2,15
1101,Faunie Cooney,Male,38,Port Chelseaport,Victoria,2021-02-02,2021-02-17,4730,117,1,117,Jacket,Shearling,M,blue,73,2,15
1102,Faunie Cooney,Male,38,Port Chelseaport,Victoria,2021-02-02,2021-02-17,4731,113,1,113,Trousers,Chinos,XS,violet,72,2,15
1103,Faunie Cooney,Male,38,Port Chelseaport,Victoria,2021-02-02,2021-02-17,4732,109,3,327,Shirt,Mandarin Collar,S,red,48,2,15
1104,Faunie Cooney,Male,38,Port Chelseaport,Victoria,2021-02-02,2021-02-17,4733,96,2,192,Trousers,Drawstring,XL,red,77,2,15
1105,Lucias Forsythe,Bigender,40,West Kiara,Tasmania,2021-04-14,2021-05-08,1607,96,1,96,Shirt,Oxford Cloth,L,orange,48,4,24
1106,Lucias Forsythe,Bigender,40,West Kiara,Tasmania,2021-04-14,2021-05-08,1608,93,3,279,Trousers,Joggers,XL,green,56,4,24
1107,Lucias Forsythe,Bigender,40,West Kiara,Tasmania,2021-04-14,2021-05-08,1609,102,1,102,Trousers,Cargo Pants,XS,indigo,51,4,24
1108,Atlante McGrotty,Female,57,Mayerland,Victoria,2021-06-18,2021-07-02,3321,113,2,226,Jacket,Parka,M,orange,51,6,14
1109,Atlante McGrotty,Female,57,Mayerland,Victoria,2021-06-18,2021-07-02,3322,97,1,97,Trousers,Slim-Fit,XS,green,74,6,14
1110,Atlante McGrotty,Female,57,Mayerland,Victoria,2021-06-18,2021-07-02,3323,98,1,98,Jacket,Leather,XS,violet,70,6,14
1111,Atlante McGrotty,Female,57,Mayerland,Victoria,2021-07-13,2021-08-09,4933,115,2,230,Trousers,Cropped,S,green,71,7,27
1112,Atlante McGrotty,Female,57,Mayerland,Victoria,2021-07-13,2021-08-09,4934,96,1,96,Shirt,Oxford Cloth,M,indigo,62,7,27
1113,Atlante McGrotty,Female,57,Mayerland,Victoria,2021-07-13,2021-08-09,4935,105,1,105,Shirt,Cuban Collar,M,indigo,58,7,27
1114,Atlante McGrotty,Female,57,Mayerland,Victoria,2021-07-13,2021-08-09,4936,107,2,214,Jacket,Denim,M,violet,43,7,27
1115,Atlante McGrotty,Female,57,Mayerland,Victoria,2021-07-13,2021-08-09,4937,99,2,198,Trousers,High-Waisted,L,red,52,7,27
1116,Atlante McGrotty,Female,57,Mayerland,Victoria,2021-07-13,2021-08-09,4938,98,3,294,Shirt,Camp Collared,XS,orange,52,7,27
1117,Lavina Dartnell,Polygender,23,Boyleberg,Queensland,2021-02-06,2021-03-01,1261,97,2,194,Trousers,Slim-Fit,S,green,70,2,23
1118,Lavina Dartnell,Polygender,23,Boyleberg,Queensland,2021-02-06,2021-03-01,1262,96,3,288,Trousers,Drawstring,XS,yellow,41,2,23
1119,Lavina Dartnell,Polygender,23,Boyleberg,Queensland,2021-02-06,2021-03-01,1263,94,3,282,Trousers,Cords,S,yellow,68,2,23
1120,Lavina Dartnell,Polygender,23,Boyleberg,Queensland,2021-02-06,2021-03-01,1264,107,1,107,Jacket,Denim,XS,orange,60,2,23
1121,Lavina Dartnell,Polygender,23,Boyleberg,Queensland,2021-06-07,2021-06-17,2265,107,2,214,Jacket,Denim,M,indigo,52,6,10
1122,Lavina Dartnell,Polygender,23,Boyleberg,Queensland,2021-06-07,2021-06-17,2266,97,1,97,Trousers,Slim-Fit,M,blue,75,6,10
1123,Lavina Dartnell,Polygender,23,Boyleberg,Queensland,2021-06-07,2021-06-17,2267,107,2,214,Jacket,Denim,M,red,43,6,10
1124,Jeanne Pringer,Female,78,Wilsonside,Australian Capital Territory,2021-03-10,2021-03-22,373,107,1,107,Jacket,Denim,M,blue,61,3,12
1125,Jeanne Pringer,Female,78,Wilsonside,Australian Capital Territory,2021-03-10,2021-03-22,374,94,1,94,Shirt,Henley,XL,indigo,52,3,12
1126,Jeanne Pringer,Female,78,Wilsonside,Australian Capital Territory,2021-03-10,2021-03-22,375,112,3,336,Jacket,Cardigan,L,green,63,3,12
1127,Scot Billany,Male,44,Beiermouth,Queensland,2021-06-20,2021-07-06,3762,91,1,91,Jacket,Pullover,XL,green,65,6,16
1128,Scot Billany,Male,44,Beiermouth,Queensland,2021-06-20,2021-07-06,3763,119,2,238,Jacket,Trench Coat,L,indigo,71,6,16
1129,Scot Billany,Male,44,Beiermouth,Queensland,2021-06-20,2021-07-06,3764,90,3,270,Trousers,Relaxed Leg,XS,blue,54,6,16
1130,Scot Billany,Male,44,Beiermouth,Queensland,2021-06-20,2021-07-06,3765,106,1,106,Shirt,Chambray,S,violet,52,6,16
1131,Scot Billany,Male,44,Beiermouth,Queensland,2021-06-20,2021-07-06,3766,102,3,306,Trousers,Cargo Pants,M,indigo,51,6,16
1132,Scot Billany,Male,44,Beiermouth,Queensland,2021-06-20,2021-07-06,3767,112,3,336,Jacket,Cardigan,M,green,46,6,16
1133,Scot Billany,Male,44,Beiermouth,Queensland,2021-04-08,2021-04-27,4268,94,2,188,Shirt,Henley,L,green,41,4,19
1134,Scot Billany,Male,44,Beiermouth,Queensland,2021-04-08,2021-04-27,4269,112,3,336,Jacket,Cardigan,S,blue,53,4,19
1135,Scot Billany,Male,44,Beiermouth,Queensland,2021-04-08,2021-04-27,4270,93,2,186,Jacket,Coach,M,blue,54,4,19
1136,Scot Billany,Male,44,Beiermouth,Queensland,2021-04-08,2021-04-27,4271,119,2,238,Jacket,Trench Coat,XS,red,78,4,19
1137,Scot Billany,Male,44,Beiermouth,Queensland,2021-04-08,2021-04-27,4272,98,2,196,Jacket,Leather,L,orange,78,4,19
1138,Dulcia Gawthorpe,Bigender,46,North Lillian,Australian Capital Territory,2021-05-02,2021-05-16,1124,91,3,273,Jacket,Pullover,XL,blue,74,5,14
1139,Dulcia Gawthorpe,Bigender,46,North Lillian,Australian Capital Territory,2021-05-02,2021-05-16,1125,95,2,190,Shirt,Polo,S,red,60,5,14
1140,Dulcia Gawthorpe,Bigender,46,North Lillian,Australian Capital Territory,2021-05-02,2021-05-16,1126,107,2,214,Jacket,Denim,M,indigo,52,5,14
1141,Dulcia Gawthorpe,Bigender,46,North Lillian,Australian Capital Territory,2021-05-02,2021-05-16,1127,104,3,312,Shirt,Dress,L,orange,73,5,14
1142,Dulcia Gawthorpe,Bigender,46,North Lillian,Australian Capital Territory,2021-05-02,2021-05-16,1128,99,3,297,Trousers,High-Waisted,M,indigo,61,5,14
1143,Dulcia Gawthorpe,Bigender,46,North Lillian,Australian Capital Territory,2021-06-15,2021-06-27,1451,112,3,336,Trousers,Tracksuit Bottoms,XS,yellow,76,6,12
1144,Dulcia Gawthorpe,Bigender,46,North Lillian,Australian Capital Territory,2021-06-15,2021-06-27,1452,95,1,95,Shirt,Polo,M,red,70,6,12
1145,Dulcia Gawthorpe,Bigender,46,North Lillian,Australian Capital Territory,2021-06-15,2021-06-27,1453,119,2,238,Shirt,Casual Slim Fit,S,violet,50,6,12
1146,Dulcia Gawthorpe,Bigender,46,North Lillian,Australian Capital Territory,2021-06-15,2021-06-27,1454,113,1,113,Trousers,Chinos,XS,orange,53,6,12
1147,Dulcia Gawthorpe,Bigender,46,North Lillian,Australian Capital Territory,2021-06-15,2021-06-27,1455,109,1,109,Jacket,Peacoat,M,green,49,6,12
1148,Dulcia Gawthorpe,Bigender,46,North Lillian,Australian Capital Territory,2021-06-15,2021-06-27,1456,94,3,282,Trousers,Cords,M,green,76,6,12
1149,Dulcia Gawthorpe,Bigender,46,North Lillian,Australian Capital Territory,2021-06-15,2021-06-27,1457,113,2,226,Jacket,Parka,M,orange,51,6,12
1150,Dulcia Gawthorpe,Bigender,46,North Lillian,Australian Capital Territory,2021-06-15,2021-06-27,1458,113,2,226,Trousers,Chinos,XL,yellow,59,6,12
1151,Dulcia Gawthorpe,Bigender,46,North Lillian,Australian Capital Territory,2021-06-15,2021-06-27,1459,109,1,109,Jacket,Peacoat,M,blue,71,6,12
1152,Dulcia Gawthorpe,Bigender,46,North Lillian,Australian Capital Territory,2021-06-15,2021-06-27,1460,97,2,194,Trousers,Slim-Fit,S,indigo,41,6,12
1153,Trista Aspray,Genderfluid,61,Johnstonshire,Australian Capital Territory,2021-04-29,2021-05-08,437,90,2,180,Trousers,Relaxed Leg,M,orange,74,4,9
1154,Trista Aspray,Genderfluid,61,Johnstonshire,Australian Capital Territory,2021-04-29,2021-05-08,438,107,2,214,Jacket,Denim,S,yellow,43,4,9
1155,Trista Aspray,Genderfluid,61,Johnstonshire,Australian Capital Territory,2021-04-29,2021-05-08,439,96,1,96,Trousers,Drawstring,L,violet,62,4,9
1156,Trista Aspray,Genderfluid,61,Johnstonshire,Australian Capital Territory,2021-04-29,2021-05-08,440,115,1,115,Trousers,Cropped,L,green,55,4,9
1157,Trista Aspray,Genderfluid,61,Johnstonshire,Australian Capital Territory,2021-04-29,2021-05-08,441,106,3,318,Trousers,Wool,M,red,58,4,9
1158,Trista Aspray,Genderfluid,61,Johnstonshire,Australian Capital Territory,2021-04-29,2021-05-08,442,93,1,93,Jacket,Coach,XS,green,78,4,9
1159,Mira Heinonen,Female,62,South Declan,Queensland,2021-04-11,2021-05-03,1899,113,3,339,Trousers,Chinos,M,red,54,4,22
1160,Mira Heinonen,Female,62,South Declan,Queensland,2021-04-11,2021-05-03,1900,107,3,321,Jacket,Denim,XS,blue,49,4,22
1161,Mira Heinonen,Female,62,South Declan,Queensland,2021-04-11,2021-05-03,1901,118,3,354,Jacket,Puffer,M,green,72,4,22
1162,Mira Heinonen,Female,62,South Declan,Queensland,2021-04-11,2021-05-03,1902,105,3,315,Trousers,Pleated,L,indigo,73,4,22
1163,Mira Heinonen,Female,62,South Declan,Queensland,2021-04-11,2021-05-03,1903,119,3,357,Jacket,Trench Coat,L,red,70,4,22
1164,Mira Heinonen,Female,62,South Declan,Queensland,2021-04-11,2021-05-03,1904,93,2,186,Trousers,Joggers,XL,indigo,66,4,22
1165,Mira Heinonen,Female,62,South Declan,Queensland,2021-04-11,2021-05-03,1905,115,3,345,Trousers,Cropped,XL,indigo,58,4,22
1166,Mira Heinonen,Female,62,South Declan,Queensland,2021-01-27,2021-02-03,3981,94,1,94,Shirt,Henley,M,blue,42,1,7
1167,Mira Heinonen,Female,62,South Declan,Queensland,2021-01-27,2021-02-03,3982,97,3,291,Trousers,Slim-Fit,XS,indigo,74,1,7
1168,Mira Heinonen,Female,62,South Declan,Queensland,2021-01-27,2021-02-03,3983,91,3,273,Jacket,Pullover,L,yellow,43,1,7
1169,Mira Heinonen,Female,62,South Declan,Queensland,2021-01-27,2021-02-03,3984,106,2,212,Trousers,Wool,M,orange,75,1,7
1170,Mira Heinonen,Female,62,South Declan,Queensland,2021-01-27,2021-02-03,3985,106,1,106,Shirt,Chambray,M,yellow,62,1,7
1171,Mira Heinonen,Female,62,South Declan,Queensland,2021-01-27,2021-02-03,3986,113,2,226,Trousers,Chinos,XL,orange,48,1,7
1172,Mira Heinonen,Female,62,South Declan,Queensland,2021-01-27,2021-02-03,3987,118,3,354,Shirt,Flannel,M,red,68,1,7
1173,Whitney Scarman,Female,27,Trompview,Tasmania,2021-07-07,2021-07-26,139,119,2,238,Shirt,Casual Slim Fit,M,blue,61,7,19
1174,Whitney Scarman,Female,27,Trompview,Tasmania,2021-07-07,2021-07-26,140,109,2,218,Shirt,Mandarin Collar,XS,yellow,45,7,19
1175,Whitney Scarman,Female,27,Trompview,Tasmania,2021-07-07,2021-07-26,141,96,1,96,Shirt,Oxford Cloth,M,red,54,7,19
1176,Whitney Scarman,Female,27,Trompview,Tasmania,2021-07-07,2021-07-26,142,119,2,238,Shirt,Casual Slim Fit,S,indigo,65,7,19
1177,Whitney Scarman,Female,27,Trompview,Tasmania,2021-07-07,2021-07-26,143,99,1,99,Trousers,High-Waisted,M,yellow,45,7,19
1178,Whitney Scarman,Female,27,Trompview,Tasmania,2021-07-07,2021-07-26,144,118,3,354,Jacket,Puffer,M,orange,61,7,19
1179,Whitney Scarman,Female,27,Trompview,Tasmania,2021-07-21,2021-07-27,3494,113,3,339,Jacket,Parka,L,orange,77,7,6
1180,Whitney Scarman,Female,27,Trompview,Tasmania,2021-07-21,2021-07-27,3495,104,2,208,Shirt,Dress,XL,orange,78,7,6
1181,Whitney Scarman,Female,27,Trompview,Tasmania,2021-07-21,2021-07-27,3496,93,2,186,Trousers,Joggers,XS,violet,50,7,6
1182,Whitney Scarman,Female,27,Trompview,Tasmania,2021-07-21,2021-07-27,3497,104,2,208,Shirt,Dress,L,indigo,71,7,6
1183,Ringo Sollars,Genderfluid,22,West Cameron,Western Australia,2021-07-06,2021-07-11,1175,119,1,119,Shirt,Casual Slim Fit,XL,red,47,7,5
1184,Ringo Sollars,Genderfluid,22,West Cameron,Western Australia,2021-07-06,2021-07-11,1176,100,3,300,Jacket,Bomber,M,orange,69,7,5
1185,Vite Durrant,Male,40,Port Michael,Queensland,2021-01-10,2021-01-17,2756,112,2,224,Jacket,Cardigan,XS,green,40,1,7
1186,Vite Durrant,Male,40,Port Michael,Queensland,2021-01-10,2021-01-17,2757,113,3,339,Trousers,Chinos,M,green,49,1,7
1187,Vite Durrant,Male,40,Port Michael,Queensland,2021-01-10,2021-01-17,2758,94,2,188,Trousers,Cords,L,blue,77,1,7
1188,Vite Durrant,Male,40,Port Michael,Queensland,2021-01-10,2021-01-17,2759,102,2,204,Trousers,Cargo Pants,L,green,42,1,7
1189,Vite Durrant,Male,40,Port Michael,Queensland,2021-01-10,2021-01-17,2760,115,3,345,Trousers,Cropped,XL,indigo,58,1,7
1190,Vite Durrant,Male,40,Port Michael,Queensland,2021-01-10,2021-01-17,2761,118,3,354,Shirt,Flannel,XL,yellow,72,1,7
1191,Ianthe Magowan,Male,52,Lake Laurenview,Tasmania,2021-09-02,2021-09-27,3872,94,2,188,Shirt,Henley,M,blue,42,9,25
1192,Ianthe Magowan,Male,52,Lake Laurenview,Tasmania,2021-09-02,2021-09-27,3873,91,1,91,Jacket,Pullover,XL,green,65,9,25
1193,Ianthe Magowan,Male,52,Lake Laurenview,Tasmania,2021-09-02,2021-09-27,3874,119,2,238,Shirt,Casual Slim Fit,XL,violet,57,9,25
1194,Ianthe Magowan,Male,52,Lake Laurenview,Tasmania,2021-09-02,2021-09-27,3875,113,2,226,Jacket,Parka,XL,indigo,78,9,25
1195,Sheff Ruoss,Non-binary,55,Laylabury,New South Wales,2021-06-02,2021-06-11,1527,98,3,294,Jacket,Leather,XS,green,57,6,9
1196,Sheff Ruoss,Non-binary,55,Laylabury,New South Wales,2021-06-02,2021-06-11,1528,98,1,98,Shirt,Camp Collared,S,blue,75,6,9
1197,Sheff Ruoss,Non-binary,55,Laylabury,New South Wales,2021-06-02,2021-06-11,1529,102,2,204,Trousers,Cargo Pants,XL,orange,61,6,9
1198,Sheff Ruoss,Non-binary,55,Laylabury,New South Wales,2021-06-02,2021-06-11,1530,93,3,279,Trousers,Joggers,L,yellow,58,6,9
1199,Sheff Ruoss,Non-binary,55,Laylabury,New South Wales,2021-06-02,2021-06-11,1531,107,2,214,Jacket,Denim,XS,red,60,6,9
1200,Sheff Ruoss,Non-binary,55,Laylabury,New South Wales,2021-06-02,2021-06-11,1532,92,3,276,Shirt,Denim,L,green,71,6,9
1201,Sheff Ruoss,Non-binary,55,Laylabury,New South Wales,2021-06-02,2021-06-11,1533,98,3,294,Jacket,Leather,M,red,54,6,9
1202,Sheff Ruoss,Non-binary,55,Laylabury,New South Wales,2021-06-02,2021-06-11,1534,96,1,96,Shirt,Oxford Cloth,M,red,54,6,9
1203,Sheff Ruoss,Non-binary,55,Laylabury,New South Wales,2021-04-17,2021-05-04,4581,106,2,212,Shirt,Chambray,S,indigo,59,4,17
1204,Sheff Ruoss,Non-binary,55,Laylabury,New South Wales,2021-04-17,2021-05-04,4582,106,1,106,Shirt,Chambray,S,orange,69,4,17
1205,Sheff Ruoss,Non-binary,55,Laylabury,New South Wales,2021-04-17,2021-05-04,4583,96,1,96,Shirt,Oxford Cloth,L,blue,59,4,17
1206,Sheff Ruoss,Non-binary,55,Laylabury,New South Wales,2021-04-17,2021-05-04,4584,104,1,104,Shirt,Dress,L,green,52,4,17
1207,Sheff Ruoss,Non-binary,55,Laylabury,New South Wales,2021-04-17,2021-05-04,4585,100,3,300,Jacket,Bomber,XS,green,48,4,17
1208,Sheff Ruoss,Non-binary,55,Laylabury,New South Wales,2021-04-17,2021-05-04,4586,102,3,306,Trousers,Cargo Pants,S,yellow,48,4,17
1209,Sheff Ruoss,Non-binary,55,Laylabury,New South Wales,2021-04-17,2021-05-04,4587,99,2,198,Trousers,High-Waisted,S,green,73,4,17
1210,Sheff Ruoss,Non-binary,55,Laylabury,New South Wales,2021-04-17,2021-05-04,4588,106,1,106,Trousers,Wool,XS,blue,58,4,17
1211,Lionel Mansel,Bigender,45,Lukefurt,Western Australia,2021-02-03,2021-02-04,999,102,2,204,Jacket,Windbreaker,M,yellow,52,2,1
1212,Lionel Mansel,Bigender,45,Lukefurt,Western Australia,2021-02-03,2021-02-04,1000,102,2,204,Jacket,Windbreaker,S,green,65,2,1
1213,Lionel Mansel,Bigender,45,Lukefurt,Western Australia,2021-02-03,2021-02-04,1001,106,1,106,Shirt,Chambray,XS,blue,76,2,1
1214,Lionel Mansel,Bigender,45,Lukefurt,Western Australia,2021-07-05,2021-07-08,3364,117,2,234,Jacket,Shearling,L,violet,61,7,3
1215,Lionel Mansel,Bigender,45,Lukefurt,Western Australia,2021-07-05,2021-07-08,3365,104,1,104,Shirt,Dress,S,blue,46,7,3
1216,Lionel Mansel,Bigender,45,Lukefurt,Western Australia,2021-07-05,2021-07-08,3366,105,2,210,Shirt,Cuban Collar,S,violet,43,7,3
1217,Lionel Mansel,Bigender,45,Lukefurt,Western Australia,2021-07-05,2021-07-08,3367,104,3,312,Shirt,Dress,S,violet,69,7,3
1218,Lionel Mansel,Bigender,45,Lukefurt,Western Australia,2021-07-05,2021-07-08,3368,117,3,351,Jacket,Shearling,M,blue,73,7,3
1219,Lionel Mansel,Bigender,45,Lukefurt,Western Australia,2021-07-05,2021-07-08,3369,97,3,291,Trousers,Slim-Fit,L,yellow,64,7,3
1220,Muire Ashtonhurst,Male,47,West Michael,South Australia,2021-03-29,2021-04-11,4966,109,1,109,Shirt,Mandarin Collar,XL,blue,71,3,13
1221,Muire Ashtonhurst,Male,47,West Michael,South Australia,2021-03-29,2021-04-11,4967,94,3,282,Shirt,Henley,S,yellow,70,3,13
1222,Muire Ashtonhurst,Male,47,West Michael,South Australia,2021-03-29,2021-04-11,4968,112,3,336,Jacket,Cardigan,L,indigo,40,3,13
1223,Muire Ashtonhurst,Male,47,West Michael,South Australia,2021-03-29,2021-04-11,4969,93,2,186,Trousers,Joggers,XL,blue,52,3,13
1224,Muire Ashtonhurst,Male,47,West Michael,South Australia,2021-03-29,2021-04-11,4970,98,2,196,Jacket,Leather,XS,red,67,3,13
1225,Rutger Hugonnet,Bigender,20,New Jadehaven,New South Wales,2021-08-25,2021-09-05,2166,106,2,212,Shirt,Chambray,L,violet,53,8,11
1226,Rutger Hugonnet,Bigender,20,New Jadehaven,New South Wales,2021-08-25,2021-09-05,2167,94,1,94,Shirt,Henley,L,yellow,62,8,11
1227,Rutger Hugonnet,Bigender,20,New Jadehaven,New South Wales,2021-08-25,2021-09-05,2168,104,3,312,Shirt,Dress,L,orange,73,8,11
1228,Rutger Hugonnet,Bigender,20,New Jadehaven,New South Wales,2021-08-25,2021-09-05,2169,105,3,315,Shirt,Cuban Collar,L,indigo,65,8,11
1229,Rutger Hugonnet,Bigender,20,New Jadehaven,New South Wales,2021-08-25,2021-09-05,2170,102,1,102,Jacket,Windbreaker,L,violet,72,8,11
1230,Rutger Hugonnet,Bigender,20,New Jadehaven,New South Wales,2021-08-25,2021-09-05,2171,99,3,297,Trousers,High-Waisted,S,blue,75,8,11
1231,Rutger Hugonnet,Bigender,20,New Jadehaven,New South Wales,2021-03-26,2021-04-09,4310,109,1,109,Jacket,Peacoat,XS,orange,78,3,14
1232,Rutger Hugonnet,Bigender,20,New Jadehaven,New South Wales,2021-03-26,2021-04-09,4311,119,1,119,Shirt,Casual Slim Fit,XS,green,69,3,14
1233,Rutger Hugonnet,Bigender,20,New Jadehaven,New South Wales,2021-03-26,2021-04-09,4312,98,2,196,Shirt,Camp Collared,XS,orange,52,3,14
1234,Rutger Hugonnet,Bigender,20,New Jadehaven,New South Wales,2021-03-26,2021-04-09,4313,91,3,273,Shirt,Linen,M,orange,42,3,14
1235,Kendre Etherton,Genderqueer,22,New Angelinaberg,Victoria,2021-07-16,2021-08-12,4617,94,1,94,Trousers,Cords,XS,orange,70,7,27
1236,Kendre Etherton,Genderqueer,22,New Angelinaberg,Victoria,2021-07-16,2021-08-12,4618,112,2,224,Jacket,Cardigan,XL,violet,64,7,27
1237,Kendre Etherton,Genderqueer,22,New Angelinaberg,Victoria,2021-07-16,2021-08-12,4619,102,3,306,Jacket,Windbreaker,S,blue,41,7,27
1238,Kendre Etherton,Genderqueer,22,New Angelinaberg,Victoria,2021-07-16,2021-08-12,4620,107,1,107,Jacket,Denim,XS,blue,49,7,27
1239,Kendre Etherton,Genderqueer,22,New Angelinaberg,Victoria,2021-07-16,2021-08-12,4621,98,2,196,Shirt,Camp Collared,XL,violet,40,7,27
1240,Kendre Etherton,Genderqueer,22,New Angelinaberg,Victoria,2021-08-26,2021-09-12,4850,99,3,297,Trousers,High-Waisted,XL,blue,65,8,17
1241,Kendre Etherton,Genderqueer,22,New Angelinaberg,Victoria,2021-08-26,2021-09-12,4851,105,3,315,Trousers,Pleated,M,green,41,8,17
1242,Kendre Etherton,Genderqueer,22,New Angelinaberg,Victoria,2021-08-26,2021-09-12,4852,109,1,109,Shirt,Mandarin Collar,M,green,57,8,17
1243,Dag Schiefersten,Bigender,46,Noahmouth,Northern Territory,2021-01-12,2021-01-30,404,107,3,321,Jacket,Denim,XL,yellow,56,1,18
1244,Dag Schiefersten,Bigender,46,Noahmouth,Northern Territory,2021-01-12,2021-01-30,405,106,3,318,Trousers,Wool,XL,yellow,72,1,18
1245,Dag Schiefersten,Bigender,46,Noahmouth,Northern Territory,2021-01-12,2021-01-30,406,106,2,212,Shirt,Chambray,XL,blue,43,1,18
1246,Dag Schiefersten,Bigender,46,Noahmouth,Northern Territory,2021-01-12,2021-01-30,407,106,3,318,Trousers,Wool,S,yellow,69,1,18
1247,Silas Chaman,Genderfluid,56,Gardenport,Victoria,2021-01-01,2021-01-05,3390,96,3,288,Shirt,Oxford Cloth,XL,red,47,1,4
1248,Silas Chaman,Genderfluid,56,Gardenport,Victoria,2021-01-01,2021-01-05,3391,109,2,218,Jacket,Peacoat,L,green,73,1,4
1249,Silas Chaman,Genderfluid,56,Gardenport,Victoria,2021-01-01,2021-01-05,3392,93,1,93,Trousers,Joggers,XL,red,58,1,4
1250,Silas Chaman,Genderfluid,56,Gardenport,Victoria,2021-01-01,2021-01-05,3393,97,2,194,Trousers,Slim-Fit,L,indigo,48,1,4
1251,Silas Chaman,Genderfluid,56,Gardenport,Victoria,2021-01-01,2021-01-05,3394,90,3,270,Trousers,Relaxed Leg,S,red,70,1,4
1252,Silas Chaman,Genderfluid,56,Gardenport,Victoria,2021-01-01,2021-01-05,3395,100,1,100,Jacket,Bomber,S,green,54,1,4
1253,Michele Osmant,Non-binary,73,North Josephmouth,Queensland,2021-08-26,2021-09-17,4494,96,3,288,Shirt,Oxford Cloth,XS,violet,74,8,22
1254,Michele Osmant,Non-binary,73,North Josephmouth,Queensland,2021-08-26,2021-09-17,4495,118,3,354,Shirt,Flannel,S,blue,43,8,22
1255,Michele Osmant,Non-binary,73,North Josephmouth,Queensland,2021-08-26,2021-09-17,4496,109,1,109,Shirt,Mandarin Collar,S,green,74,8,22
1256,Michele Osmant,Non-binary,73,North Josephmouth,Queensland,2021-08-26,2021-09-17,4497,100,2,200,Jacket,Bomber,XL,indigo,50,8,22
1257,Michele Osmant,Non-binary,73,North Josephmouth,Queensland,2021-08-26,2021-09-17,4498,117,1,117,Jacket,Shearling,XL,yellow,63,8,22
1258,Michele Osmant,Non-binary,73,North Josephmouth,Queensland,2021-08-26,2021-09-17,4499,113,1,113,Trousers,Chinos,L,violet,62,8,22
1259,Michele Osmant,Non-binary,73,North Josephmouth,Queensland,2021-08-26,2021-09-17,4500,117,3,351,Jacket,Shearling,XS,green,74,8,22
1260,Michele Osmant,Non-binary,73,North Josephmouth,Queensland,2021-08-26,2021-09-17,4501,98,3,294,Jacket,Leather,S,blue,75,8,22
1261,Wren Helgass,Female,59,Port Hannahburgh,Australian Capital Territory,2021-01-27,2021-02-10,2123,95,2,190,Shirt,Polo,S,blue,76,1,14
1262,Wren Helgass,Female,59,Port Hannahburgh,Australian Capital Territory,2021-01-27,2021-02-10,2124,112,3,336,Trousers,Tracksuit Bottoms,S,orange,59,1,14
1263,Wren Helgass,Female,59,Port Hannahburgh,Australian Capital Territory,2021-01-27,2021-02-10,2125,109,3,327,Jacket,Peacoat,M,green,49,1,14
1264,Wren Helgass,Female,59,Port Hannahburgh,Australian Capital Territory,2021-01-27,2021-02-10,2126,97,3,291,Trousers,Slim-Fit,XL,blue,47,1,14
1265,Wren Helgass,Female,59,Port Hannahburgh,Australian Capital Territory,2021-01-27,2021-02-10,2127,109,1,109,Jacket,Peacoat,S,violet,73,1,14
1266,Wren Helgass,Female,59,Port Hannahburgh,Australian Capital Territory,2021-01-27,2021-02-10,2128,100,2,200,Jacket,Bomber,S,indigo,41,1,14
1267,Wren Helgass,Female,59,Port Hannahburgh,Australian Capital Territory,2021-01-27,2021-02-10,2129,96,3,288,Shirt,Oxford Cloth,M,indigo,62,1,14
1268,Wren Helgass,Female,59,Port Hannahburgh,Australian Capital Territory,2021-01-27,2021-02-10,2130,118,3,354,Shirt,Flannel,XS,blue,62,1,14
1269,Wren Helgass,Female,59,Port Hannahburgh,Australian Capital Territory,2021-01-27,2021-02-10,2131,119,2,238,Jacket,Trench Coat,XS,yellow,78,1,14
1270,Wren Helgass,Female,59,Port Hannahburgh,Australian Capital Territory,2021-07-08,2021-07-10,2316,91,3,273,Jacket,Pullover,XS,orange,79,7,2
1271,Wren Helgass,Female,59,Port Hannahburgh,Australian Capital Territory,2021-07-08,2021-07-10,2317,113,2,226,Jacket,Parka,XL,blue,47,7,2
1272,Wren Helgass,Female,59,Port Hannahburgh,Australian Capital Territory,2021-07-08,2021-07-10,2318,100,3,300,Jacket,Bomber,XL,indigo,50,7,2
1273,Wren Helgass,Female,59,Port Hannahburgh,Australian Capital Territory,2021-07-08,2021-07-10,2319,94,3,282,Shirt,Henley,S,indigo,45,7,2
1274,Wren Helgass,Female,59,Port Hannahburgh,Australian Capital Territory,2021-08-22,2021-09-12,2538,112,1,112,Jacket,Cardigan,L,yellow,50,8,21
1275,Wren Helgass,Female,59,Port Hannahburgh,Australian Capital Territory,2021-08-22,2021-09-12,2539,112,2,224,Trousers,Tracksuit Bottoms,M,indigo,59,8,21
1276,Wren Helgass,Female,59,Port Hannahburgh,Australian Capital Territory,2021-08-22,2021-09-12,2540,91,2,182,Shirt,Linen,M,orange,42,8,21
1277,Wren Helgass,Female,59,Port Hannahburgh,Australian Capital Territory,2021-08-22,2021-09-12,2541,105,3,315,Trousers,Pleated,XS,violet,58,8,21
1278,Wren Helgass,Female,59,Port Hannahburgh,Australian Capital Territory,2021-08-22,2021-09-12,2542,100,2,200,Jacket,Bomber,XS,orange,80,8,21
1279,Wren Helgass,Female,59,Port Hannahburgh,Australian Capital Territory,2021-08-22,2021-09-12,2543,109,3,327,Jacket,Peacoat,L,blue,64,8,21
1280,Wren Helgass,Female,59,Port Hannahburgh,Australian Capital Territory,2021-08-22,2021-09-12,2544,115,2,230,Trousers,Cropped,XL,orange,61,8,21
1281,Wren Helgass,Female,59,Port Hannahburgh,Australian Capital Territory,2021-08-22,2021-09-12,2545,113,3,339,Jacket,Parka,S,green,62,8,21
1282,Wren Helgass,Female,59,Port Hannahburgh,Australian Capital Territory,2021-02-10,2021-02-14,2701,102,3,306,Jacket,Windbreaker,M,green,63,2,4
1283,Wren Helgass,Female,59,Port Hannahburgh,Australian Capital Territory,2021-02-10,2021-02-14,2702,97,1,97,Trousers,Slim-Fit,XL,blue,47,2,4
1284,Wren Helgass,Female,59,Port Hannahburgh,Australian Capital Territory,2021-02-10,2021-02-14,2703,90,3,270,Trousers,Relaxed Leg,XS,violet,49,2,4
1285,Wren Helgass,Female,59,Port Hannahburgh,Australian Capital Territory,2021-02-10,2021-02-14,2704,102,2,204,Trousers,Cargo Pants,M,orange,51,2,4
1286,Wren Helgass,Female,59,Port Hannahburgh,Australian Capital Territory,2021-02-10,2021-02-14,2705,96,2,192,Trousers,Drawstring,S,blue,48,2,4
1287,Wren Helgass,Female,59,Port Hannahburgh,Australian Capital Territory,2021-02-10,2021-02-14,2706,117,3,351,Jacket,Shearling,S,green,66,2,4
1288,Wren Helgass,Female,59,Port Hannahburgh,Australian Capital Territory,2021-06-09,2021-06-10,4705,113,1,113,Trousers,Chinos,M,indigo,64,6,1
1289,Wren Helgass,Female,59,Port Hannahburgh,Australian Capital Territory,2021-06-09,2021-06-10,4706,98,1,98,Shirt,Camp Collared,M,green,41,6,1
1290,Wren Helgass,Female,59,Port Hannahburgh,Australian Capital Territory,2021-06-09,2021-06-10,4707,94,3,282,Shirt,Henley,L,violet,51,6,1
1291,Wren Helgass,Female,59,Port Hannahburgh,Australian Capital Territory,2021-06-09,2021-06-10,4708,95,2,190,Shirt,Polo,S,orange,78,6,1
1292,Wren Helgass,Female,59,Port Hannahburgh,Australian Capital Territory,2021-06-09,2021-06-10,4709,93,2,186,Jacket,Coach,S,green,60,6,1
1293,Jaymee Dalrymple,Male,23,New George,New South Wales,2021-03-26,2021-03-30,2209,98,3,294,Shirt,Camp Collared,S,indigo,50,3,4
1294,Jaymee Dalrymple,Male,23,New George,New South Wales,2021-03-26,2021-03-30,2210,96,3,288,Trousers,Drawstring,M,blue,41,3,4
1295,Jaymee Dalrymple,Male,23,New George,New South Wales,2021-03-26,2021-03-30,2211,96,2,192,Shirt,Oxford Cloth,L,violet,73,3,4
1296,Jaymee Dalrymple,Male,23,New George,New South Wales,2021-03-26,2021-03-30,2212,98,3,294,Jacket,Leather,S,green,77,3,4
1297,Jaymee Dalrymple,Male,23,New George,New South Wales,2021-03-26,2021-03-30,2213,119,1,119,Jacket,Trench Coat,XS,indigo,56,3,4
1298,Gert Brackstone,Polygender,34,Charlotteville,Queensland,2021-08-24,2021-09-06,2176,115,3,345,Trousers,Cropped,M,red,50,8,13
1299,Gert Brackstone,Polygender,34,Charlotteville,Queensland,2021-08-24,2021-09-06,2177,91,2,182,Shirt,Linen,XL,blue,47,8,13
1300,Gert Brackstone,Polygender,34,Charlotteville,Queensland,2021-08-24,2021-09-06,2178,113,2,226,Jacket,Parka,XL,red,64,8,13
1301,Gert Brackstone,Polygender,34,Charlotteville,Queensland,2021-08-24,2021-09-06,2179,90,3,270,Trousers,Relaxed Leg,S,blue,57,8,13
1302,Gert Brackstone,Polygender,34,Charlotteville,Queensland,2021-08-24,2021-09-06,2180,119,1,119,Shirt,Casual Slim Fit,XS,green,69,8,13
1303,Gert Brackstone,Polygender,34,Charlotteville,Queensland,2021-08-24,2021-09-06,2181,90,2,180,Trousers,Relaxed Leg,XS,yellow,44,8,13
1304,Gert Brackstone,Polygender,34,Charlotteville,Queensland,2021-08-24,2021-09-06,2182,92,1,92,Shirt,Denim,M,violet,55,8,13
1305,Gert Brackstone,Polygender,34,Charlotteville,Queensland,2021-08-24,2021-09-06,2183,96,2,192,Trousers,Drawstring,M,violet,73,8,13
1306,Matilde Yanuk,Male,24,Reillyfurt,Victoria,2021-06-20,2021-07-09,1044,113,3,339,Jacket,Parka,M,red,56,6,19
1307,Matilde Yanuk,Male,24,Reillyfurt,Victoria,2021-06-20,2021-07-09,1045,115,1,115,Trousers,Cropped,S,indigo,65,6,19
1308,Matilde Yanuk,Male,24,Reillyfurt,Victoria,2021-06-20,2021-07-09,1046,119,1,119,Shirt,Casual Slim Fit,XS,violet,55,6,19
1309,Matilde Yanuk,Male,24,Reillyfurt,Victoria,2021-06-20,2021-07-09,1047,109,1,109,Jacket,Peacoat,XS,orange,78,6,19
1310,Rafferty Fronek,Genderqueer,43,East Kaylabury,Australian Capital Territory,2021-01-13,2021-01-22,4294,117,2,234,Jacket,Shearling,L,indigo,66,1,9
1311,Rafferty Fronek,Genderqueer,43,East Kaylabury,Australian Capital Territory,2021-01-13,2021-01-22,4295,99,3,297,Trousers,High-Waisted,L,blue,57,1,9
1312,Rafferty Fronek,Genderqueer,43,East Kaylabury,Australian Capital Territory,2021-01-13,2021-01-22,4296,91,3,273,Jacket,Pullover,XL,blue,74,1,9
1313,Rafferty Fronek,Genderqueer,43,East Kaylabury,Australian Capital Territory,2021-01-13,2021-01-22,4297,102,1,102,Jacket,Windbreaker,XL,green,71,1,9
1314,Rafferty Fronek,Genderqueer,43,East Kaylabury,Australian Capital Territory,2021-01-13,2021-01-22,4298,118,1,118,Shirt,Flannel,M,blue,73,1,9
1315,Rafferty Fronek,Genderqueer,43,East Kaylabury,Australian Capital Territory,2021-01-13,2021-01-22,4299,105,2,210,Trousers,Pleated,XL,yellow,52,1,9
1316,Alia Rapinett,Male,67,West Siennaland,Tasmania,2021-04-07,2021-04-10,2914,91,3,273,Jacket,Pullover,S,violet,74,4,3
1317,Alia Rapinett,Male,67,West Siennaland,Tasmania,2021-04-07,2021-04-10,2915,92,2,184,Shirt,Denim,XL,green,52,4,3
1318,Alia Rapinett,Male,67,West Siennaland,Tasmania,2021-04-07,2021-04-10,2916,109,2,218,Shirt,Mandarin Collar,M,yellow,58,4,3
1319,Alia Rapinett,Male,67,West Siennaland,Tasmania,2021-04-07,2021-04-10,2917,106,3,318,Shirt,Chambray,XL,yellow,53,4,3
1320,Alia Rapinett,Male,67,West Siennaland,Tasmania,2021-04-07,2021-04-10,2918,105,2,210,Shirt,Cuban Collar,XL,violet,44,4,3
1321,Alia Rapinett,Male,67,West Siennaland,Tasmania,2021-04-07,2021-04-10,2919,90,1,90,Trousers,Relaxed Leg,M,violet,46,4,3
1322,Alia Rapinett,Male,67,West Siennaland,Tasmania,2021-04-07,2021-04-10,2920,106,2,212,Trousers,Wool,XS,violet,80,4,3
1323,Alia Rapinett,Male,67,West Siennaland,Tasmania,2021-04-07,2021-04-10,2921,102,1,102,Trousers,Cargo Pants,S,yellow,48,4,3
1324,Alia Rapinett,Male,67,West Siennaland,Tasmania,2021-04-07,2021-04-10,2922,91,1,91,Jacket,Pullover,XL,yellow,67,4,3
1325,Alia Rapinett,Male,67,West Siennaland,Tasmania,2021-04-07,2021-04-10,2923,109,3,327,Jacket,Peacoat,S,violet,73,4,3
1326,Alia Rapinett,Male,67,West Siennaland,Tasmania,2021-04-07,2021-04-10,2924,119,1,119,Jacket,Trench Coat,S,green,53,4,3
1327,Brodie Hedin,Genderqueer,43,South Hannah,Tasmania,2021-09-13,2021-09-25,443,112,2,224,Trousers,Tracksuit Bottoms,L,yellow,41,9,12
1328,Brodie Hedin,Genderqueer,43,South Hannah,Tasmania,2021-09-13,2021-09-25,444,91,3,273,Shirt,Linen,XL,green,51,9,12
1329,Brodie Hedin,Genderqueer,43,South Hannah,Tasmania,2021-09-13,2021-09-25,445,96,1,96,Shirt,Oxford Cloth,S,indigo,59,9,12
1330,Brodie Hedin,Genderqueer,43,South Hannah,Tasmania,2021-09-13,2021-09-25,446,118,2,236,Jacket,Puffer,XS,violet,74,9,12
1331,Brodie Hedin,Genderqueer,43,South Hannah,Tasmania,2021-09-13,2021-09-25,447,94,2,188,Shirt,Henley,L,red,62,9,12
1332,Aldin Moline,Male,25,West Aidenview,Victoria,2021-05-08,2021-05-20,1018,117,1,117,Jacket,Shearling,M,violet,74,5,12
1333,Aldin Moline,Male,25,West Aidenview,Victoria,2021-05-08,2021-05-20,1019,107,2,214,Jacket,Denim,L,orange,73,5,12
1334,Aldin Moline,Male,25,West Aidenview,Victoria,2021-05-08,2021-05-20,1020,105,1,105,Trousers,Pleated,XS,violet,58,5,12
1335,Aldin Moline,Male,25,West Aidenview,Victoria,2021-05-08,2021-05-20,1021,96,2,192,Shirt,Oxford Cloth,XL,indigo,55,5,12
1336,Aldin Moline,Male,25,West Aidenview,Victoria,2021-05-09,2021-06-05,4150,91,1,91,Shirt,Linen,XL,indigo,66,5,27
1337,Aldin Moline,Male,25,West Aidenview,Victoria,2021-05-09,2021-06-05,4151,113,1,113,Trousers,Chinos,L,violet,62,5,27
1338,Aldin Moline,Male,25,West Aidenview,Victoria,2021-05-09,2021-06-05,4152,94,1,94,Shirt,Henley,L,yellow,62,5,27
1339,Aldin Moline,Male,25,West Aidenview,Victoria,2021-05-09,2021-06-05,4153,96,1,96,Trousers,Drawstring,XL,orange,68,5,27
1340,Aldin Moline,Male,25,West Aidenview,Victoria,2021-05-09,2021-06-05,4154,100,3,300,Jacket,Bomber,XL,indigo,50,5,27
1341,Aldin Moline,Male,25,West Aidenview,Victoria,2021-05-09,2021-06-05,4155,118,1,118,Jacket,Puffer,L,violet,49,5,27
1342,Aldin Moline,Male,25,West Aidenview,Victoria,2021-05-09,2021-06-05,4156,112,3,336,Jacket,Cardigan,XL,orange,75,5,27
1343,Aldin Moline,Male,25,West Aidenview,Victoria,2021-05-09,2021-06-05,4157,109,2,218,Jacket,Peacoat,S,red,67,5,27
1344,Aldin Moline,Male,25,West Aidenview,Victoria,2021-05-09,2021-06-05,4158,106,1,106,Trousers,Wool,M,violet,51,5,27
1345,Roobbie Persich,Female,29,Sanfordberg,Queensland,2021-10-18,2021-10-20,645,102,1,102,Trousers,Cargo Pants,M,green,78,10,2
1346,Roobbie Persich,Female,29,Sanfordberg,Queensland,2021-10-18,2021-10-20,646,98,1,98,Shirt,Camp Collared,XS,red,77,10,2
1347,Roobbie Persich,Female,29,Sanfordberg,Queensland,2021-10-18,2021-10-20,647,117,1,117,Jacket,Shearling,S,blue,72,10,2
1348,Roobbie Persich,Female,29,Sanfordberg,Queensland,2021-10-18,2021-10-20,648,106,3,318,Shirt,Chambray,S,indigo,59,10,2
1349,Anny Midden,Non-binary,32,Lake Amelia,Victoria,2021-01-01,2021-01-03,82,104,1,104,Shirt,Dress,XS,red,63,1,2
1350,Anny Midden,Non-binary,32,Lake Amelia,Victoria,2021-01-01,2021-01-03,83,97,3,291,Trousers,Slim-Fit,XS,indigo,74,1,2
1351,Anny Midden,Non-binary,32,Lake Amelia,Victoria,2021-01-01,2021-01-03,84,105,1,105,Shirt,Cuban Collar,XS,orange,62,1,2
1352,Anny Midden,Non-binary,32,Lake Amelia,Victoria,2021-01-01,2021-01-03,85,115,3,345,Trousers,Cropped,XS,indigo,55,1,2
1353,Anny Midden,Non-binary,32,Lake Amelia,Victoria,2021-01-01,2021-01-03,86,107,1,107,Jacket,Denim,M,violet,43,1,2
1354,Anny Midden,Non-binary,32,Lake Amelia,Victoria,2021-05-11,2021-05-28,3736,93,2,186,Trousers,Joggers,S,indigo,56,5,17
1355,Anny Midden,Non-binary,32,Lake Amelia,Victoria,2021-05-11,2021-05-28,3737,113,1,113,Jacket,Parka,S,yellow,80,5,17
1356,Anny Midden,Non-binary,32,Lake Amelia,Victoria,2021-05-11,2021-05-28,3738,119,3,357,Jacket,Trench Coat,XL,orange,71,5,17
1357,Darren Karpenko,Female,24,Hermistonside,Western Australia,2021-01-29,2021-02-05,3346,94,1,94,Shirt,Henley,XS,indigo,58,1,7
1358,Darren Karpenko,Female,24,Hermistonside,Western Australia,2021-01-29,2021-02-05,3347,106,3,318,Trousers,Wool,M,blue,52,1,7
1359,Darren Karpenko,Female,24,Hermistonside,Western Australia,2021-01-29,2021-02-05,3348,91,3,273,Jacket,Pullover,XL,indigo,43,1,7
1360,Darren Karpenko,Female,24,Hermistonside,Western Australia,2021-01-29,2021-02-05,3349,107,1,107,Jacket,Denim,S,violet,73,1,7
1361,Darren Karpenko,Female,24,Hermistonside,Western Australia,2021-01-29,2021-02-05,3350,93,1,93,Jacket,Coach,XS,blue,51,1,7
1362,Darren Karpenko,Female,24,Hermistonside,Western Australia,2021-01-29,2021-02-05,3351,109,2,218,Shirt,Mandarin Collar,XS,blue,59,1,7
1363,Darren Karpenko,Female,24,Hermistonside,Western Australia,2021-01-29,2021-02-05,3352,118,1,118,Jacket,Puffer,L,indigo,61,1,7
1364,Darren Karpenko,Female,24,Hermistonside,Western Australia,2021-01-29,2021-02-05,3353,105,2,210,Trousers,Pleated,M,red,40,1,7
1365,Elga Corgenvin,Non-binary,47,New Sienna,South Australia,2021-02-05,2021-02-28,263,93,2,186,Trousers,Joggers,XL,red,58,2,23
1366,Elga Corgenvin,Non-binary,47,New Sienna,South Australia,2021-02-05,2021-02-28,264,96,1,96,Trousers,Drawstring,S,green,73,2,23
1367,Elga Corgenvin,Non-binary,47,New Sienna,South Australia,2021-02-05,2021-02-28,265,100,1,100,Jacket,Bomber,XS,violet,75,2,23
1368,Elga Corgenvin,Non-binary,47,New Sienna,South Australia,2021-02-05,2021-02-28,266,98,3,294,Shirt,Camp Collared,L,indigo,72,2,23
1369,Elga Corgenvin,Non-binary,47,New Sienna,South Australia,2021-02-05,2021-02-28,267,96,1,96,Trousers,Drawstring,L,red,73,2,23
1370,Elga Corgenvin,Non-binary,47,New Sienna,South Australia,2021-02-05,2021-02-28,268,107,3,321,Jacket,Denim,S,violet,73,2,23
1371,De Lourens,Genderqueer,75,North Paige,New South Wales,2021-09-04,2021-09-15,1373,104,1,104,Shirt,Dress,M,violet,41,9,11
1372,De Lourens,Genderqueer,75,North Paige,New South Wales,2021-09-04,2021-09-15,1374,112,1,112,Trousers,Tracksuit Bottoms,XL,yellow,59,9,11
1373,De Lourens,Genderqueer,75,North Paige,New South Wales,2021-09-04,2021-09-15,1375,105,3,315,Trousers,Pleated,L,blue,79,9,11
1374,De Lourens,Genderqueer,75,North Paige,New South Wales,2021-09-04,2021-09-15,1376,115,3,345,Trousers,Cropped,XL,violet,64,9,11
1375,De Lourens,Genderqueer,75,North Paige,New South Wales,2021-09-04,2021-09-15,1377,91,2,182,Shirt,Linen,L,indigo,75,9,11
1376,De Lourens,Genderqueer,75,North Paige,New South Wales,2021-09-04,2021-09-15,1378,112,1,112,Jacket,Cardigan,S,yellow,79,9,11
1377,De Lourens,Genderqueer,75,North Paige,New South Wales,2021-09-04,2021-09-15,1379,115,1,115,Trousers,Cropped,L,indigo,63,9,11
1378,De Lourens,Genderqueer,75,North Paige,New South Wales,2021-09-04,2021-09-15,1380,105,1,105,Shirt,Cuban Collar,L,orange,65,9,11
1379,De Lourens,Genderqueer,75,North Paige,New South Wales,2021-09-04,2021-09-15,1381,119,3,357,Shirt,Casual Slim Fit,M,orange,47,9,11
1380,Meryl Kender,Genderqueer,25,Lake Aidan,Australian Capital Territory,2021-05-05,2021-05-06,4518,102,2,204,Trousers,Cargo Pants,XL,blue,57,5,1
1381,Meryl Kender,Genderqueer,25,Lake Aidan,Australian Capital Territory,2021-05-05,2021-05-06,4519,96,1,96,Trousers,Drawstring,M,green,52,5,1
1382,Meryl Kender,Genderqueer,25,Lake Aidan,Australian Capital Territory,2021-05-05,2021-05-06,4520,98,3,294,Shirt,Camp Collared,M,violet,41,5,1
1383,Meryl Kender,Genderqueer,25,Lake Aidan,Australian Capital Territory,2021-05-05,2021-05-06,4521,93,2,186,Jacket,Coach,XS,blue,51,5,1
1384,Meryl Kender,Genderqueer,25,Lake Aidan,Australian Capital Territory,2021-05-05,2021-05-06,4522,107,1,107,Jacket,Denim,S,blue,56,5,1
1385,Silas Stephens,Polygender,68,West Audreyhaven,Queensland,2021-09-16,2021-09-27,4203,113,2,226,Trousers,Chinos,M,orange,73,9,11
1386,Silas Stephens,Polygender,68,West Audreyhaven,Queensland,2021-09-16,2021-09-27,4204,96,3,288,Shirt,Oxford Cloth,S,violet,41,9,11
1387,Silas Stephens,Polygender,68,West Audreyhaven,Queensland,2021-09-16,2021-09-27,4205,98,3,294,Shirt,Camp Collared,M,orange,65,9,11
1388,Silas Stephens,Polygender,68,West Audreyhaven,Queensland,2021-09-16,2021-09-27,4206,91,2,182,Shirt,Linen,XS,orange,70,9,11
1389,Silas Stephens,Polygender,68,West Audreyhaven,Queensland,2021-09-16,2021-09-27,4207,90,3,270,Trousers,Relaxed Leg,XL,red,50,9,11
1390,Silas Stephens,Polygender,68,West Audreyhaven,Queensland,2021-09-16,2021-09-27,4208,90,2,180,Trousers,Relaxed Leg,L,blue,61,9,11
1391,Silas Stephens,Polygender,68,West Audreyhaven,Queensland,2021-09-16,2021-09-27,4209,92,1,92,Shirt,Denim,S,orange,69,9,11
1392,Silas Stephens,Polygender,68,West Audreyhaven,Queensland,2021-09-16,2021-09-27,4210,98,3,294,Jacket,Leather,L,violet,78,9,11
1393,Silas Stephens,Polygender,68,West Audreyhaven,Queensland,2021-09-16,2021-09-27,4211,105,1,105,Shirt,Cuban Collar,L,red,45,9,11
1394,Silas Stephens,Polygender,68,West Audreyhaven,Queensland,2021-09-16,2021-09-27,4212,118,1,118,Jacket,Puffer,L,green,43,9,11
1395,Silas Stephens,Polygender,68,West Audreyhaven,Queensland,2021-09-16,2021-09-27,4213,93,2,186,Trousers,Joggers,S,indigo,56,9,11
1396,Silas Stephens,Polygender,68,West Audreyhaven,Queensland,2021-10-11,2021-11-07,4824,106,1,106,Shirt,Chambray,XS,indigo,75,10,27
1397,Silas Stephens,Polygender,68,West Audreyhaven,Queensland,2021-10-11,2021-11-07,4825,105,1,105,Shirt,Cuban Collar,L,red,45,10,27
1398,Silas Stephens,Polygender,68,West Audreyhaven,Queensland,2021-10-11,2021-11-07,4826,100,1,100,Jacket,Bomber,S,violet,45,10,27
1399,Silas Stephens,Polygender,68,West Audreyhaven,Queensland,2021-10-11,2021-11-07,4827,93,3,279,Trousers,Joggers,L,indigo,42,10,27
1400,Silas Stephens,Polygender,68,West Audreyhaven,Queensland,2021-10-11,2021-11-07,4828,92,2,184,Shirt,Denim,L,indigo,58,10,27
1401,Silas Stephens,Polygender,68,West Audreyhaven,Queensland,2021-10-11,2021-11-07,4829,104,1,104,Shirt,Dress,M,orange,53,10,27
1402,Silas Stephens,Polygender,68,West Audreyhaven,Queensland,2021-10-11,2021-11-07,4830,109,2,218,Jacket,Peacoat,XL,violet,42,10,27
1403,Zeb Shipton,Genderfluid,70,West Madison,Northern Territory,2021-09-23,2021-10-17,2994,93,2,186,Jacket,Coach,XS,red,71,9,24
1404,Zeb Shipton,Genderfluid,70,West Madison,Northern Territory,2021-09-23,2021-10-17,2995,96,3,288,Shirt,Oxford Cloth,L,indigo,70,9,24
1405,Zeb Shipton,Genderfluid,70,West Madison,Northern Territory,2021-09-23,2021-10-17,2996,90,3,270,Trousers,Relaxed Leg,L,blue,61,9,24
1406,Zeb Shipton,Genderfluid,70,West Madison,Northern Territory,2021-09-23,2021-10-17,2997,115,1,115,Trousers,Cropped,S,blue,62,9,24
1407,Zeb Shipton,Genderfluid,70,West Madison,Northern Territory,2021-09-23,2021-10-17,2998,106,1,106,Trousers,Wool,S,orange,59,9,24
1408,Zeb Shipton,Genderfluid,70,West Madison,Northern Territory,2021-03-05,2021-03-22,3373,94,2,188,Shirt,Henley,XS,indigo,58,3,17
1409,Zeb Shipton,Genderfluid,70,West Madison,Northern Territory,2021-03-05,2021-03-22,3374,109,2,218,Shirt,Mandarin Collar,L,green,67,3,17
1410,Zeb Shipton,Genderfluid,70,West Madison,Northern Territory,2021-03-05,2021-03-22,3375,109,2,218,Jacket,Peacoat,XS,indigo,45,3,17
1411,Zeb Shipton,Genderfluid,70,West Madison,Northern Territory,2021-03-05,2021-03-22,3376,117,2,234,Jacket,Shearling,S,violet,49,3,17
1412,Ulla Crombie,Genderqueer,29,Lake Edward,Queensland,2021-03-22,2021-04-16,840,109,1,109,Shirt,Mandarin Collar,XL,yellow,43,3,25
1413,Ulla Crombie,Genderqueer,29,Lake Edward,Queensland,2021-03-22,2021-04-16,841,91,1,91,Shirt,Linen,XS,indigo,70,3,25
1414,Ulla Crombie,Genderqueer,29,Lake Edward,Queensland,2021-03-22,2021-04-16,842,97,3,291,Trousers,Slim-Fit,L,blue,49,3,25
1415,Ulla Crombie,Genderqueer,29,Lake Edward,Queensland,2021-03-22,2021-04-16,843,105,3,315,Trousers,Pleated,M,green,41,3,25
1416,Ulla Crombie,Genderqueer,29,Lake Edward,Queensland,2021-03-22,2021-04-16,844,94,3,282,Shirt,Henley,S,violet,43,3,25
1417,Ulla Crombie,Genderqueer,29,Lake Edward,Queensland,2021-03-22,2021-04-16,845,94,3,282,Trousers,Cords,XS,green,50,3,25
1418,Ulla Crombie,Genderqueer,29,Lake Edward,Queensland,2021-03-22,2021-04-16,846,104,1,104,Shirt,Dress,S,violet,69,3,25
1419,Ulla Crombie,Genderqueer,29,Lake Edward,Queensland,2021-03-22,2021-04-16,847,93,1,93,Trousers,Joggers,M,red,43,3,25
1420,Sharyl Royl,Polygender,61,Fadelburgh,New South Wales,2021-06-23,2021-07-14,3485,90,3,270,Trousers,Relaxed Leg,L,blue,61,6,21
1421,Sharyl Royl,Polygender,61,Fadelburgh,New South Wales,2021-06-23,2021-07-14,3486,97,3,291,Trousers,Slim-Fit,XS,orange,69,6,21
1422,Sharyl Royl,Polygender,61,Fadelburgh,New South Wales,2021-06-23,2021-07-14,3487,109,1,109,Shirt,Mandarin Collar,S,indigo,60,6,21
1423,Sharyl Royl,Polygender,61,Fadelburgh,New South Wales,2021-06-23,2021-07-14,3488,93,2,186,Trousers,Joggers,XS,blue,67,6,21
1424,Sharyl Royl,Polygender,61,Fadelburgh,New South Wales,2021-06-23,2021-07-14,3489,113,3,339,Jacket,Parka,L,indigo,44,6,21
1425,Sharyl Royl,Polygender,61,Fadelburgh,New South Wales,2021-06-23,2021-07-14,3490,113,3,339,Trousers,Chinos,M,blue,41,6,21
1426,Sharyl Royl,Polygender,61,Fadelburgh,New South Wales,2021-01-10,2021-01-29,4227,94,2,188,Trousers,Cords,XS,red,63,1,19
1427,Sharyl Royl,Polygender,61,Fadelburgh,New South Wales,2021-01-10,2021-01-29,4228,94,3,282,Shirt,Henley,XL,blue,75,1,19
1428,Sharyl Royl,Polygender,61,Fadelburgh,New South Wales,2021-01-10,2021-01-29,4229,93,3,279,Jacket,Coach,XS,green,78,1,19
1429,Sharyl Royl,Polygender,61,Fadelburgh,New South Wales,2021-01-10,2021-01-29,4230,106,1,106,Shirt,Chambray,L,indigo,79,1,19
1430,Constantino Langworthy,Agender,25,Fayburgh,Northern Territory,2021-01-29,2021-02-12,3466,105,2,210,Trousers,Pleated,L,orange,53,1,14
1431,Constantino Langworthy,Agender,25,Fayburgh,Northern Territory,2021-01-29,2021-02-12,3467,100,2,200,Jacket,Bomber,M,indigo,52,1,14
1432,Constantino Langworthy,Agender,25,Fayburgh,Northern Territory,2021-01-29,2021-02-12,3468,96,2,192,Shirt,Oxford Cloth,XS,violet,74,1,14
1433,Constantino Langworthy,Agender,25,Fayburgh,Northern Territory,2021-01-29,2021-02-12,3469,118,1,118,Shirt,Flannel,L,indigo,62,1,14
1434,Constantino Langworthy,Agender,25,Fayburgh,Northern Territory,2021-01-29,2021-02-12,3470,97,2,194,Trousers,Slim-Fit,M,yellow,55,1,14
1435,Constantino Langworthy,Agender,25,Fayburgh,Northern Territory,2021-01-29,2021-02-12,3471,98,3,294,Shirt,Camp Collared,XL,yellow,44,1,14
1436,Constantino Langworthy,Agender,25,Fayburgh,Northern Territory,2021-01-29,2021-02-12,3472,119,2,238,Shirt,Casual Slim Fit,M,violet,46,1,14
1437,Constantino Langworthy,Agender,25,Fayburgh,Northern Territory,2021-01-29,2021-02-12,3473,91,3,273,Shirt,Linen,M,red,78,1,14
1438,Constantino Langworthy,Agender,25,Fayburgh,Northern Territory,2021-01-29,2021-02-12,3474,96,1,96,Shirt,Oxford Cloth,S,indigo,59,1,14
1439,Courtnay Cornewell,Agender,24,South Pipermouth,South Australia,2021-08-09,2021-08-12,1236,93,1,93,Trousers,Joggers,S,red,71,8,3
1440,Courtnay Cornewell,Agender,24,South Pipermouth,South Australia,2021-08-09,2021-08-12,1237,98,3,294,Shirt,Camp Collared,L,red,52,8,3
1441,Courtnay Cornewell,Agender,24,South Pipermouth,South Australia,2021-08-09,2021-08-12,1238,92,3,276,Shirt,Denim,L,yellow,75,8,3
1442,Courtnay Cornewell,Agender,24,South Pipermouth,South Australia,2021-08-09,2021-08-12,1239,90,1,90,Trousers,Relaxed Leg,L,red,63,8,3
1443,Courtnay Cornewell,Agender,24,South Pipermouth,South Australia,2021-08-09,2021-08-12,1240,104,2,208,Shirt,Dress,S,red,72,8,3
1444,Jeff Curness,Genderqueer,49,East Michaelmouth,Australian Capital Territory,2021-08-20,2021-09-01,854,104,1,104,Shirt,Dress,XL,indigo,75,8,12
1445,Jeff Curness,Genderqueer,49,East Michaelmouth,Australian Capital Territory,2021-08-20,2021-09-01,855,95,1,95,Shirt,Polo,S,yellow,77,8,12
1446,Jeff Curness,Genderqueer,49,East Michaelmouth,Australian Capital Territory,2021-08-20,2021-09-01,856,95,2,190,Shirt,Polo,M,yellow,52,8,12
1447,Jeff Curness,Genderqueer,49,East Michaelmouth,Australian Capital Territory,2021-08-20,2021-09-01,857,98,1,98,Shirt,Camp Collared,M,violet,41,8,12
1448,Jeff Curness,Genderqueer,49,East Michaelmouth,Australian Capital Territory,2021-08-20,2021-09-01,858,97,3,291,Trousers,Slim-Fit,S,violet,46,8,12
1449,Jeff Curness,Genderqueer,49,East Michaelmouth,Australian Capital Territory,2021-08-20,2021-09-01,859,93,3,279,Trousers,Joggers,XL,orange,44,8,12
1450,Jeff Curness,Genderqueer,49,East Michaelmouth,Australian Capital Territory,2021-05-31,2021-06-20,4318,99,3,297,Trousers,High-Waisted,L,violet,68,5,20
1451,Jeff Curness,Genderqueer,49,East Michaelmouth,Australian Capital Territory,2021-05-31,2021-06-20,4319,104,2,208,Shirt,Dress,L,blue,61,5,20
1452,Jeff Curness,Genderqueer,49,East Michaelmouth,Australian Capital Territory,2021-05-31,2021-06-20,4320,118,2,236,Shirt,Flannel,L,orange,59,5,20
1453,Sadella Goodsall,Genderqueer,67,Christopherside,Northern Territory,2021-01-18,2021-01-30,4873,91,1,91,Jacket,Pullover,XL,indigo,43,1,12
1454,Sadella Goodsall,Genderqueer,67,Christopherside,Northern Territory,2021-01-18,2021-01-30,4874,91,1,91,Jacket,Pullover,XS,indigo,78,1,12
1455,Sadella Goodsall,Genderqueer,67,Christopherside,Northern Territory,2021-01-18,2021-01-30,4875,94,1,94,Trousers,Cords,M,indigo,52,1,12
1456,Sadella Goodsall,Genderqueer,67,Christopherside,Northern Territory,2021-01-18,2021-01-30,4876,93,3,279,Trousers,Joggers,XL,violet,40,1,12
1457,Sadella Goodsall,Genderqueer,67,Christopherside,Northern Territory,2021-01-18,2021-01-30,4877,100,1,100,Jacket,Bomber,M,yellow,71,1,12
1458,Gates Torrance,Male,48,Miafort,Australian Capital Territory,2021-07-13,2021-07-25,1255,117,2,234,Jacket,Shearling,L,blue,64,7,12
1459,Gates Torrance,Male,48,Miafort,Australian Capital Territory,2021-07-13,2021-07-25,1256,115,1,115,Trousers,Cropped,XS,yellow,41,7,12
1460,Gates Torrance,Male,48,Miafort,Australian Capital Territory,2021-07-13,2021-07-25,1257,105,2,210,Trousers,Pleated,L,blue,79,7,12
1461,Gates Torrance,Male,48,Miafort,Australian Capital Territory,2021-07-13,2021-07-25,1258,106,2,212,Shirt,Chambray,S,violet,52,7,12
1462,Gates Torrance,Male,48,Miafort,Australian Capital Territory,2021-07-13,2021-07-25,1259,100,1,100,Jacket,Bomber,L,red,50,7,12
1463,Gates Torrance,Male,48,Miafort,Australian Capital Territory,2021-07-13,2021-07-25,1260,115,2,230,Trousers,Cropped,S,yellow,65,7,12
1464,Gates Torrance,Male,48,Miafort,Australian Capital Territory,2021-03-03,2021-03-20,4178,91,2,182,Jacket,Pullover,L,blue,66,3,17
1465,Gates Torrance,Male,48,Miafort,Australian Capital Territory,2021-03-03,2021-03-20,4179,92,2,184,Shirt,Denim,XS,green,66,3,17
1466,Gates Torrance,Male,48,Miafort,Australian Capital Territory,2021-03-03,2021-03-20,4180,117,2,234,Jacket,Shearling,XL,green,51,3,17
1467,Gates Torrance,Male,48,Miafort,Australian Capital Territory,2021-03-03,2021-03-20,4181,112,1,112,Trousers,Tracksuit Bottoms,L,indigo,50,3,17
1468,Gates Torrance,Male,48,Miafort,Australian Capital Territory,2021-03-03,2021-03-20,4182,106,3,318,Shirt,Chambray,S,violet,52,3,17
1469,Glyn Tieman,Polygender,63,Georgiatown,Western Australia,2021-05-11,2021-05-28,1594,113,3,339,Trousers,Chinos,XL,indigo,78,5,17
1470,Glyn Tieman,Polygender,63,Georgiatown,Western Australia,2021-05-11,2021-05-28,1595,113,1,113,Trousers,Chinos,L,blue,46,5,17
1471,Glyn Tieman,Polygender,63,Georgiatown,Western Australia,2021-03-19,2021-03-29,3790,113,1,113,Trousers,Chinos,XL,green,50,3,10
1472,Glyn Tieman,Polygender,63,Georgiatown,Western Australia,2021-03-19,2021-03-29,3791,112,1,112,Trousers,Tracksuit Bottoms,M,violet,73,3,10
1473,Glyn Tieman,Polygender,63,Georgiatown,Western Australia,2021-03-19,2021-03-29,3792,118,1,118,Jacket,Puffer,XS,green,41,3,10
1474,Glyn Tieman,Polygender,63,Georgiatown,Western Australia,2021-02-18,2021-03-10,4407,93,3,279,Trousers,Joggers,XL,orange,44,2,20
1475,Glyn Tieman,Polygender,63,Georgiatown,Western Australia,2021-02-18,2021-03-10,4408,104,1,104,Shirt,Dress,S,orange,69,2,20
1476,Glyn Tieman,Polygender,63,Georgiatown,Western Australia,2021-02-18,2021-03-10,4409,112,1,112,Trousers,Tracksuit Bottoms,L,violet,45,2,20
1477,Glyn Tieman,Polygender,63,Georgiatown,Western Australia,2021-02-18,2021-03-10,4410,102,2,204,Trousers,Cargo Pants,S,red,63,2,20
1478,Glyn Tieman,Polygender,63,Georgiatown,Western Australia,2021-02-18,2021-03-10,4411,93,2,186,Trousers,Joggers,M,indigo,66,2,20
1479,Glyn Tieman,Polygender,63,Georgiatown,Western Australia,2021-02-18,2021-03-10,4412,113,1,113,Jacket,Parka,XS,violet,59,2,20
1480,Glyn Tieman,Polygender,63,Georgiatown,Western Australia,2021-02-18,2021-03-10,4413,98,1,98,Shirt,Camp Collared,M,red,64,2,20
1481,Glyn Tieman,Polygender,63,Georgiatown,Western Australia,2021-02-18,2021-03-10,4414,119,2,238,Jacket,Trench Coat,S,blue,64,2,20
1482,Glyn Tieman,Polygender,63,Georgiatown,Western Australia,2021-02-18,2021-03-10,4415,119,1,119,Jacket,Trench Coat,XL,indigo,64,2,20
1483,Dani Pinches,Polygender,43,Howehaven,Tasmania,2021-03-09,2021-03-12,711,95,1,95,Shirt,Polo,S,red,60,3,3
1484,Dani Pinches,Polygender,43,Howehaven,Tasmania,2021-03-09,2021-03-12,712,119,1,119,Jacket,Trench Coat,S,violet,69,3,3
1485,Dani Pinches,Polygender,43,Howehaven,Tasmania,2021-03-09,2021-03-12,713,102,1,102,Jacket,Windbreaker,XS,red,79,3,3
1486,Dani Pinches,Polygender,43,Howehaven,Tasmania,2021-03-09,2021-03-12,714,94,1,94,Trousers,Cords,M,blue,47,3,3
1487,Dani Pinches,Polygender,43,Howehaven,Tasmania,2021-03-09,2021-03-12,715,98,3,294,Jacket,Leather,M,yellow,77,3,3
1488,Dani Pinches,Polygender,43,Howehaven,Tasmania,2021-03-09,2021-03-12,716,94,3,282,Trousers,Cords,XL,indigo,70,3,3
1489,Dani Pinches,Polygender,43,Howehaven,Tasmania,2021-03-09,2021-03-12,717,112,1,112,Trousers,Tracksuit Bottoms,XS,orange,57,3,3
1490,Dani Pinches,Polygender,43,Howehaven,Tasmania,2021-03-09,2021-03-12,718,99,2,198,Trousers,High-Waisted,L,violet,68,3,3
1491,Jena Kelling,Female,44,Kaihaven,New South Wales,2021-10-22,2021-11-03,590,100,1,100,Jacket,Bomber,S,indigo,41,10,12
1492,Jena Kelling,Female,44,Kaihaven,New South Wales,2021-10-22,2021-11-03,591,105,1,105,Trousers,Pleated,L,violet,48,10,12
1493,Ellerey Kaesmakers,Genderfluid,40,South Jayden,South Australia,2021-04-10,2021-04-21,4035,96,1,96,Trousers,Drawstring,L,yellow,68,4,11
1494,Ellerey Kaesmakers,Genderfluid,40,South Jayden,South Australia,2021-04-10,2021-04-21,4036,102,1,102,Trousers,Cargo Pants,L,yellow,71,4,11
1495,Ellerey Kaesmakers,Genderfluid,40,South Jayden,South Australia,2021-04-10,2021-04-21,4037,109,1,109,Shirt,Mandarin Collar,M,green,57,4,11
1496,Ellerey Kaesmakers,Genderfluid,40,South Jayden,South Australia,2021-04-10,2021-04-21,4038,119,3,357,Jacket,Trench Coat,XS,yellow,78,4,11
1497,Ellerey Kaesmakers,Genderfluid,40,South Jayden,South Australia,2021-04-10,2021-04-21,4039,98,1,98,Jacket,Leather,XL,indigo,52,4,11
1498,Ellerey Kaesmakers,Genderfluid,40,South Jayden,South Australia,2021-04-10,2021-04-21,4040,106,2,212,Trousers,Wool,XS,green,73,4,11
1499,Ellerey Kaesmakers,Genderfluid,40,South Jayden,South Australia,2021-04-10,2021-04-21,4041,102,3,306,Jacket,Windbreaker,XL,green,71,4,11
1500,Ellerey Kaesmakers,Genderfluid,40,South Jayden,South Australia,2021-04-10,2021-04-21,4042,97,3,291,Trousers,Slim-Fit,M,green,78,4,11
1501,Robinetta Deners,Genderqueer,68,West Claudia,South Australia,2021-06-20,2021-07-16,377,118,3,354,Shirt,Flannel,L,indigo,62,6,26
1502,Robinetta Deners,Genderqueer,68,West Claudia,South Australia,2021-06-20,2021-07-16,378,95,1,95,Shirt,Polo,S,violet,43,6,26
1503,Robinetta Deners,Genderqueer,68,West Claudia,South Australia,2021-06-20,2021-07-16,379,95,2,190,Shirt,Polo,L,violet,76,6,26
1504,Robinetta Deners,Genderqueer,68,West Claudia,South Australia,2021-06-20,2021-07-16,380,91,2,182,Shirt,Linen,XL,violet,73,6,26
1505,Robinetta Deners,Genderqueer,68,West Claudia,South Australia,2021-05-26,2021-06-18,979,97,3,291,Trousers,Slim-Fit,XL,indigo,66,5,23
1506,Robinetta Deners,Genderqueer,68,West Claudia,South Australia,2021-05-26,2021-06-18,980,115,2,230,Trousers,Cropped,XS,red,75,5,23
1507,Robinetta Deners,Genderqueer,68,West Claudia,South Australia,2021-05-26,2021-06-18,981,107,2,214,Jacket,Denim,S,violet,73,5,23
1508,Robinetta Deners,Genderqueer,68,West Claudia,South Australia,2021-05-26,2021-06-18,982,96,2,192,Shirt,Oxford Cloth,M,indigo,62,5,23
1509,Robinetta Deners,Genderqueer,68,West Claudia,South Australia,2021-05-26,2021-06-18,983,118,1,118,Jacket,Puffer,S,violet,46,5,23
1510,Robinetta Deners,Genderqueer,68,West Claudia,South Australia,2021-04-25,2021-05-09,2140,100,1,100,Jacket,Bomber,XS,yellow,57,4,14
1511,Robinetta Deners,Genderqueer,68,West Claudia,South Australia,2021-04-25,2021-05-09,2141,105,1,105,Trousers,Pleated,M,blue,66,4,14
1512,Robinetta Deners,Genderqueer,68,West Claudia,South Australia,2021-04-25,2021-05-09,2142,104,2,208,Shirt,Dress,XL,violet,77,4,14
1513,Robinetta Deners,Genderqueer,68,West Claudia,South Australia,2021-04-25,2021-05-09,2143,91,2,182,Shirt,Linen,XS,indigo,70,4,14
1514,Robinetta Deners,Genderqueer,68,West Claudia,South Australia,2021-04-25,2021-05-09,2144,109,1,109,Shirt,Mandarin Collar,XS,yellow,45,4,14
1515,Meade Yglesia,Genderfluid,54,New Masonport,Northern Territory,2021-01-31,2021-02-20,592,113,1,113,Jacket,Parka,L,yellow,72,1,20
1516,Meade Yglesia,Genderfluid,54,New Masonport,Northern Territory,2021-01-31,2021-02-20,593,105,2,210,Shirt,Cuban Collar,M,violet,67,1,20
1517,Meade Yglesia,Genderfluid,54,New Masonport,Northern Territory,2021-01-31,2021-02-20,594,107,2,214,Jacket,Denim,XL,blue,80,1,20
1518,Meade Yglesia,Genderfluid,54,New Masonport,Northern Territory,2021-01-31,2021-02-20,595,96,2,192,Shirt,Oxford Cloth,L,violet,73,1,20
1519,Meade Yglesia,Genderfluid,54,New Masonport,Northern Territory,2021-01-31,2021-02-20,596,112,2,224,Jacket,Cardigan,L,green,63,1,20
1520,Meade Yglesia,Genderfluid,54,New Masonport,Northern Territory,2021-01-31,2021-02-20,597,105,3,315,Shirt,Cuban Collar,XS,violet,49,1,20
1521,Meade Yglesia,Genderfluid,54,New Masonport,Northern Territory,2021-02-05,2021-02-19,3339,102,2,204,Jacket,Windbreaker,XL,violet,54,2,14
1522,Meade Yglesia,Genderfluid,54,New Masonport,Northern Territory,2021-02-05,2021-02-19,3340,106,3,318,Trousers,Wool,L,violet,61,2,14
1523,Meade Yglesia,Genderfluid,54,New Masonport,Northern Territory,2021-02-05,2021-02-19,3341,94,2,188,Trousers,Cords,S,orange,59,2,14
1524,Meade Yglesia,Genderfluid,54,New Masonport,Northern Territory,2021-02-05,2021-02-19,3342,102,2,204,Trousers,Cargo Pants,XL,indigo,64,2,14
1525,Meade Yglesia,Genderfluid,54,New Masonport,Northern Territory,2021-02-05,2021-02-19,3343,112,1,112,Jacket,Cardigan,L,violet,66,2,14
1526,Meade Yglesia,Genderfluid,54,New Masonport,Northern Territory,2021-02-05,2021-02-19,3344,96,2,192,Trousers,Drawstring,L,indigo,77,2,14
1527,Meade Yglesia,Genderfluid,54,New Masonport,Northern Territory,2021-02-05,2021-02-19,3345,115,2,230,Trousers,Cropped,XL,violet,64,2,14
1528,Lynda Seydlitz,Non-binary,71,Port Marcusshire,Western Australia,2021-10-13,2021-10-23,3141,99,3,297,Trousers,High-Waisted,XL,red,80,10,10
1529,Lynda Seydlitz,Non-binary,71,Port Marcusshire,Western Australia,2021-10-13,2021-10-23,3142,109,3,327,Jacket,Peacoat,XS,indigo,45,10,10
1530,Lynda Seydlitz,Non-binary,71,Port Marcusshire,Western Australia,2021-10-13,2021-10-23,3143,102,1,102,Trousers,Cargo Pants,L,red,61,10,10
1531,Lynda Seydlitz,Non-binary,71,Port Marcusshire,Western Australia,2021-10-13,2021-10-23,3144,93,3,279,Trousers,Joggers,S,green,76,10,10
1532,Lynda Seydlitz,Non-binary,71,Port Marcusshire,Western Australia,2021-10-13,2021-10-23,3145,113,1,113,Trousers,Chinos,M,orange,73,10,10
1533,Lynda Seydlitz,Non-binary,71,Port Marcusshire,Western Australia,2021-10-13,2021-10-23,3146,113,1,113,Trousers,Chinos,S,orange,58,10,10
1534,Lynda Seydlitz,Non-binary,71,Port Marcusshire,Western Australia,2021-10-13,2021-10-23,3147,119,2,238,Shirt,Casual Slim Fit,M,green,67,10,10
1535,Lynda Seydlitz,Non-binary,71,Port Marcusshire,Western Australia,2021-10-13,2021-10-23,3148,102,2,204,Trousers,Cargo Pants,XL,indigo,64,10,10
1536,Lynda Seydlitz,Non-binary,71,Port Marcusshire,Western Australia,2021-10-13,2021-10-23,3149,106,3,318,Shirt,Chambray,S,blue,61,10,10
1537,Lynda Seydlitz,Non-binary,71,Port Marcusshire,Western Australia,2021-10-13,2021-10-23,3150,97,1,97,Trousers,Slim-Fit,L,blue,49,10,10
1538,Lynda Seydlitz,Non-binary,71,Port Marcusshire,Western Australia,2021-02-07,2021-02-28,3491,92,2,184,Shirt,Denim,S,yellow,75,2,21
1539,Lynda Seydlitz,Non-binary,71,Port Marcusshire,Western Australia,2021-02-07,2021-02-28,3492,98,3,294,Shirt,Camp Collared,XS,violet,72,2,21
1540,Lynda Seydlitz,Non-binary,71,Port Marcusshire,Western Australia,2021-02-07,2021-02-28,3493,95,3,285,Shirt,Polo,XL,red,76,2,21
1541,Wadsworth Olivier,Non-binary,59,North Elijahshire,Western Australia,2021-03-17,2021-03-27,1152,90,3,270,Trousers,Relaxed Leg,XL,orange,80,3,10
1542,Wadsworth Olivier,Non-binary,59,North Elijahshire,Western Australia,2021-03-17,2021-03-27,1153,94,2,188,Trousers,Cords,L,orange,74,3,10
1543,Wadsworth Olivier,Non-binary,59,North Elijahshire,Western Australia,2021-03-17,2021-03-27,1154,118,3,354,Shirt,Flannel,S,violet,70,3,10
1544,Wadsworth Olivier,Non-binary,59,North Elijahshire,Western Australia,2021-03-17,2021-03-27,1155,105,3,315,Shirt,Cuban Collar,L,violet,78,3,10
1545,Wadsworth Olivier,Non-binary,59,North Elijahshire,Western Australia,2021-03-17,2021-03-27,1156,98,2,196,Shirt,Camp Collared,XL,red,79,3,10
1546,Wadsworth Olivier,Non-binary,59,North Elijahshire,Western Australia,2021-03-17,2021-03-27,1157,109,1,109,Shirt,Mandarin Collar,XS,indigo,80,3,10
1547,Wadsworth Olivier,Non-binary,59,North Elijahshire,Western Australia,2021-09-30,2021-10-15,3270,90,1,90,Trousers,Relaxed Leg,M,indigo,45,9,15
1548,Wadsworth Olivier,Non-binary,59,North Elijahshire,Western Australia,2021-09-30,2021-10-15,3271,100,3,300,Jacket,Bomber,XS,orange,80,9,15
1549,Wadsworth Olivier,Non-binary,59,North Elijahshire,Western Australia,2021-09-30,2021-10-15,3272,93,2,186,Trousers,Joggers,XS,yellow,62,9,15
1550,Wadsworth Olivier,Non-binary,59,North Elijahshire,Western Australia,2021-10-16,2021-10-31,4734,93,3,279,Trousers,Joggers,L,blue,75,10,15
1551,Wadsworth Olivier,Non-binary,59,North Elijahshire,Western Australia,2021-10-16,2021-10-31,4735,102,3,306,Trousers,Cargo Pants,M,green,78,10,15
1552,Wadsworth Olivier,Non-binary,59,North Elijahshire,Western Australia,2021-10-16,2021-10-31,4736,91,3,273,Shirt,Linen,XS,violet,56,10,15
1553,Valery Pache,Polygender,53,South Claudialand,Western Australia,2021-01-05,2021-01-15,1324,96,3,288,Shirt,Oxford Cloth,XL,red,47,1,10
1554,Valery Pache,Polygender,53,South Claudialand,Western Australia,2021-01-05,2021-01-15,1325,105,3,315,Trousers,Pleated,M,indigo,48,1,10
1555,Valery Pache,Polygender,53,South Claudialand,Western Australia,2021-01-05,2021-01-15,1326,105,3,315,Trousers,Pleated,XS,red,42,1,10
1556,Valery Pache,Polygender,53,South Claudialand,Western Australia,2021-01-05,2021-01-15,1327,107,2,214,Jacket,Denim,XS,red,60,1,10
1557,Valery Pache,Polygender,53,South Claudialand,Western Australia,2021-01-05,2021-01-15,1328,113,1,113,Trousers,Chinos,M,indigo,64,1,10
1558,Barclay Kinsella,Male,47,Lincolnbury,Victoria,2021-09-16,2021-09-18,2755,115,3,345,Trousers,Cropped,S,orange,78,9,2
1559,Binnie Gonzales,Polygender,32,Aidenton,Northern Territory,2021-02-05,2021-02-10,649,104,2,208,Shirt,Dress,S,green,60,2,5
1560,Binnie Gonzales,Polygender,32,Aidenton,Northern Territory,2021-02-05,2021-02-10,650,102,3,306,Jacket,Windbreaker,L,indigo,67,2,5
1561,Binnie Gonzales,Polygender,32,Aidenton,Northern Territory,2021-02-05,2021-02-10,651,96,2,192,Shirt,Oxford Cloth,M,red,54,2,5
1562,Binnie Gonzales,Polygender,32,Aidenton,Northern Territory,2021-02-05,2021-02-10,652,93,1,93,Trousers,Joggers,XS,green,77,2,5
1563,Binnie Gonzales,Polygender,32,Aidenton,Northern Territory,2021-02-05,2021-02-10,653,94,2,188,Shirt,Henley,L,violet,51,2,5
1564,Binnie Gonzales,Polygender,32,Aidenton,Northern Territory,2021-10-21,2021-10-30,1983,105,3,315,Shirt,Cuban Collar,XS,indigo,50,10,9
1565,Binnie Gonzales,Polygender,32,Aidenton,Northern Territory,2021-10-21,2021-10-30,1984,100,1,100,Jacket,Bomber,L,violet,68,10,9
1566,Binnie Gonzales,Polygender,32,Aidenton,Northern Territory,2021-10-21,2021-10-30,1985,113,2,226,Trousers,Chinos,XS,indigo,61,10,9
1567,Binnie Gonzales,Polygender,32,Aidenton,Northern Territory,2021-10-21,2021-10-30,1986,97,1,97,Trousers,Slim-Fit,XS,blue,55,10,9
1568,Binnie Gonzales,Polygender,32,Aidenton,Northern Territory,2021-10-21,2021-10-30,1987,112,3,336,Trousers,Tracksuit Bottoms,XL,yellow,59,10,9
1569,Carla Walework,Male,75,East George,Northern Territory,2021-02-02,2021-02-10,258,93,3,279,Trousers,Joggers,L,blue,75,2,8
1570,Carla Walework,Male,75,East George,Northern Territory,2021-02-02,2021-02-10,259,94,2,188,Trousers,Cords,L,orange,74,2,8
1571,Carla Walework,Male,75,East George,Northern Territory,2021-07-31,2021-08-11,4455,100,2,200,Jacket,Bomber,M,green,61,7,11
1572,Con Pressdee,Non-binary,57,West Marcus,South Australia,2021-05-25,2021-06-06,3253,109,2,218,Jacket,Peacoat,S,violet,73,5,12
1573,Con Pressdee,Non-binary,57,West Marcus,South Australia,2021-05-25,2021-06-06,3254,118,3,354,Shirt,Flannel,L,red,77,5,12
1574,Con Pressdee,Non-binary,57,West Marcus,South Australia,2021-05-25,2021-06-06,3255,94,1,94,Shirt,Henley,S,blue,75,5,12
1575,Con Pressdee,Non-binary,57,West Marcus,South Australia,2021-05-25,2021-06-06,3256,98,3,294,Shirt,Camp Collared,XS,red,77,5,12
1576,Udale Ripping,Agender,68,New Alyssa,Queensland,2021-07-15,2021-07-30,1804,91,1,91,Jacket,Pullover,L,blue,66,7,15
1577,Udale Ripping,Agender,68,New Alyssa,Queensland,2021-07-15,2021-07-30,1805,94,3,282,Shirt,Henley,XS,red,62,7,15
1578,Udale Ripping,Agender,68,New Alyssa,Queensland,2021-07-15,2021-07-30,1806,91,3,273,Shirt,Linen,S,violet,44,7,15
1579,Udale Ripping,Agender,68,New Alyssa,Queensland,2021-07-15,2021-07-30,1807,105,2,210,Trousers,Pleated,L,violet,48,7,15
1580,Udale Ripping,Agender,68,New Alyssa,Queensland,2021-07-15,2021-07-30,1808,99,2,198,Trousers,High-Waisted,XS,red,74,7,15
1581,Julian Sponer,Male,35,Port Madison,Australian Capital Territory,2021-01-22,2021-02-13,226,104,3,312,Shirt,Dress,XS,orange,58,1,22
1582,Julian Sponer,Male,35,Port Madison,Australian Capital Territory,2021-01-22,2021-02-13,227,90,2,180,Trousers,Relaxed Leg,XL,indigo,58,1,22
1583,Julian Sponer,Male,35,Port Madison,Australian Capital Territory,2021-01-22,2021-02-13,228,91,1,91,Jacket,Pullover,L,red,69,1,22
1584,Milton Otson,Non-binary,78,Cooperbury,Western Australia,2021-03-26,2021-04-04,1425,97,3,291,Trousers,Slim-Fit,S,red,71,3,9
1585,Milton Otson,Non-binary,78,Cooperbury,Western Australia,2021-03-26,2021-04-04,1426,113,3,339,Jacket,Parka,M,indigo,66,3,9
1586,Milton Otson,Non-binary,78,Cooperbury,Western Australia,2021-03-26,2021-04-04,1427,112,1,112,Trousers,Tracksuit Bottoms,S,blue,48,3,9
1587,Milton Otson,Non-binary,78,Cooperbury,Western Australia,2021-03-26,2021-04-04,1428,96,2,192,Trousers,Drawstring,XS,green,57,3,9
1588,Milton Otson,Non-binary,78,Cooperbury,Western Australia,2021-03-26,2021-04-04,1429,98,3,294,Shirt,Camp Collared,XL,yellow,44,3,9
1589,Milton Otson,Non-binary,78,Cooperbury,Western Australia,2021-03-26,2021-04-04,1430,112,2,224,Trousers,Tracksuit Bottoms,XS,indigo,63,3,9
1590,Eve Stutard,Female,75,Monahanberg,New South Wales,2021-08-04,2021-08-20,4172,98,1,98,Jacket,Leather,L,orange,78,8,16
1591,Eve Stutard,Female,75,Monahanberg,New South Wales,2021-08-04,2021-08-20,4173,93,2,186,Jacket,Coach,L,blue,80,8,16
1592,Eve Stutard,Female,75,Monahanberg,New South Wales,2021-08-04,2021-08-20,4174,100,3,300,Jacket,Bomber,XL,yellow,50,8,16
1593,Eve Stutard,Female,75,Monahanberg,New South Wales,2021-08-04,2021-08-20,4175,94,2,188,Shirt,Henley,S,red,60,8,16
1594,Eve Stutard,Female,75,Monahanberg,New South Wales,2021-08-04,2021-08-20,4176,104,2,208,Shirt,Dress,XS,orange,58,8,16
1595,Cherlyn Asmus,Female,34,Jasmineville,Victoria,2021-08-02,2021-08-04,1647,96,2,192,Trousers,Drawstring,M,yellow,55,8,2
1596,Cherlyn Asmus,Female,34,Jasmineville,Victoria,2021-08-02,2021-08-04,1648,95,2,190,Shirt,Polo,XL,green,61,8,2
1597,Cherlyn Asmus,Female,34,Jasmineville,Victoria,2021-08-02,2021-08-04,1649,91,1,91,Shirt,Linen,S,blue,77,8,2
1598,Cherlyn Asmus,Female,34,Jasmineville,Victoria,2021-08-02,2021-08-04,1650,118,2,236,Jacket,Puffer,XS,orange,47,8,2
1599,Cherlyn Asmus,Female,34,Jasmineville,Victoria,2021-08-02,2021-08-04,1651,119,1,119,Shirt,Casual Slim Fit,XL,red,47,8,2
1600,Cherlyn Asmus,Female,34,Jasmineville,Victoria,2021-08-02,2021-08-04,1652,93,2,186,Jacket,Coach,M,violet,74,8,2
1601,Cherlyn Asmus,Female,34,Jasmineville,Victoria,2021-06-11,2021-06-14,1926,94,3,282,Shirt,Henley,S,indigo,45,6,3
1602,Cherlyn Asmus,Female,34,Jasmineville,Victoria,2021-06-11,2021-06-14,1927,97,3,291,Trousers,Slim-Fit,XL,blue,47,6,3
1603,Cherlyn Asmus,Female,34,Jasmineville,Victoria,2021-06-11,2021-06-14,1928,119,1,119,Shirt,Casual Slim Fit,XS,violet,55,6,3
1604,Cherlyn Asmus,Female,34,Jasmineville,Victoria,2021-06-11,2021-06-14,1929,95,1,95,Shirt,Polo,S,yellow,77,6,3
1605,Cherlyn Asmus,Female,34,Jasmineville,Victoria,2021-06-11,2021-06-14,1930,118,1,118,Shirt,Flannel,M,yellow,59,6,3
1606,Cherlyn Asmus,Female,34,Jasmineville,Victoria,2021-06-11,2021-06-14,1931,105,2,210,Shirt,Cuban Collar,L,red,45,6,3
1607,Cherlyn Asmus,Female,34,Jasmineville,Victoria,2021-03-30,2021-04-12,3403,115,3,345,Trousers,Cropped,S,red,47,3,13
1608,Cherlyn Asmus,Female,34,Jasmineville,Victoria,2021-03-30,2021-04-12,3404,100,1,100,Jacket,Bomber,XL,red,62,3,13
1609,Cherlyn Asmus,Female,34,Jasmineville,Victoria,2021-03-30,2021-04-12,3405,91,2,182,Shirt,Linen,XL,yellow,54,3,13
1610,Cherlyn Asmus,Female,34,Jasmineville,Victoria,2021-03-30,2021-04-12,3406,91,1,91,Jacket,Pullover,XL,indigo,43,3,13
1611,Cherlyn Asmus,Female,34,Jasmineville,Victoria,2021-03-30,2021-04-12,3407,109,2,218,Jacket,Peacoat,L,violet,65,3,13
1612,Cherlyn Asmus,Female,34,Jasmineville,Victoria,2021-03-30,2021-04-12,3408,113,2,226,Trousers,Chinos,XL,blue,48,3,13
1613,Tymothy Linsay,Genderqueer,45,Barrowschester,Victoria,2021-03-23,2021-04-07,4336,96,1,96,Trousers,Drawstring,XS,blue,45,3,15
1614,Tymothy Linsay,Genderqueer,45,Barrowschester,Victoria,2021-03-23,2021-04-07,4337,92,1,92,Shirt,Denim,XL,blue,73,3,15
1615,Tymothy Linsay,Genderqueer,45,Barrowschester,Victoria,2021-03-23,2021-04-07,4338,107,2,214,Jacket,Denim,XS,yellow,52,3,15
1616,Tymothy Linsay,Genderqueer,45,Barrowschester,Victoria,2021-03-23,2021-04-07,4339,98,1,98,Jacket,Leather,XS,blue,77,3,15
1617,Tymothy Linsay,Genderqueer,45,Barrowschester,Victoria,2021-03-23,2021-04-07,4340,119,1,119,Jacket,Trench Coat,L,blue,50,3,15
1618,Tymothy Linsay,Genderqueer,45,Barrowschester,Victoria,2021-03-23,2021-04-07,4341,96,1,96,Shirt,Oxford Cloth,XL,green,42,3,15
1619,Violet Alwen,Non-binary,47,Lake Charli,Northern Territory,2021-09-16,2021-10-07,2637,105,2,210,Shirt,Cuban Collar,M,green,45,9,21
1620,Violet Alwen,Non-binary,47,Lake Charli,Northern Territory,2021-09-16,2021-10-07,2638,94,2,188,Shirt,Henley,S,green,68,9,21
1621,Violet Alwen,Non-binary,47,Lake Charli,Northern Territory,2021-09-16,2021-10-07,2639,94,1,94,Trousers,Cords,XS,blue,60,9,21
1622,Violet Alwen,Non-binary,47,Lake Charli,Northern Territory,2021-09-16,2021-10-07,2640,118,3,354,Jacket,Puffer,M,green,72,9,21
1623,Violet Alwen,Non-binary,47,Lake Charli,Northern Territory,2021-09-16,2021-10-07,2641,115,1,115,Trousers,Cropped,XL,red,78,9,21
1624,Violet Alwen,Non-binary,47,Lake Charli,Northern Territory,2021-09-16,2021-10-07,2642,99,2,198,Trousers,High-Waisted,L,yellow,77,9,21
1625,Merrielle Piken,Genderqueer,62,Audreyfurt,Victoria,2021-01-13,2021-02-02,4981,94,3,282,Shirt,Henley,XL,indigo,52,1,20
1626,Merrielle Piken,Genderqueer,62,Audreyfurt,Victoria,2021-01-13,2021-02-02,4982,91,2,182,Jacket,Pullover,XL,blue,74,1,20
1627,Merrielle Piken,Genderqueer,62,Audreyfurt,Victoria,2021-01-13,2021-02-02,4983,90,2,180,Trousers,Relaxed Leg,XL,green,64,1,20
1628,Merrielle Piken,Genderqueer,62,Audreyfurt,Victoria,2021-01-13,2021-02-02,4984,102,1,102,Trousers,Cargo Pants,XL,blue,57,1,20
1629,Merrielle Piken,Genderqueer,62,Audreyfurt,Victoria,2021-01-13,2021-02-02,4985,106,3,318,Trousers,Wool,S,violet,59,1,20
1630,Merrielle Piken,Genderqueer,62,Audreyfurt,Victoria,2021-01-13,2021-02-02,4986,93,1,93,Trousers,Joggers,L,red,63,1,20
1631,Merrielle Piken,Genderqueer,62,Audreyfurt,Victoria,2021-01-13,2021-02-02,4987,94,1,94,Shirt,Henley,S,violet,43,1,20
1632,Merrielle Piken,Genderqueer,62,Audreyfurt,Victoria,2021-01-13,2021-02-02,4988,104,2,208,Shirt,Dress,L,green,52,1,20
1633,Kerianne Parris,Genderqueer,40,Olsonbury,Northern Territory,2021-01-18,2021-01-31,4989,102,1,102,Jacket,Windbreaker,XL,green,71,1,13
1634,Kerianne Parris,Genderqueer,40,Olsonbury,Northern Territory,2021-01-18,2021-01-31,4990,102,1,102,Jacket,Windbreaker,XL,blue,59,1,13
1635,Lyn Bouts,Female,20,Levihaven,Victoria,2021-03-05,2021-03-14,2714,109,1,109,Shirt,Mandarin Collar,M,blue,76,3,9
1636,Lyn Bouts,Female,20,Levihaven,Victoria,2021-03-05,2021-03-14,2715,100,1,100,Jacket,Bomber,XS,blue,44,3,9
1637,Lyn Bouts,Female,20,Levihaven,Victoria,2021-03-05,2021-03-14,2716,112,3,336,Jacket,Cardigan,S,blue,53,3,9
1638,Lyn Bouts,Female,20,Levihaven,Victoria,2021-03-05,2021-03-14,2717,93,3,279,Trousers,Joggers,XS,violet,50,3,9
1639,Lyn Bouts,Female,20,Levihaven,Victoria,2021-03-05,2021-03-14,2718,118,2,236,Shirt,Flannel,XS,orange,42,3,9
1640,Lyn Bouts,Female,20,Levihaven,Victoria,2021-03-05,2021-03-14,2719,93,3,279,Jacket,Coach,S,red,76,3,9
1641,Lyn Bouts,Female,20,Levihaven,Victoria,2021-03-05,2021-03-14,2720,94,2,188,Shirt,Henley,XS,red,62,3,9
1642,Thorny Nornable,Genderqueer,76,Rubyfort,Tasmania,2021-04-25,2021-05-15,1507,93,2,186,Jacket,Coach,XS,yellow,52,4,20
1643,Thorny Nornable,Genderqueer,76,Rubyfort,Tasmania,2021-04-25,2021-05-15,1508,90,2,180,Trousers,Relaxed Leg,S,blue,57,4,20
1644,Thorny Nornable,Genderqueer,76,Rubyfort,Tasmania,2021-04-25,2021-05-15,1509,118,1,118,Shirt,Flannel,L,orange,59,4,20
1645,Thorny Nornable,Genderqueer,76,Rubyfort,Tasmania,2021-04-25,2021-05-15,1510,115,3,345,Trousers,Cropped,XS,blue,47,4,20
1646,Thorny Nornable,Genderqueer,76,Rubyfort,Tasmania,2021-04-25,2021-05-15,1511,113,2,226,Trousers,Chinos,XS,violet,72,4,20
1647,Thorny Nornable,Genderqueer,76,Rubyfort,Tasmania,2021-08-24,2021-09-08,1677,96,3,288,Trousers,Drawstring,XL,orange,68,8,15
1648,Thorny Nornable,Genderqueer,76,Rubyfort,Tasmania,2021-08-24,2021-09-08,1678,93,1,93,Trousers,Joggers,S,green,76,8,15
1649,Thorny Nornable,Genderqueer,76,Rubyfort,Tasmania,2021-08-24,2021-09-08,1679,102,2,204,Trousers,Cargo Pants,XL,indigo,64,8,15
1650,Thorny Nornable,Genderqueer,76,Rubyfort,Tasmania,2021-08-24,2021-09-08,1680,90,3,270,Trousers,Relaxed Leg,S,red,70,8,15
1651,Thorny Nornable,Genderqueer,76,Rubyfort,Tasmania,2021-08-24,2021-09-08,1681,112,1,112,Jacket,Cardigan,S,red,47,8,15
1652,Thorny Nornable,Genderqueer,76,Rubyfort,Tasmania,2021-08-24,2021-09-08,1682,102,2,204,Jacket,Windbreaker,XS,red,79,8,15
1653,Thorny Nornable,Genderqueer,76,Rubyfort,Tasmania,2021-09-30,2021-10-17,3104,102,3,306,Jacket,Windbreaker,L,red,40,9,17
1654,Thorny Nornable,Genderqueer,76,Rubyfort,Tasmania,2021-09-30,2021-10-17,3105,96,3,288,Trousers,Drawstring,XL,blue,60,9,17
1655,Thorny Nornable,Genderqueer,76,Rubyfort,Tasmania,2021-09-30,2021-10-17,3106,90,1,90,Trousers,Relaxed Leg,XS,indigo,60,9,17
1656,Thorny Nornable,Genderqueer,76,Rubyfort,Tasmania,2021-06-11,2021-07-05,3867,105,2,210,Trousers,Pleated,XL,blue,55,6,24
1657,Thorny Nornable,Genderqueer,76,Rubyfort,Tasmania,2021-06-11,2021-07-05,3868,112,3,336,Jacket,Cardigan,XL,blue,57,6,24
1658,Thorny Nornable,Genderqueer,76,Rubyfort,Tasmania,2021-06-11,2021-07-05,3869,90,1,90,Trousers,Relaxed Leg,XL,blue,40,6,24
1659,Thorny Nornable,Genderqueer,76,Rubyfort,Tasmania,2021-06-11,2021-07-05,3870,113,1,113,Jacket,Parka,M,violet,75,6,24
1660,Thorny Nornable,Genderqueer,76,Rubyfort,Tasmania,2021-06-11,2021-07-05,3871,102,3,306,Trousers,Cargo Pants,XL,green,65,6,24
1661,Thorny Nornable,Genderqueer,76,Rubyfort,Tasmania,2021-06-29,2021-07-12,4220,113,1,113,Trousers,Chinos,S,indigo,67,6,13
1662,Thorny Nornable,Genderqueer,76,Rubyfort,Tasmania,2021-06-29,2021-07-12,4221,98,1,98,Shirt,Camp Collared,L,indigo,72,6,13
1663,Thorny Nornable,Genderqueer,76,Rubyfort,Tasmania,2021-06-29,2021-07-12,4222,118,1,118,Jacket,Puffer,L,green,43,6,13
1664,Thorny Nornable,Genderqueer,76,Rubyfort,Tasmania,2021-06-29,2021-07-12,4223,91,2,182,Shirt,Linen,M,blue,58,6,13
1665,Thorny Nornable,Genderqueer,76,Rubyfort,Tasmania,2021-06-29,2021-07-12,4224,99,1,99,Trousers,High-Waisted,XS,blue,51,6,13
1666,Thorny Nornable,Genderqueer,76,Rubyfort,Tasmania,2021-06-29,2021-07-12,4225,102,3,306,Jacket,Windbreaker,S,yellow,66,6,13
1667,Thorny Nornable,Genderqueer,76,Rubyfort,Tasmania,2021-06-29,2021-07-12,4226,119,2,238,Shirt,Casual Slim Fit,XL,blue,68,6,13
1668,Dani Hawtin,Bigender,23,North Alex,Victoria,2021-08-12,2021-08-14,4466,107,3,321,Jacket,Denim,M,blue,61,8,2
1669,Dani Hawtin,Bigender,23,North Alex,Victoria,2021-08-12,2021-08-14,4467,113,1,113,Jacket,Parka,S,yellow,80,8,2
1670,Dani Hawtin,Bigender,23,North Alex,Victoria,2021-08-12,2021-08-14,4468,102,2,204,Jacket,Windbreaker,XL,blue,59,8,2
1671,Dani Hawtin,Bigender,23,North Alex,Victoria,2021-08-12,2021-08-14,4469,118,3,354,Shirt,Flannel,S,red,59,8,2
1672,Dani Hawtin,Bigender,23,North Alex,Victoria,2021-08-12,2021-08-14,4470,98,3,294,Shirt,Camp Collared,L,green,80,8,2
1673,Justin Marden,Bigender,31,Port Ashtonhaven,Queensland,2021-08-10,2021-08-19,2442,91,3,273,Jacket,Pullover,XL,orange,69,8,9
1674,Justin Marden,Bigender,31,Port Ashtonhaven,Queensland,2021-08-10,2021-08-19,2443,94,2,188,Shirt,Henley,L,yellow,62,8,9
1675,Justin Marden,Bigender,31,Port Ashtonhaven,Queensland,2021-08-10,2021-08-19,2444,117,1,117,Jacket,Shearling,XL,yellow,63,8,9
1676,Crawford Bolden,Polygender,41,North Kaylastad,Australian Capital Territory,2021-08-08,2021-09-01,707,91,1,91,Jacket,Pullover,M,red,55,8,24
1677,Crawford Bolden,Polygender,41,North Kaylastad,Australian Capital Territory,2021-08-08,2021-09-01,708,113,2,226,Trousers,Chinos,M,red,54,8,24
1678,Crawford Bolden,Polygender,41,North Kaylastad,Australian Capital Territory,2021-08-08,2021-09-01,709,105,3,315,Shirt,Cuban Collar,M,orange,49,8,24
1679,Crawford Bolden,Polygender,41,North Kaylastad,Australian Capital Territory,2021-08-08,2021-09-01,710,106,1,106,Trousers,Wool,M,yellow,43,8,24
1680,Jermaine Goranov,Genderfluid,64,Kreigerbury,Northern Territory,2021-08-31,2021-09-07,160,106,2,212,Trousers,Wool,S,yellow,69,8,7
1681,Jermaine Goranov,Genderfluid,64,Kreigerbury,Northern Territory,2021-08-31,2021-09-07,161,98,1,98,Jacket,Leather,M,red,54,8,7
1682,Jermaine Goranov,Genderfluid,64,Kreigerbury,Northern Territory,2021-08-31,2021-09-07,162,112,2,224,Trousers,Tracksuit Bottoms,M,violet,73,8,7
1683,Jermaine Goranov,Genderfluid,64,Kreigerbury,Northern Territory,2021-08-31,2021-09-07,163,90,1,90,Trousers,Relaxed Leg,L,indigo,48,8,7
1684,Jermaine Goranov,Genderfluid,64,Kreigerbury,Northern Territory,2021-08-31,2021-09-07,164,98,1,98,Jacket,Leather,XL,blue,67,8,7
1685,Jermaine Goranov,Genderfluid,64,Kreigerbury,Northern Territory,2021-08-31,2021-09-07,165,105,1,105,Shirt,Cuban Collar,M,blue,55,8,7
1686,Jermaine Goranov,Genderfluid,64,Kreigerbury,Northern Territory,2021-08-31,2021-09-07,166,113,3,339,Jacket,Parka,S,orange,72,8,7
1687,Augustin Brandenberg,Genderfluid,28,East Lauren,Victoria,2021-09-23,2021-09-30,4918,105,3,315,Trousers,Pleated,S,violet,50,9,7
1688,Augustin Brandenberg,Genderfluid,28,East Lauren,Victoria,2021-09-23,2021-09-30,4919,112,3,336,Trousers,Tracksuit Bottoms,XL,red,45,9,7
1689,Augustin Brandenberg,Genderfluid,28,East Lauren,Victoria,2021-09-23,2021-09-30,4920,94,3,282,Shirt,Henley,XL,green,64,9,7
1690,Augustin Brandenberg,Genderfluid,28,East Lauren,Victoria,2021-09-23,2021-09-30,4921,104,2,208,Shirt,Dress,M,indigo,51,9,7
1691,Augustin Brandenberg,Genderfluid,28,East Lauren,Victoria,2021-09-23,2021-09-30,4922,106,3,318,Shirt,Chambray,XS,blue,76,9,7
1692,Augustin Brandenberg,Genderfluid,28,East Lauren,Victoria,2021-09-23,2021-09-30,4923,105,3,315,Shirt,Cuban Collar,M,blue,55,9,7
1693,Augustin Brandenberg,Genderfluid,28,East Lauren,Victoria,2021-09-23,2021-09-30,4924,100,3,300,Jacket,Bomber,XS,indigo,59,9,7
1694,Iain Fellnee,Male,68,Kingmouth,Northern Territory,2021-02-27,2021-03-05,4423,93,1,93,Trousers,Joggers,M,orange,52,2,6
1695,Iain Fellnee,Male,68,Kingmouth,Northern Territory,2021-02-27,2021-03-05,4424,92,2,184,Shirt,Denim,XS,green,66,2,6
1696,Iain Fellnee,Male,68,Kingmouth,Northern Territory,2021-02-27,2021-03-05,4425,91,2,182,Shirt,Linen,XS,green,49,2,6
1697,Iain Fellnee,Male,68,Kingmouth,Northern Territory,2021-02-27,2021-03-05,4426,97,3,291,Trousers,Slim-Fit,XS,orange,69,2,6
1698,Iain Fellnee,Male,68,Kingmouth,Northern Territory,2021-02-27,2021-03-05,4427,94,1,94,Shirt,Henley,S,yellow,70,2,6
1699,Iain Fellnee,Male,68,Kingmouth,Northern Territory,2021-02-27,2021-03-05,4428,102,3,306,Jacket,Windbreaker,S,blue,41,2,6
1700,Iain Fellnee,Male,68,Kingmouth,Northern Territory,2021-02-27,2021-03-05,4429,94,3,282,Trousers,Cords,L,orange,74,2,6
1701,Persis Linch,Genderqueer,39,West Zoeberg,Queensland,2021-09-19,2021-10-07,4783,105,3,315,Shirt,Cuban Collar,L,violet,78,9,18
1702,Persis Linch,Genderqueer,39,West Zoeberg,Queensland,2021-09-19,2021-10-07,4784,98,3,294,Jacket,Leather,XS,yellow,73,9,18
1703,Persis Linch,Genderqueer,39,West Zoeberg,Queensland,2021-09-19,2021-10-07,4785,106,3,318,Trousers,Wool,M,violet,51,9,18
1704,Persis Linch,Genderqueer,39,West Zoeberg,Queensland,2021-09-19,2021-10-07,4786,91,1,91,Shirt,Linen,M,orange,42,9,18
1705,Persis Linch,Genderqueer,39,West Zoeberg,Queensland,2021-09-19,2021-10-07,4787,104,2,208,Shirt,Dress,XS,yellow,69,9,18
1706,Persis Linch,Genderqueer,39,West Zoeberg,Queensland,2021-09-19,2021-10-07,4788,112,1,112,Jacket,Cardigan,S,yellow,79,9,18
1707,Konstantin Kuhlmey,Polygender,28,Swiftfort,New South Wales,2021-08-01,2021-08-16,1414,91,1,91,Jacket,Pullover,XS,yellow,65,8,15
1708,Konstantin Kuhlmey,Polygender,28,Swiftfort,New South Wales,2021-08-01,2021-08-16,1415,91,3,273,Jacket,Pullover,XS,red,54,8,15
1709,Konstantin Kuhlmey,Polygender,28,Swiftfort,New South Wales,2021-08-01,2021-08-16,1416,96,2,192,Trousers,Drawstring,S,orange,58,8,15
1710,Konstantin Kuhlmey,Polygender,28,Swiftfort,New South Wales,2021-08-01,2021-08-16,1417,113,3,339,Trousers,Chinos,L,red,44,8,15
1711,Konstantin Kuhlmey,Polygender,28,Swiftfort,New South Wales,2021-08-01,2021-08-16,1418,91,1,91,Shirt,Linen,L,red,80,8,15
1712,Tammie Gavrielli,Genderqueer,25,Jacobsshire,Tasmania,2021-04-23,2021-05-02,4273,90,3,270,Trousers,Relaxed Leg,S,green,51,4,9
1713,Tammie Gavrielli,Genderqueer,25,Jacobsshire,Tasmania,2021-04-23,2021-05-02,4274,93,3,279,Trousers,Joggers,XL,blue,52,4,9
1714,Tammie Gavrielli,Genderqueer,25,Jacobsshire,Tasmania,2021-04-23,2021-05-02,4275,107,1,107,Jacket,Denim,M,green,79,4,9
1715,Tammie Gavrielli,Genderqueer,25,Jacobsshire,Tasmania,2021-04-23,2021-05-02,4276,99,1,99,Trousers,High-Waisted,L,green,75,4,9
1716,Geraldine Naulty,Agender,64,Youngview,Victoria,2021-06-05,2021-06-23,470,99,1,99,Trousers,High-Waisted,M,indigo,61,6,18
1717,Geraldine Naulty,Agender,64,Youngview,Victoria,2021-06-05,2021-06-23,471,104,3,312,Shirt,Dress,M,violet,41,6,18
1718,Geraldine Naulty,Agender,64,Youngview,Victoria,2021-06-05,2021-06-23,472,93,1,93,Trousers,Joggers,S,green,76,6,18
1719,Geraldine Naulty,Agender,64,Youngview,Victoria,2021-06-05,2021-06-23,473,96,3,288,Trousers,Drawstring,M,green,52,6,18
1720,Geraldine Naulty,Agender,64,Youngview,Victoria,2021-06-05,2021-06-23,474,119,1,119,Shirt,Casual Slim Fit,XS,red,49,6,18
1721,Geraldine Naulty,Agender,64,Youngview,Victoria,2021-06-05,2021-06-23,475,115,2,230,Trousers,Cropped,L,yellow,60,6,18
1722,Hildagarde Dell 'Orto,Bigender,51,Jasperside,South Australia,2021-10-18,2021-11-09,1625,98,1,98,Shirt,Camp Collared,S,blue,75,10,22
1723,Hildagarde Dell 'Orto,Bigender,51,Jasperside,South Australia,2021-10-18,2021-11-09,1626,115,3,345,Trousers,Cropped,M,orange,56,10,22
1724,Hildagarde Dell 'Orto,Bigender,51,Jasperside,South Australia,2021-10-18,2021-11-09,1627,94,3,282,Trousers,Cords,XS,yellow,69,10,22
1725,Hildagarde Dell 'Orto,Bigender,51,Jasperside,South Australia,2021-10-18,2021-11-09,1628,94,1,94,Trousers,Cords,L,indigo,62,10,22
1726,Hildagarde Dell 'Orto,Bigender,51,Jasperside,South Australia,2021-10-18,2021-11-09,1629,117,1,117,Jacket,Shearling,M,green,59,10,22
1727,Hildagarde Dell 'Orto,Bigender,51,Jasperside,South Australia,2021-10-18,2021-11-09,1630,92,3,276,Shirt,Denim,XL,green,52,10,22
1728,Hildagarde Dell 'Orto,Bigender,51,Jasperside,South Australia,2021-10-18,2021-11-09,1631,107,3,321,Jacket,Denim,M,violet,43,10,22
1729,Hildagarde Dell 'Orto,Bigender,51,Jasperside,South Australia,2021-07-08,2021-07-16,4805,104,1,104,Shirt,Dress,XL,red,47,7,8
1730,Hildagarde Dell 'Orto,Bigender,51,Jasperside,South Australia,2021-07-08,2021-07-16,4806,112,1,112,Trousers,Tracksuit Bottoms,L,yellow,41,7,8
1731,Hildagarde Dell 'Orto,Bigender,51,Jasperside,South Australia,2021-07-08,2021-07-16,4807,93,1,93,Trousers,Joggers,XS,orange,65,7,8
1732,Mady Greenleaf,Genderfluid,61,South Chelseaton,Australian Capital Territory,2021-09-08,2021-10-05,1079,94,3,282,Trousers,Cords,L,violet,74,9,27
1733,Mady Greenleaf,Genderfluid,61,South Chelseaton,Australian Capital Territory,2021-09-08,2021-10-05,1080,91,2,182,Jacket,Pullover,S,indigo,44,9,27
1734,Mady Greenleaf,Genderfluid,61,South Chelseaton,Australian Capital Territory,2021-09-08,2021-10-05,1081,102,3,306,Jacket,Windbreaker,XS,red,79,9,27
1735,Ephrem Hambers,Female,46,New Stellastad,Australian Capital Territory,2021-06-21,2021-07-11,990,100,1,100,Jacket,Bomber,XL,yellow,50,6,20
1736,Ephrem Hambers,Female,46,New Stellastad,Australian Capital Territory,2021-06-21,2021-07-11,991,93,2,186,Trousers,Joggers,L,orange,49,6,20
1737,Ephrem Hambers,Female,46,New Stellastad,Australian Capital Territory,2021-06-21,2021-07-11,992,99,2,198,Trousers,High-Waisted,XS,green,42,6,20
1738,Ephrem Hambers,Female,46,New Stellastad,Australian Capital Territory,2021-06-21,2021-07-11,993,112,1,112,Trousers,Tracksuit Bottoms,XL,red,45,6,20
1739,Ephrem Hambers,Female,46,New Stellastad,Australian Capital Territory,2021-06-21,2021-07-11,994,115,3,345,Trousers,Cropped,XL,green,49,6,20
1740,Ephrem Hambers,Female,46,New Stellastad,Australian Capital Territory,2021-05-08,2021-05-28,3210,94,3,282,Shirt,Henley,M,green,65,5,20
1741,Ephrem Hambers,Female,46,New Stellastad,Australian Capital Territory,2021-05-08,2021-05-28,3211,98,1,98,Shirt,Camp Collared,S,yellow,66,5,20
1742,Ephrem Hambers,Female,46,New Stellastad,Australian Capital Territory,2021-05-08,2021-05-28,3212,119,3,357,Shirt,Casual Slim Fit,S,indigo,65,5,20
1743,Hildegarde Bamlett,Agender,38,Abbottbury,Australian Capital Territory,2021-10-11,2021-10-20,4398,91,3,273,Jacket,Pullover,XL,green,65,10,9
1744,Hildegarde Bamlett,Agender,38,Abbottbury,Australian Capital Territory,2021-10-11,2021-10-20,4399,91,1,91,Jacket,Pullover,S,green,69,10,9
1745,Hildegarde Bamlett,Agender,38,Abbottbury,Australian Capital Territory,2021-03-28,2021-04-15,4758,96,2,192,Trousers,Drawstring,M,violet,73,3,18
1746,Hildegarde Bamlett,Agender,38,Abbottbury,Australian Capital Territory,2021-03-28,2021-04-15,4759,91,1,91,Jacket,Pullover,S,blue,73,3,18
1747,Hildegarde Bamlett,Agender,38,Abbottbury,Australian Capital Territory,2021-03-28,2021-04-15,4760,106,1,106,Shirt,Chambray,M,blue,66,3,18
1748,Hildegarde Bamlett,Agender,38,Abbottbury,Australian Capital Territory,2021-03-28,2021-04-15,4761,117,2,234,Jacket,Shearling,XL,green,51,3,18
1749,Hildegarde Bamlett,Agender,38,Abbottbury,Australian Capital Territory,2021-03-28,2021-04-15,4762,100,3,300,Jacket,Bomber,S,indigo,41,3,18
1750,Hildegarde Bamlett,Agender,38,Abbottbury,Australian Capital Territory,2021-03-28,2021-04-15,4763,112,2,224,Trousers,Tracksuit Bottoms,XS,blue,42,3,18
1751,Hildegarde Bamlett,Agender,38,Abbottbury,Australian Capital Territory,2021-03-28,2021-04-15,4764,112,3,336,Jacket,Cardigan,M,blue,57,3,18
1752,Hildegarde Bamlett,Agender,38,Abbottbury,Australian Capital Territory,2021-03-28,2021-04-15,4765,106,3,318,Trousers,Wool,S,violet,59,3,18
1753,Etan Peirazzi,Genderqueer,63,West Jessica,Queensland,2021-08-13,2021-08-22,2239,119,1,119,Jacket,Trench Coat,L,indigo,71,8,9
1754,Etan Peirazzi,Genderqueer,63,West Jessica,Queensland,2021-08-13,2021-08-22,2240,105,1,105,Shirt,Cuban Collar,XS,indigo,50,8,9
1755,Etan Peirazzi,Genderqueer,63,West Jessica,Queensland,2021-08-30,2021-09-07,3069,97,2,194,Trousers,Slim-Fit,XS,indigo,74,8,8
1756,Etan Peirazzi,Genderqueer,63,West Jessica,Queensland,2021-08-30,2021-09-07,3070,113,1,113,Jacket,Parka,S,yellow,80,8,8
1757,Etan Peirazzi,Genderqueer,63,West Jessica,Queensland,2021-08-30,2021-09-07,3071,94,1,94,Trousers,Cords,S,red,67,8,8
1758,Etan Peirazzi,Genderqueer,63,West Jessica,Queensland,2021-08-30,2021-09-07,3072,119,3,357,Jacket,Trench Coat,M,violet,61,8,8
1759,Etan Peirazzi,Genderqueer,63,West Jessica,Queensland,2021-08-30,2021-09-07,3073,96,2,192,Shirt,Oxford Cloth,XS,violet,74,8,8
1760,Etan Peirazzi,Genderqueer,63,West Jessica,Queensland,2021-08-30,2021-09-07,3074,113,1,113,Trousers,Chinos,M,orange,73,8,8
1761,Griffy Wenger,Genderqueer,53,East Sophia,South Australia,2021-06-19,2021-07-08,1269,94,1,94,Shirt,Henley,XS,orange,65,6,19
1762,Griffy Wenger,Genderqueer,53,East Sophia,South Australia,2021-06-19,2021-07-08,1270,105,3,315,Shirt,Cuban Collar,XL,orange,49,6,19
1763,Griffy Wenger,Genderqueer,53,East Sophia,South Australia,2021-06-19,2021-07-08,1271,99,2,198,Trousers,High-Waisted,M,red,59,6,19
1764,Griffy Wenger,Genderqueer,53,East Sophia,South Australia,2021-06-19,2021-07-08,1272,118,3,354,Jacket,Puffer,L,green,43,6,19
1765,Griffy Wenger,Genderqueer,53,East Sophia,South Australia,2021-06-19,2021-07-08,1273,105,1,105,Shirt,Cuban Collar,L,yellow,77,6,19
1766,Ninetta Phizakarley,Agender,77,Ernserland,Northern Territory,2021-03-16,2021-03-26,2098,113,3,339,Trousers,Chinos,XL,green,50,3,10
1767,Ninetta Phizakarley,Agender,77,Ernserland,Northern Territory,2021-03-16,2021-03-26,2099,105,1,105,Trousers,Pleated,XL,blue,55,3,10
1768,Ninetta Phizakarley,Agender,77,Ernserland,Northern Territory,2021-03-16,2021-03-26,2100,109,2,218,Jacket,Peacoat,M,indigo,52,3,10
1769,Ninetta Phizakarley,Agender,77,Ernserland,Northern Territory,2021-03-16,2021-03-26,2101,106,1,106,Trousers,Wool,XL,blue,41,3,10
1770,Ninetta Phizakarley,Agender,77,Ernserland,Northern Territory,2021-03-16,2021-03-26,2102,99,2,198,Trousers,High-Waisted,S,red,80,3,10
1771,Ninetta Phizakarley,Agender,77,Ernserland,Northern Territory,2021-08-16,2021-09-06,4148,98,1,98,Jacket,Leather,XL,indigo,52,8,21
1772,Ninetta Phizakarley,Agender,77,Ernserland,Northern Territory,2021-08-16,2021-09-06,4149,98,2,196,Jacket,Leather,M,blue,60,8,21
1773,Emanuele Deesly,Genderfluid,24,Rodriguezbury,Victoria,2021-03-17,2021-03-31,2597,119,1,119,Shirt,Casual Slim Fit,XS,blue,55,3,14
1774,Emanuele Deesly,Genderfluid,24,Rodriguezbury,Victoria,2021-03-17,2021-03-31,2598,102,3,306,Jacket,Windbreaker,S,red,54,3,14
1775,Emanuele Deesly,Genderfluid,24,Rodriguezbury,Victoria,2021-03-17,2021-03-31,2599,94,3,282,Shirt,Henley,M,violet,44,3,14
1776,Emanuele Deesly,Genderfluid,24,Rodriguezbury,Victoria,2021-03-17,2021-03-31,2600,112,1,112,Jacket,Cardigan,XS,violet,40,3,14
1777,Emanuele Deesly,Genderfluid,24,Rodriguezbury,Victoria,2021-03-17,2021-03-31,2601,119,3,357,Jacket,Trench Coat,M,blue,46,3,14
1778,Emanuele Deesly,Genderfluid,24,Rodriguezbury,Victoria,2021-03-17,2021-03-31,2602,92,1,92,Shirt,Denim,XS,violet,73,3,14
1779,Emanuele Deesly,Genderfluid,24,Rodriguezbury,Victoria,2021-03-17,2021-03-31,2603,118,3,354,Jacket,Puffer,S,blue,76,3,14
1780,Emanuele Deesly,Genderfluid,24,Rodriguezbury,Victoria,2021-03-17,2021-03-31,2604,91,1,91,Shirt,Linen,XL,violet,73,3,14
1781,Emanuele Deesly,Genderfluid,24,Rodriguezbury,Victoria,2021-01-04,2021-01-23,4840,96,3,288,Trousers,Drawstring,XL,red,77,1,19
1782,Emanuele Deesly,Genderfluid,24,Rodriguezbury,Victoria,2021-01-04,2021-01-23,4841,96,2,192,Trousers,Drawstring,M,red,70,1,19
1783,Emanuele Deesly,Genderfluid,24,Rodriguezbury,Victoria,2021-01-04,2021-01-23,4842,97,3,291,Trousers,Slim-Fit,XS,blue,55,1,19
1784,Emanuele Deesly,Genderfluid,24,Rodriguezbury,Victoria,2021-01-04,2021-01-23,4843,119,3,357,Shirt,Casual Slim Fit,L,green,54,1,19
1785,Emanuele Deesly,Genderfluid,24,Rodriguezbury,Victoria,2021-01-04,2021-01-23,4844,112,3,336,Trousers,Tracksuit Bottoms,L,indigo,50,1,19
1786,Emanuele Deesly,Genderfluid,24,Rodriguezbury,Victoria,2021-01-04,2021-01-23,4845,105,3,315,Trousers,Pleated,S,blue,60,1,19
1787,Emanuele Deesly,Genderfluid,24,Rodriguezbury,Victoria,2021-01-04,2021-01-23,4846,105,2,210,Shirt,Cuban Collar,L,red,45,1,19
1788,Emanuele Deesly,Genderfluid,24,Rodriguezbury,Victoria,2021-01-04,2021-01-23,4847,109,1,109,Shirt,Mandarin Collar,XL,red,64,1,19
1789,Emanuele Deesly,Genderfluid,24,Rodriguezbury,Victoria,2021-01-04,2021-01-23,4848,102,1,102,Jacket,Windbreaker,XS,blue,59,1,19
1790,Emanuele Deesly,Genderfluid,24,Rodriguezbury,Victoria,2021-01-04,2021-01-23,4849,95,2,190,Shirt,Polo,L,blue,77,1,19
1791,Nathanil Runchman,Non-binary,23,South Hannahstad,Victoria,2021-03-07,2021-03-26,2204,104,3,312,Shirt,Dress,XL,red,47,3,19
1792,Nathanil Runchman,Non-binary,23,South Hannahstad,Victoria,2021-03-07,2021-03-26,2205,95,1,95,Shirt,Polo,L,green,68,3,19
1793,Nathanil Runchman,Non-binary,23,South Hannahstad,Victoria,2021-03-07,2021-03-26,2206,98,1,98,Shirt,Camp Collared,L,red,52,3,19
1794,Nathanil Runchman,Non-binary,23,South Hannahstad,Victoria,2021-02-26,2021-02-27,4384,96,1,96,Shirt,Oxford Cloth,S,orange,72,2,1
1795,Nathanil Runchman,Non-binary,23,South Hannahstad,Victoria,2021-02-26,2021-02-27,4385,112,2,224,Jacket,Cardigan,M,yellow,64,2,1
1796,Nathanil Runchman,Non-binary,23,South Hannahstad,Victoria,2021-02-26,2021-02-27,4386,118,3,354,Shirt,Flannel,XL,red,72,2,1
1797,Alameda Fincke,Male,43,Matthewstad,Victoria,2021-09-19,2021-09-24,3590,113,3,339,Jacket,Parka,M,red,56,9,5
1798,Alameda Fincke,Male,43,Matthewstad,Victoria,2021-09-19,2021-09-24,3591,107,2,214,Jacket,Denim,XL,yellow,56,9,5
1799,Alameda Fincke,Male,43,Matthewstad,Victoria,2021-09-19,2021-09-24,3592,106,3,318,Shirt,Chambray,M,red,48,9,5
1800,Alameda Fincke,Male,43,Matthewstad,Victoria,2021-09-19,2021-09-24,3593,118,1,118,Shirt,Flannel,XL,indigo,57,9,5
1801,Alameda Fincke,Male,43,Matthewstad,Victoria,2021-09-19,2021-09-24,3594,109,1,109,Jacket,Peacoat,M,blue,71,9,5
1802,Alameda Fincke,Male,43,Matthewstad,Victoria,2021-09-19,2021-09-24,3595,94,1,94,Trousers,Cords,S,green,78,9,5
1803,Alameda Fincke,Male,43,Matthewstad,Victoria,2021-09-19,2021-09-24,3596,102,2,204,Jacket,Windbreaker,XL,red,48,9,5
1804,Alameda Fincke,Male,43,Matthewstad,Victoria,2021-09-19,2021-09-24,3597,109,3,327,Shirt,Mandarin Collar,XL,violet,71,9,5
1805,Alameda Fincke,Male,43,Matthewstad,Victoria,2021-09-19,2021-09-24,3598,100,1,100,Jacket,Bomber,XL,violet,53,9,5
1806,Alameda Fincke,Male,43,Matthewstad,Victoria,2021-05-26,2021-06-22,3653,119,1,119,Shirt,Casual Slim Fit,XL,orange,53,5,27
1807,Alameda Fincke,Male,43,Matthewstad,Victoria,2021-05-26,2021-06-22,3654,96,2,192,Trousers,Drawstring,XL,violet,80,5,27
1808,Alameda Fincke,Male,43,Matthewstad,Victoria,2021-05-26,2021-06-22,3655,113,1,113,Jacket,Parka,S,indigo,53,5,27
1809,Alameda Fincke,Male,43,Matthewstad,Victoria,2021-05-26,2021-06-22,3656,105,3,315,Shirt,Cuban Collar,XL,violet,44,5,27
1810,Alameda Fincke,Male,43,Matthewstad,Victoria,2021-05-26,2021-06-22,3657,96,1,96,Shirt,Oxford Cloth,L,violet,73,5,27
1811,Alameda Fincke,Male,43,Matthewstad,Victoria,2021-05-26,2021-06-22,3658,97,1,97,Trousers,Slim-Fit,S,indigo,41,5,27
1812,Dame Popov,Genderfluid,38,New Mayaburgh,Northern Territory,2021-06-26,2021-07-22,284,99,3,297,Trousers,High-Waisted,XL,indigo,57,6,26
1813,Dame Popov,Genderfluid,38,New Mayaburgh,Northern Territory,2021-06-26,2021-07-22,285,109,3,327,Jacket,Peacoat,XL,orange,69,6,26
1814,Caroljean Elstob,Agender,41,Lake Lukeberg,South Australia,2021-06-23,2021-07-20,786,99,3,297,Trousers,High-Waisted,XS,yellow,64,6,27
1815,Caroljean Elstob,Agender,41,Lake Lukeberg,South Australia,2021-06-23,2021-07-20,787,90,1,90,Trousers,Relaxed Leg,XL,yellow,54,6,27
1816,Caroljean Elstob,Agender,41,Lake Lukeberg,South Australia,2021-06-23,2021-07-20,788,92,2,184,Shirt,Denim,L,yellow,75,6,27
1817,Caroljean Elstob,Agender,41,Lake Lukeberg,South Australia,2021-06-23,2021-07-20,789,119,1,119,Jacket,Trench Coat,XS,red,78,6,27
1818,Caroljean Elstob,Agender,41,Lake Lukeberg,South Australia,2021-06-23,2021-07-20,790,113,1,113,Jacket,Parka,XL,yellow,44,6,27
1819,Caroljean Elstob,Agender,41,Lake Lukeberg,South Australia,2021-06-23,2021-07-20,791,93,2,186,Trousers,Joggers,XS,yellow,62,6,27
1820,Caroljean Elstob,Agender,41,Lake Lukeberg,South Australia,2021-06-23,2021-07-20,792,96,1,96,Shirt,Oxford Cloth,S,indigo,59,6,27
1821,Bee Mazonowicz,Bigender,36,South Eveshire,Western Australia,2021-01-07,2021-01-25,1505,119,1,119,Shirt,Casual Slim Fit,S,blue,75,1,18
1822,Bee Mazonowicz,Bigender,36,South Eveshire,Western Australia,2021-01-07,2021-01-25,1506,94,2,188,Shirt,Henley,XS,red,62,1,18
1823,Reed Churchlow,Male,75,North Sophieland,Australian Capital Territory,2021-02-23,2021-02-27,321,102,2,204,Jacket,Windbreaker,M,green,63,2,4
1824,Reed Churchlow,Male,75,North Sophieland,Australian Capital Territory,2021-02-23,2021-02-27,322,105,2,210,Shirt,Cuban Collar,S,violet,43,2,4
1825,Reed Churchlow,Male,75,North Sophieland,Australian Capital Territory,2021-02-23,2021-02-27,323,118,2,236,Shirt,Flannel,XS,green,55,2,4
1826,Eba Bauser,Bigender,26,Audreyport,Tasmania,2021-03-04,2021-03-28,3618,113,2,226,Jacket,Parka,L,indigo,44,3,24
1827,Eba Bauser,Bigender,26,Audreyport,Tasmania,2021-03-04,2021-03-28,3619,105,3,315,Trousers,Pleated,L,red,70,3,24
1828,Eba Bauser,Bigender,26,Audreyport,Tasmania,2021-03-04,2021-03-28,3620,91,2,182,Jacket,Pullover,S,blue,73,3,24
1829,Eba Bauser,Bigender,26,Audreyport,Tasmania,2021-03-04,2021-03-28,3621,102,3,306,Jacket,Windbreaker,S,blue,41,3,24
1830,Eba Bauser,Bigender,26,Audreyport,Tasmania,2021-03-04,2021-03-28,3622,106,2,212,Trousers,Wool,M,violet,51,3,24
1831,Eba Bauser,Bigender,26,Audreyport,Tasmania,2021-03-04,2021-03-28,3623,113,2,226,Jacket,Parka,XS,red,65,3,24
1832,Eba Bauser,Bigender,26,Audreyport,Tasmania,2021-03-04,2021-03-28,3624,112,2,224,Jacket,Cardigan,XS,violet,40,3,24
1833,Collie Jakel,Female,50,Isabellaton,Australian Capital Territory,2021-01-31,2021-02-06,4640,99,2,198,Trousers,High-Waisted,M,red,59,1,6
1834,Collie Jakel,Female,50,Isabellaton,Australian Capital Territory,2021-01-31,2021-02-06,4641,91,3,273,Shirt,Linen,M,indigo,72,1,6
1835,Collie Jakel,Female,50,Isabellaton,Australian Capital Territory,2021-01-31,2021-02-06,4642,91,2,182,Jacket,Pullover,L,violet,78,1,6
1836,Collie Jakel,Female,50,Isabellaton,Australian Capital Territory,2021-01-31,2021-02-06,4643,95,1,95,Shirt,Polo,S,yellow,77,1,6
1837,Damiano Leyborne,Non-binary,50,Gabrielville,Western Australia,2021-03-19,2021-04-08,3094,109,1,109,Shirt,Mandarin Collar,S,red,48,3,20
1838,Damiano Leyborne,Non-binary,50,Gabrielville,Western Australia,2021-03-19,2021-04-08,3095,106,3,318,Shirt,Chambray,XS,violet,47,3,20
1839,Damiano Leyborne,Non-binary,50,Gabrielville,Western Australia,2021-03-19,2021-04-08,3096,113,3,339,Jacket,Parka,M,orange,51,3,20
1840,Damiano Leyborne,Non-binary,50,Gabrielville,Western Australia,2021-03-19,2021-04-08,3097,94,3,282,Shirt,Henley,S,yellow,70,3,20
1841,Damiano Leyborne,Non-binary,50,Gabrielville,Western Australia,2021-03-19,2021-04-08,3098,112,3,336,Trousers,Tracksuit Bottoms,L,red,43,3,20
1842,Damiano Leyborne,Non-binary,50,Gabrielville,Western Australia,2021-03-19,2021-04-08,3099,90,2,180,Trousers,Relaxed Leg,XS,green,80,3,20
1843,Damiano Leyborne,Non-binary,50,Gabrielville,Western Australia,2021-03-19,2021-04-08,3100,100,2,200,Jacket,Bomber,XS,violet,75,3,20
1844,Ailene McKeller,Agender,46,South Logan,Western Australia,2021-02-19,2021-02-26,235,113,1,113,Jacket,Parka,L,red,73,2,7
1845,Ailene McKeller,Agender,46,South Logan,Western Australia,2021-02-19,2021-02-26,236,97,3,291,Trousers,Slim-Fit,L,blue,49,2,7
1846,Ailene McKeller,Agender,46,South Logan,Western Australia,2021-02-19,2021-02-26,237,93,2,186,Trousers,Joggers,S,blue,50,2,7
1847,Waylen Swallwell,Non-binary,73,Sarahstad,Western Australia,2021-01-10,2021-01-19,911,92,3,276,Shirt,Denim,XL,blue,73,1,9
1848,Waylen Swallwell,Non-binary,73,Sarahstad,Western Australia,2021-01-10,2021-01-19,912,118,3,354,Shirt,Flannel,XS,indigo,46,1,9
1849,Waylen Swallwell,Non-binary,73,Sarahstad,Western Australia,2021-01-10,2021-01-19,913,104,1,104,Shirt,Dress,S,violet,69,1,9
1850,Waylen Swallwell,Non-binary,73,Sarahstad,Western Australia,2021-01-10,2021-01-19,914,93,3,279,Jacket,Coach,XL,yellow,68,1,9
1851,Waylen Swallwell,Non-binary,73,Sarahstad,Western Australia,2021-01-10,2021-01-19,915,91,2,182,Jacket,Pullover,S,red,46,1,9
1852,Waylen Swallwell,Non-binary,73,Sarahstad,Western Australia,2021-07-22,2021-08-17,1166,119,2,238,Shirt,Casual Slim Fit,XS,green,69,7,26
1853,Waylen Swallwell,Non-binary,73,Sarahstad,Western Australia,2021-07-22,2021-08-17,1167,93,2,186,Trousers,Joggers,S,red,71,7,26
1854,Waylen Swallwell,Non-binary,73,Sarahstad,Western Australia,2021-07-22,2021-08-17,1168,109,2,218,Shirt,Mandarin Collar,L,green,67,7,26
1855,Waylen Swallwell,Non-binary,73,Sarahstad,Western Australia,2021-06-02,2021-06-09,2748,105,3,315,Shirt,Cuban Collar,S,orange,50,6,7
1856,Waylen Swallwell,Non-binary,73,Sarahstad,Western Australia,2021-10-24,2021-11-20,3609,94,2,188,Shirt,Henley,M,yellow,71,10,27
1857,Waylen Swallwell,Non-binary,73,Sarahstad,Western Australia,2021-10-24,2021-11-20,3610,109,2,218,Jacket,Peacoat,S,red,67,10,27
1858,Waylen Swallwell,Non-binary,73,Sarahstad,Western Australia,2021-10-24,2021-11-20,3611,117,2,234,Jacket,Shearling,L,violet,61,10,27
1859,Waylen Swallwell,Non-binary,73,Sarahstad,Western Australia,2021-10-24,2021-11-20,3612,93,1,93,Jacket,Coach,S,blue,47,10,27
1860,Waylen Swallwell,Non-binary,73,Sarahstad,Western Australia,2021-10-24,2021-11-20,3613,104,2,208,Shirt,Dress,XS,violet,63,10,27
1861,Zak Titterton,Non-binary,22,West Cooper,Tasmania,2021-09-08,2021-09-11,2942,102,2,204,Jacket,Windbreaker,M,yellow,52,9,3
1862,Zak Titterton,Non-binary,22,West Cooper,Tasmania,2021-09-08,2021-09-11,2943,95,1,95,Shirt,Polo,M,indigo,62,9,3
1863,Zak Titterton,Non-binary,22,West Cooper,Tasmania,2021-09-08,2021-09-11,2944,90,2,180,Trousers,Relaxed Leg,XL,yellow,54,9,3
1864,Zak Titterton,Non-binary,22,West Cooper,Tasmania,2021-09-08,2021-09-11,2945,94,3,282,Shirt,Henley,S,red,60,9,3
1865,Zak Titterton,Non-binary,22,West Cooper,Tasmania,2021-09-08,2021-09-11,2946,112,3,336,Trousers,Tracksuit Bottoms,L,orange,73,9,3
1866,Zak Titterton,Non-binary,22,West Cooper,Tasmania,2021-09-08,2021-09-11,2947,107,1,107,Jacket,Denim,XS,violet,65,9,3
1867,Zak Titterton,Non-binary,22,West Cooper,Tasmania,2021-08-20,2021-09-06,3016,100,3,300,Jacket,Bomber,XL,yellow,50,8,17
1868,Zak Titterton,Non-binary,22,West Cooper,Tasmania,2021-08-20,2021-09-06,3017,106,3,318,Shirt,Chambray,M,yellow,62,8,17
1869,Zak Titterton,Non-binary,22,West Cooper,Tasmania,2021-08-20,2021-09-06,3018,91,2,182,Shirt,Linen,S,green,58,8,17
1870,Teddy Gell,Non-binary,79,West Ellaport,Australian Capital Territory,2021-01-30,2021-02-15,2021,97,3,291,Trousers,Slim-Fit,XL,red,67,1,16
1871,Teddy Gell,Non-binary,79,West Ellaport,Australian Capital Territory,2021-01-30,2021-02-15,2022,105,1,105,Trousers,Pleated,S,yellow,71,1,16
1872,Teddy Gell,Non-binary,79,West Ellaport,Australian Capital Territory,2021-01-30,2021-02-15,2023,94,3,282,Shirt,Henley,L,indigo,44,1,16
1873,Teddy Gell,Non-binary,79,West Ellaport,Australian Capital Territory,2021-01-30,2021-02-15,2024,106,1,106,Trousers,Wool,XL,yellow,72,1,16
1874,Teddy Gell,Non-binary,79,West Ellaport,Australian Capital Territory,2021-01-30,2021-02-15,2025,112,3,336,Jacket,Cardigan,S,green,62,1,16
1875,Teddy Gell,Non-binary,79,West Ellaport,Australian Capital Territory,2021-01-30,2021-02-15,2026,119,2,238,Shirt,Casual Slim Fit,XL,yellow,78,1,16
1876,Teddy Gell,Non-binary,79,West Ellaport,Australian Capital Territory,2021-01-30,2021-02-15,2027,109,1,109,Jacket,Peacoat,M,blue,71,1,16
1877,Teddy Gell,Non-binary,79,West Ellaport,Australian Capital Territory,2021-01-30,2021-02-15,2028,112,3,336,Trousers,Tracksuit Bottoms,XS,blue,42,1,16
1878,Murdock Bulfit,Male,41,Hartmannshire,Queensland,2021-05-05,2021-05-21,4991,98,3,294,Jacket,Leather,S,green,77,5,16
1879,Murdock Bulfit,Male,41,Hartmannshire,Queensland,2021-05-05,2021-05-21,4992,118,3,354,Jacket,Puffer,L,blue,48,5,16
1880,Murdock Bulfit,Male,41,Hartmannshire,Queensland,2021-05-05,2021-05-21,4993,104,1,104,Shirt,Dress,S,violet,69,5,16
1881,Murdock Bulfit,Male,41,Hartmannshire,Queensland,2021-05-05,2021-05-21,4994,97,1,97,Trousers,Slim-Fit,M,indigo,67,5,16
1882,Murdock Bulfit,Male,41,Hartmannshire,Queensland,2021-05-05,2021-05-21,4995,109,2,218,Shirt,Mandarin Collar,S,orange,52,5,16
1883,Murdock Bulfit,Male,41,Hartmannshire,Queensland,2021-05-05,2021-05-21,4996,95,3,285,Shirt,Polo,S,orange,78,5,16
1884,Alis MacCulloch,Genderfluid,66,Lake Haydenton,Australian Capital Territory,2021-08-04,2021-08-14,4508,119,3,357,Jacket,Trench Coat,M,yellow,54,8,10
1885,Alis MacCulloch,Genderfluid,66,Lake Haydenton,Australian Capital Territory,2021-08-04,2021-08-14,4509,92,2,184,Shirt,Denim,M,orange,50,8,10
1886,Alis MacCulloch,Genderfluid,66,Lake Haydenton,Australian Capital Territory,2021-08-04,2021-08-14,4510,119,2,238,Shirt,Casual Slim Fit,M,indigo,65,8,10
1887,Alis MacCulloch,Genderfluid,66,Lake Haydenton,Australian Capital Territory,2021-08-04,2021-08-14,4511,102,3,306,Trousers,Cargo Pants,M,indigo,51,8,10
1888,Alphonse Galego,Male,75,New Chase,Australian Capital Territory,2021-04-06,2021-04-13,1658,98,2,196,Jacket,Leather,XS,red,67,4,7
1889,Alphonse Galego,Male,75,New Chase,Australian Capital Territory,2021-04-06,2021-04-13,1659,107,1,107,Jacket,Denim,S,violet,73,4,7
1890,Alphonse Galego,Male,75,New Chase,Australian Capital Territory,2021-04-06,2021-04-13,1660,94,2,188,Shirt,Henley,L,violet,51,4,7
1891,Alphonse Galego,Male,75,New Chase,Australian Capital Territory,2021-04-06,2021-04-13,1661,93,1,93,Jacket,Coach,S,blue,47,4,7
1892,Alphonse Galego,Male,75,New Chase,Australian Capital Territory,2021-04-06,2021-04-13,1662,109,2,218,Jacket,Peacoat,M,indigo,52,4,7
1893,Alphonse Galego,Male,75,New Chase,Australian Capital Territory,2021-04-06,2021-04-13,1663,105,1,105,Shirt,Cuban Collar,S,yellow,41,4,7
1894,Alphonse Galego,Male,75,New Chase,Australian Capital Territory,2021-04-06,2021-04-13,1664,98,1,98,Jacket,Leather,L,green,71,4,7
1895,Alphonse Galego,Male,75,New Chase,Australian Capital Territory,2021-04-06,2021-04-13,1665,91,1,91,Shirt,Linen,L,green,72,4,7
1896,Alphonse Galego,Male,75,New Chase,Australian Capital Territory,2021-07-07,2021-07-24,4512,93,2,186,Jacket,Coach,S,orange,55,7,17
1897,Alphonse Galego,Male,75,New Chase,Australian Capital Territory,2021-07-07,2021-07-24,4513,112,1,112,Jacket,Cardigan,XL,yellow,42,7,17
1898,Alphonse Galego,Male,75,New Chase,Australian Capital Territory,2021-07-07,2021-07-24,4514,119,1,119,Shirt,Casual Slim Fit,S,blue,75,7,17
1899,Alphonse Galego,Male,75,New Chase,Australian Capital Territory,2021-07-07,2021-07-24,4515,115,3,345,Trousers,Cropped,L,blue,45,7,17
1900,Alphonse Galego,Male,75,New Chase,Australian Capital Territory,2021-07-07,2021-07-24,4516,117,2,234,Jacket,Shearling,XS,green,74,7,17
1901,Alphonse Galego,Male,75,New Chase,Australian Capital Territory,2021-07-07,2021-07-24,4517,113,3,339,Jacket,Parka,XL,yellow,44,7,17
1902,Chandal Fransinelli,Polygender,21,Hackettchester,South Australia,2021-05-23,2021-05-30,156,117,2,234,Jacket,Shearling,M,yellow,60,5,7
1903,Chandal Fransinelli,Polygender,21,Hackettchester,South Australia,2021-05-23,2021-05-30,157,98,1,98,Jacket,Leather,XS,violet,70,5,7
1904,Chandal Fransinelli,Polygender,21,Hackettchester,South Australia,2021-05-23,2021-05-30,158,91,3,273,Jacket,Pullover,XS,orange,79,5,7
1905,Chandal Fransinelli,Polygender,21,Hackettchester,South Australia,2021-05-23,2021-05-30,159,104,1,104,Shirt,Dress,M,indigo,51,5,7
1906,Chandal Fransinelli,Polygender,21,Hackettchester,South Australia,2021-05-21,2021-06-03,781,105,2,210,Trousers,Pleated,M,yellow,54,5,13
1907,Chandal Fransinelli,Polygender,21,Hackettchester,South Australia,2021-05-21,2021-06-03,782,112,1,112,Jacket,Cardigan,XL,orange,75,5,13
1908,Chandal Fransinelli,Polygender,21,Hackettchester,South Australia,2021-05-21,2021-06-03,783,95,2,190,Shirt,Polo,XS,violet,67,5,13
1909,Chandal Fransinelli,Polygender,21,Hackettchester,South Australia,2021-05-21,2021-06-03,784,96,1,96,Shirt,Oxford Cloth,L,orange,48,5,13
1910,Chandal Fransinelli,Polygender,21,Hackettchester,South Australia,2021-05-21,2021-06-03,785,107,3,321,Jacket,Denim,XS,orange,60,5,13
1911,Chandal Fransinelli,Polygender,21,Hackettchester,South Australia,2021-03-05,2021-03-19,1444,113,1,113,Trousers,Chinos,XS,indigo,61,3,14
1912,Chandal Fransinelli,Polygender,21,Hackettchester,South Australia,2021-03-05,2021-03-19,1445,100,2,200,Jacket,Bomber,S,yellow,64,3,14
1913,Alexis Maps,Bigender,25,Morissetteborough,Queensland,2021-01-25,2021-02-05,415,99,3,297,Trousers,High-Waisted,L,yellow,77,1,11
1914,Alexis Maps,Bigender,25,Morissetteborough,Queensland,2021-01-25,2021-02-05,416,107,1,107,Jacket,Denim,XL,blue,80,1,11
1915,Alexis Maps,Bigender,25,Morissetteborough,Queensland,2021-01-25,2021-02-05,417,102,2,204,Jacket,Windbreaker,M,orange,45,1,11
1916,Alexis Maps,Bigender,25,Morissetteborough,Queensland,2021-01-25,2021-02-05,418,99,2,198,Trousers,High-Waisted,M,yellow,45,1,11
1917,Alexis Maps,Bigender,25,Morissetteborough,Queensland,2021-01-25,2021-02-05,419,119,3,357,Shirt,Casual Slim Fit,XS,violet,55,1,11
1918,Alexis Maps,Bigender,25,Morissetteborough,Queensland,2021-01-25,2021-02-05,420,107,2,214,Jacket,Denim,S,orange,51,1,11
1919,Alexis Maps,Bigender,25,Morissetteborough,Queensland,2021-01-25,2021-02-05,421,115,1,115,Trousers,Cropped,S,orange,78,1,11
1920,Alexis Maps,Bigender,25,Morissetteborough,Queensland,2021-01-25,2021-02-05,422,109,2,218,Jacket,Peacoat,M,orange,47,1,11
1921,Ansel Chittem,Polygender,51,North Ivy,Queensland,2021-03-18,2021-03-23,1624,102,2,204,Trousers,Cargo Pants,S,blue,63,3,5
1922,Ansel Chittem,Polygender,51,North Ivy,Queensland,2021-03-29,2021-04-17,4328,118,1,118,Shirt,Flannel,L,orange,59,3,19
1923,Ansel Chittem,Polygender,51,North Ivy,Queensland,2021-03-29,2021-04-17,4329,109,2,218,Shirt,Mandarin Collar,S,blue,44,3,19
1924,Ansel Chittem,Polygender,51,North Ivy,Queensland,2021-03-29,2021-04-17,4330,97,2,194,Trousers,Slim-Fit,S,red,71,3,19
1925,Ashley Gant,Polygender,40,Dietrichville,South Australia,2021-06-20,2021-06-30,423,90,2,180,Trousers,Relaxed Leg,XS,yellow,44,6,10
1926,Ashley Gant,Polygender,40,Dietrichville,South Australia,2021-06-20,2021-06-30,424,102,1,102,Trousers,Cargo Pants,L,red,61,6,10
1927,Ashley Gant,Polygender,40,Dietrichville,South Australia,2021-06-20,2021-06-30,425,109,2,218,Shirt,Mandarin Collar,XS,violet,52,6,10
1928,Ashley Gant,Polygender,40,Dietrichville,South Australia,2021-06-20,2021-06-30,426,119,1,119,Shirt,Casual Slim Fit,XS,yellow,63,6,10
1929,Ashley Gant,Polygender,40,Dietrichville,South Australia,2021-06-20,2021-06-30,427,105,2,210,Trousers,Pleated,L,violet,48,6,10
1930,Ashley Gant,Polygender,40,Dietrichville,South Australia,2021-06-20,2021-06-30,428,96,1,96,Trousers,Drawstring,XS,violet,62,6,10
1931,Ashley Gant,Polygender,40,Dietrichville,South Australia,2021-10-23,2021-11-03,945,94,1,94,Shirt,Henley,S,blue,75,10,11
1932,Ashley Gant,Polygender,40,Dietrichville,South Australia,2021-10-23,2021-11-03,946,105,3,315,Shirt,Cuban Collar,L,blue,65,10,11
1933,Ashley Gant,Polygender,40,Dietrichville,South Australia,2021-10-23,2021-11-03,947,97,1,97,Trousers,Slim-Fit,XL,orange,78,10,11
1934,Ashley Gant,Polygender,40,Dietrichville,South Australia,2021-10-23,2021-11-03,948,94,1,94,Trousers,Cords,L,green,62,10,11
1935,Ashley Gant,Polygender,40,Dietrichville,South Australia,2021-10-23,2021-11-03,949,96,1,96,Shirt,Oxford Cloth,XS,indigo,61,10,11
1936,Ashley Gant,Polygender,40,Dietrichville,South Australia,2021-10-23,2021-11-03,950,98,3,294,Shirt,Camp Collared,XL,red,79,10,11
1937,Ashley Gant,Polygender,40,Dietrichville,South Australia,2021-10-23,2021-11-03,951,118,3,354,Shirt,Flannel,S,red,59,10,11
1938,Leonore Yakunikov,Agender,21,Langworthville,New South Wales,2021-06-23,2021-07-13,3864,113,3,339,Trousers,Chinos,S,violet,64,6,20
1939,Leonore Yakunikov,Agender,21,Langworthville,New South Wales,2021-06-23,2021-07-13,3865,109,1,109,Shirt,Mandarin Collar,S,orange,52,6,20
1940,Leonore Yakunikov,Agender,21,Langworthville,New South Wales,2021-06-23,2021-07-13,3866,106,2,212,Shirt,Chambray,XL,red,42,6,20
1941,Leonore Yakunikov,Agender,21,Langworthville,New South Wales,2021-10-02,2021-10-03,4043,93,2,186,Trousers,Joggers,XL,red,58,10,1
1942,Leonore Yakunikov,Agender,21,Langworthville,New South Wales,2021-10-02,2021-10-03,4044,95,2,190,Shirt,Polo,L,yellow,46,10,1
1943,Leonore Yakunikov,Agender,21,Langworthville,New South Wales,2021-10-02,2021-10-03,4045,99,1,99,Trousers,High-Waisted,S,yellow,56,10,1
1944,Leonore Yakunikov,Agender,21,Langworthville,New South Wales,2021-10-02,2021-10-03,4046,96,3,288,Shirt,Oxford Cloth,XS,indigo,61,10,1
1945,Leonore Yakunikov,Agender,21,Langworthville,New South Wales,2021-10-02,2021-10-03,4047,107,2,214,Jacket,Denim,L,violet,50,10,1
1946,Leonore Yakunikov,Agender,21,Langworthville,New South Wales,2021-10-02,2021-10-03,4048,119,2,238,Jacket,Trench Coat,XS,green,62,10,1
1947,Leonore Yakunikov,Agender,21,Langworthville,New South Wales,2021-10-02,2021-10-03,4049,91,2,182,Jacket,Pullover,L,indigo,50,10,1
1948,Bay Kraut,Non-binary,57,Fadelland,Tasmania,2021-08-18,2021-08-30,3251,117,3,351,Jacket,Shearling,XS,indigo,68,8,12
1949,Bay Kraut,Non-binary,57,Fadelland,Tasmania,2021-08-18,2021-08-30,3252,117,2,234,Jacket,Shearling,S,blue,72,8,12
1950,Luelle Fernanando,Agender,57,North Sebastianberg,Australian Capital Territory,2021-04-18,2021-05-08,3988,97,1,97,Trousers,Slim-Fit,M,indigo,67,4,20
1951,Luelle Fernanando,Agender,57,North Sebastianberg,Australian Capital Territory,2021-04-18,2021-05-08,3989,98,2,196,Shirt,Camp Collared,XL,violet,40,4,20
1952,Luelle Fernanando,Agender,57,North Sebastianberg,Australian Capital Territory,2021-04-18,2021-05-08,3990,100,3,300,Jacket,Bomber,M,blue,44,4,20
1953,Luelle Fernanando,Agender,57,North Sebastianberg,Australian Capital Territory,2021-04-18,2021-05-08,3991,95,2,190,Shirt,Polo,M,red,70,4,20
1954,Luelle Fernanando,Agender,57,North Sebastianberg,Australian Capital Territory,2021-04-18,2021-05-08,3992,119,3,357,Jacket,Trench Coat,XL,blue,69,4,20
1955,Luelle Fernanando,Agender,57,North Sebastianberg,Australian Capital Territory,2021-04-18,2021-05-08,3993,118,2,236,Jacket,Puffer,XS,green,41,4,20
1956,Luelle Fernanando,Agender,57,North Sebastianberg,Australian Capital Territory,2021-04-18,2021-05-08,3994,96,2,192,Trousers,Drawstring,M,yellow,55,4,20
1957,Luelle Fernanando,Agender,57,North Sebastianberg,Australian Capital Territory,2021-02-17,2021-02-18,4603,102,2,204,Jacket,Windbreaker,XL,red,48,2,1
1958,Luelle Fernanando,Agender,57,North Sebastianberg,Australian Capital Territory,2021-02-17,2021-02-18,4604,93,2,186,Trousers,Joggers,XS,violet,50,2,1
1959,Luelle Fernanando,Agender,57,North Sebastianberg,Australian Capital Territory,2021-02-17,2021-02-18,4605,100,3,300,Jacket,Bomber,L,yellow,54,2,1
1960,Chaddie Fawlkes,Male,58,West Mackenzie,Queensland,2021-08-18,2021-09-02,2149,113,1,113,Trousers,Chinos,S,red,62,8,15
1961,Chaddie Fawlkes,Male,58,West Mackenzie,Queensland,2021-08-18,2021-09-02,2150,113,3,339,Trousers,Chinos,L,green,77,8,15
1962,Kellyann Stening,Genderfluid,62,North Baileyside,Australian Capital Territory,2021-02-01,2021-02-17,923,107,3,321,Jacket,Denim,S,yellow,43,2,16
1963,Farah Schukert,Agender,34,Feeneymouth,Queensland,2021-09-10,2021-10-04,3849,94,2,188,Shirt,Henley,XS,green,61,9,24
1964,Farah Schukert,Agender,34,Feeneymouth,Queensland,2021-06-21,2021-06-23,4016,106,3,318,Shirt,Chambray,XL,green,58,6,2
1965,Farah Schukert,Agender,34,Feeneymouth,Queensland,2021-06-21,2021-06-23,4017,105,3,315,Trousers,Pleated,L,yellow,62,6,2
1966,Farah Schukert,Agender,34,Feeneymouth,Queensland,2021-06-21,2021-06-23,4018,118,1,118,Shirt,Flannel,M,orange,68,6,2
1967,Farah Schukert,Agender,34,Feeneymouth,Queensland,2021-06-21,2021-06-23,4019,119,2,238,Shirt,Casual Slim Fit,S,green,72,6,2
1968,Farah Schukert,Agender,34,Feeneymouth,Queensland,2021-03-15,2021-04-08,4551,93,2,186,Jacket,Coach,XS,orange,42,3,24
1969,Farah Schukert,Agender,34,Feeneymouth,Queensland,2021-03-15,2021-04-08,4552,92,2,184,Shirt,Denim,M,indigo,56,3,24
1970,Farah Schukert,Agender,34,Feeneymouth,Queensland,2021-03-15,2021-04-08,4553,98,3,294,Shirt,Camp Collared,S,blue,75,3,24
1971,Farah Schukert,Agender,34,Feeneymouth,Queensland,2021-03-15,2021-04-08,4554,104,1,104,Shirt,Dress,XL,yellow,75,3,24
1972,Farah Schukert,Agender,34,Feeneymouth,Queensland,2021-03-15,2021-04-08,4555,93,3,279,Trousers,Joggers,XL,red,58,3,24
1973,Farah Schukert,Agender,34,Feeneymouth,Queensland,2021-03-15,2021-04-08,4556,117,3,351,Jacket,Shearling,M,yellow,60,3,24
1974,Farah Schukert,Agender,34,Feeneymouth,Queensland,2021-03-15,2021-04-08,4557,91,1,91,Shirt,Linen,S,red,67,3,24
1975,Farah Schukert,Agender,34,Feeneymouth,Queensland,2021-03-15,2021-04-08,4558,93,3,279,Jacket,Coach,S,red,76,3,24
1976,Farah Schukert,Agender,34,Feeneymouth,Queensland,2021-03-15,2021-04-08,4559,106,2,212,Shirt,Chambray,L,indigo,79,3,24
1977,Farah Schukert,Agender,34,Feeneymouth,Queensland,2021-03-15,2021-04-08,4560,113,1,113,Trousers,Chinos,M,red,54,3,24
1978,Datha Vicary,Agender,32,New Rileybury,South Australia,2021-03-30,2021-04-18,1365,104,2,208,Shirt,Dress,M,green,65,3,19
1979,Datha Vicary,Agender,32,New Rileybury,South Australia,2021-03-30,2021-04-18,1366,98,1,98,Jacket,Leather,M,yellow,77,3,19
1980,Datha Vicary,Agender,32,New Rileybury,South Australia,2021-03-30,2021-04-18,1367,118,1,118,Jacket,Puffer,S,indigo,62,3,19
1981,Datha Vicary,Agender,32,New Rileybury,South Australia,2021-03-30,2021-04-18,1368,105,2,210,Trousers,Pleated,M,green,41,3,19
1982,Datha Vicary,Agender,32,New Rileybury,South Australia,2021-03-30,2021-04-18,1369,112,1,112,Jacket,Cardigan,S,green,62,3,19
1983,Datha Vicary,Agender,32,New Rileybury,South Australia,2021-03-30,2021-04-18,1370,107,2,214,Jacket,Denim,M,orange,48,3,19
1984,Datha Vicary,Agender,32,New Rileybury,South Australia,2021-03-30,2021-04-18,1371,118,2,236,Shirt,Flannel,XL,red,72,3,19
1985,Datha Vicary,Agender,32,New Rileybury,South Australia,2021-03-30,2021-04-18,1372,115,2,230,Trousers,Cropped,S,blue,62,3,19
1986,Augusto Ackrill,Bigender,40,South Sophieview,Victoria,2021-08-05,2021-08-13,1431,109,2,218,Jacket,Peacoat,XS,orange,78,8,8
1987,Augusto Ackrill,Bigender,40,South Sophieview,Victoria,2021-08-05,2021-08-13,1432,106,2,212,Trousers,Wool,M,red,58,8,8
1988,Augusto Ackrill,Bigender,40,South Sophieview,Victoria,2021-08-05,2021-08-13,1433,102,2,204,Trousers,Cargo Pants,M,red,52,8,8
1989,Augusto Ackrill,Bigender,40,South Sophieview,Victoria,2021-08-05,2021-08-13,1434,93,1,93,Trousers,Joggers,XS,red,65,8,8
1990,Augusto Ackrill,Bigender,40,South Sophieview,Victoria,2021-08-05,2021-08-13,1435,93,2,186,Trousers,Joggers,XS,orange,65,8,8
1991,Augusto Ackrill,Bigender,40,South Sophieview,Victoria,2021-08-05,2021-08-13,1436,92,3,276,Shirt,Denim,XS,red,52,8,8
1992,Augusto Ackrill,Bigender,40,South Sophieview,Victoria,2021-08-05,2021-08-13,1437,109,1,109,Shirt,Mandarin Collar,M,red,60,8,8
1993,Tomaso Mullin,Genderqueer,25,New Ava,Queensland,2021-09-23,2021-10-13,2042,90,2,180,Trousers,Relaxed Leg,XL,green,64,9,20
1994,Tomaso Mullin,Genderqueer,25,New Ava,Queensland,2021-09-23,2021-10-13,2043,105,1,105,Shirt,Cuban Collar,XL,violet,44,9,20
1995,Tomaso Mullin,Genderqueer,25,New Ava,Queensland,2021-09-23,2021-10-13,2044,106,2,212,Shirt,Chambray,M,blue,66,9,20
1996,Tomaso Mullin,Genderqueer,25,New Ava,Queensland,2021-09-23,2021-10-13,2045,119,1,119,Jacket,Trench Coat,S,blue,64,9,20
1997,Tomaso Mullin,Genderqueer,25,New Ava,Queensland,2021-09-14,2021-09-17,3276,96,1,96,Shirt,Oxford Cloth,S,blue,51,9,3
1998,Tomaso Mullin,Genderqueer,25,New Ava,Queensland,2021-09-14,2021-09-17,3277,106,1,106,Trousers,Wool,XS,yellow,67,9,3
1999,Tomaso Mullin,Genderqueer,25,New Ava,Queensland,2021-09-14,2021-09-17,3278,99,2,198,Trousers,High-Waisted,XL,indigo,57,9,3
2000,Tomaso Mullin,Genderqueer,25,New Ava,Queensland,2021-09-14,2021-09-17,3279,113,3,339,Trousers,Chinos,XL,orange,48,9,3
2001,Tomaso Mullin,Genderqueer,25,New Ava,Queensland,2021-09-14,2021-09-17,3280,117,3,351,Jacket,Shearling,S,blue,72,9,3
2002,Tomaso Mullin,Genderqueer,25,New Ava,Queensland,2021-09-14,2021-09-17,3281,106,1,106,Shirt,Chambray,XS,yellow,57,9,3
2003,Tomaso Mullin,Genderqueer,25,New Ava,Queensland,2021-06-07,2021-06-30,3995,96,3,288,Shirt,Oxford Cloth,S,yellow,78,6,23
2004,Tomaso Mullin,Genderqueer,25,New Ava,Queensland,2021-06-07,2021-06-30,3996,117,2,234,Jacket,Shearling,XS,indigo,68,6,23
2005,Jammal Varcoe,Polygender,66,North Liamfort,Australian Capital Territory,2021-05-24,2021-05-27,613,90,2,180,Trousers,Relaxed Leg,S,yellow,43,5,3
2006,Jammal Varcoe,Polygender,66,North Liamfort,Australian Capital Territory,2021-05-24,2021-05-27,614,100,1,100,Jacket,Bomber,XS,yellow,57,5,3
2007,Jammal Varcoe,Polygender,66,North Liamfort,Australian Capital Territory,2021-05-24,2021-05-27,615,113,2,226,Trousers,Chinos,M,violet,54,5,3
2008,Jammal Varcoe,Polygender,66,North Liamfort,Australian Capital Territory,2021-06-15,2021-07-12,4997,113,1,113,Trousers,Chinos,M,violet,54,6,27
2009,Jammal Varcoe,Polygender,66,North Liamfort,Australian Capital Territory,2021-06-15,2021-07-12,4998,106,2,212,Trousers,Wool,L,green,42,6,27
2010,Jammal Varcoe,Polygender,66,North Liamfort,Australian Capital Territory,2021-06-15,2021-07-12,4999,115,1,115,Trousers,Cropped,XS,blue,47,6,27
2011,Ronni Gruszczak,Agender,41,Jademouth,Victoria,2021-04-25,2021-05-05,768,94,1,94,Trousers,Cords,S,blue,59,4,10
2012,Ronni Gruszczak,Agender,41,Jademouth,Victoria,2021-04-25,2021-05-05,769,93,3,279,Trousers,Joggers,M,red,43,4,10
2013,Ronni Gruszczak,Agender,41,Jademouth,Victoria,2021-04-25,2021-05-05,770,115,3,345,Trousers,Cropped,S,orange,78,4,10
2014,Ronni Gruszczak,Agender,41,Jademouth,Victoria,2021-04-25,2021-05-05,771,113,2,226,Trousers,Chinos,XS,violet,72,4,10
2015,Ronni Gruszczak,Agender,41,Jademouth,Victoria,2021-04-25,2021-05-05,772,113,2,226,Trousers,Chinos,XL,orange,48,4,10
2016,Ronni Gruszczak,Agender,41,Jademouth,Victoria,2021-02-24,2021-03-23,2132,113,2,226,Jacket,Parka,XL,blue,47,2,27
2017,Ronni Gruszczak,Agender,41,Jademouth,Victoria,2021-02-24,2021-03-23,2133,96,1,96,Trousers,Drawstring,XS,red,57,2,27
2018,Ronni Gruszczak,Agender,41,Jademouth,Victoria,2021-02-24,2021-03-23,2134,109,2,218,Shirt,Mandarin Collar,L,yellow,78,2,27
2019,Ronni Gruszczak,Agender,41,Jademouth,Victoria,2021-01-16,2021-02-09,3876,112,2,224,Jacket,Cardigan,XS,violet,40,1,24
2020,Ronni Gruszczak,Agender,41,Jademouth,Victoria,2021-01-16,2021-02-09,3877,119,3,357,Shirt,Casual Slim Fit,S,green,72,1,24
2021,Ronni Gruszczak,Agender,41,Jademouth,Victoria,2021-01-16,2021-02-09,3878,102,3,306,Trousers,Cargo Pants,S,orange,60,1,24
2022,Ronni Gruszczak,Agender,41,Jademouth,Victoria,2021-01-16,2021-02-09,3879,100,1,100,Jacket,Bomber,M,green,61,1,24
2023,Ronni Gruszczak,Agender,41,Jademouth,Victoria,2021-01-16,2021-02-09,3880,119,2,238,Jacket,Trench Coat,S,blue,64,1,24
2024,Ronni Gruszczak,Agender,41,Jademouth,Victoria,2021-01-16,2021-02-09,3881,93,3,279,Jacket,Coach,M,indigo,64,1,24
2025,Ronni Gruszczak,Agender,41,Jademouth,Victoria,2021-01-16,2021-02-09,3882,117,3,351,Jacket,Shearling,L,green,66,1,24
2026,Ettie Gonnely,Bigender,34,North Cody,Victoria,2021-04-02,2021-04-21,4687,91,2,182,Jacket,Pullover,L,yellow,43,4,19
2027,Ettie Gonnely,Bigender,34,North Cody,Victoria,2021-04-02,2021-04-21,4688,94,2,188,Shirt,Henley,M,violet,44,4,19
2028,Ettie Gonnely,Bigender,34,North Cody,Victoria,2021-04-02,2021-04-21,4689,107,1,107,Jacket,Denim,M,red,43,4,19
2029,Ettie Gonnely,Bigender,34,North Cody,Victoria,2021-04-02,2021-04-21,4690,107,2,214,Jacket,Denim,S,blue,56,4,19
2030,Ettie Gonnely,Bigender,34,North Cody,Victoria,2021-04-02,2021-04-21,4691,113,3,339,Jacket,Parka,XL,blue,47,4,19
2031,Ettie Gonnely,Bigender,34,North Cody,Victoria,2021-04-02,2021-04-21,4692,90,2,180,Trousers,Relaxed Leg,L,violet,47,4,19
2032,Candis Roswarne,Non-binary,46,West Michaelport,Tasmania,2021-05-06,2021-05-19,15,90,1,90,Trousers,Relaxed Leg,L,green,62,5,13
2033,Candis Roswarne,Non-binary,46,West Michaelport,Tasmania,2021-05-06,2021-05-19,16,99,3,297,Trousers,High-Waisted,XL,indigo,57,5,13
2034,Candis Roswarne,Non-binary,46,West Michaelport,Tasmania,2021-05-06,2021-05-19,17,109,1,109,Jacket,Peacoat,XL,violet,42,5,13
2035,Candis Roswarne,Non-binary,46,West Michaelport,Tasmania,2021-05-06,2021-05-19,18,96,3,288,Trousers,Drawstring,L,yellow,68,5,13
2036,Candis Roswarne,Non-binary,46,West Michaelport,Tasmania,2021-05-06,2021-05-19,19,96,2,192,Shirt,Oxford Cloth,M,yellow,56,5,13
2037,Candis Roswarne,Non-binary,46,West Michaelport,Tasmania,2021-07-31,2021-08-27,1213,91,1,91,Jacket,Pullover,XS,blue,61,7,27
2038,Candis Roswarne,Non-binary,46,West Michaelport,Tasmania,2021-07-31,2021-08-27,1214,98,3,294,Jacket,Leather,S,indigo,40,7,27
2039,Candis Roswarne,Non-binary,46,West Michaelport,Tasmania,2021-07-31,2021-08-27,1215,90,2,180,Trousers,Relaxed Leg,XS,red,52,7,27
2040,Candis Roswarne,Non-binary,46,West Michaelport,Tasmania,2021-07-31,2021-08-27,1216,96,3,288,Shirt,Oxford Cloth,S,indigo,59,7,27
2041,Candis Roswarne,Non-binary,46,West Michaelport,Tasmania,2021-01-31,2021-02-17,1551,93,1,93,Jacket,Coach,XL,red,46,1,17
2042,Candis Roswarne,Non-binary,46,West Michaelport,Tasmania,2021-01-31,2021-02-17,1552,113,1,113,Trousers,Chinos,XL,yellow,59,1,17
2043,Candis Roswarne,Non-binary,46,West Michaelport,Tasmania,2021-01-31,2021-02-17,1553,98,2,196,Jacket,Leather,M,green,45,1,17
2044,Marci Borrett,Agender,20,West Amber,Western Australia,2021-06-21,2021-07-03,2865,115,3,345,Trousers,Cropped,XS,yellow,41,6,12
2045,Marci Borrett,Agender,20,West Amber,Western Australia,2021-06-21,2021-07-03,2866,90,1,90,Trousers,Relaxed Leg,L,blue,61,6,12
2046,Marci Borrett,Agender,20,West Amber,Western Australia,2021-06-21,2021-07-03,2867,98,1,98,Shirt,Camp Collared,XS,blue,47,6,12
2047,Aldridge Tesh,Agender,41,South Tobyton,South Australia,2021-06-06,2021-07-01,836,106,2,212,Trousers,Wool,XS,indigo,43,6,25
2048,Meredith Canniffe,Polygender,41,Port Siennaport,South Australia,2021-03-14,2021-04-04,3921,96,2,192,Trousers,Drawstring,S,indigo,46,3,21
2049,Meredith Canniffe,Polygender,41,Port Siennaport,South Australia,2021-03-14,2021-04-04,3922,113,2,226,Trousers,Chinos,XL,indigo,78,3,21
2050,Meredith Canniffe,Polygender,41,Port Siennaport,South Australia,2021-03-14,2021-04-04,3923,90,1,90,Trousers,Relaxed Leg,L,green,62,3,21
2051,Meredith Canniffe,Polygender,41,Port Siennaport,South Australia,2021-03-14,2021-04-04,3924,91,3,273,Shirt,Linen,S,yellow,60,3,21
2052,Meredith Canniffe,Polygender,41,Port Siennaport,South Australia,2021-03-14,2021-04-04,3925,90,2,180,Trousers,Relaxed Leg,L,yellow,65,3,21
2053,Meredith Canniffe,Polygender,41,Port Siennaport,South Australia,2021-03-14,2021-04-04,3926,119,1,119,Shirt,Casual Slim Fit,M,yellow,76,3,21
2054,Daren Airs,Female,75,West Thomas,Victoria,2021-06-20,2021-07-15,616,95,1,95,Shirt,Polo,XS,orange,75,6,25
2055,Daren Airs,Female,75,West Thomas,Victoria,2021-06-21,2021-07-02,2721,107,3,321,Jacket,Denim,M,red,43,6,11
2056,Daren Airs,Female,75,West Thomas,Victoria,2021-06-21,2021-07-02,2722,96,2,192,Trousers,Drawstring,S,yellow,74,6,11
2057,Daren Airs,Female,75,West Thomas,Victoria,2021-06-21,2021-07-02,2723,119,1,119,Shirt,Casual Slim Fit,XL,violet,57,6,11
2058,Daren Airs,Female,75,West Thomas,Victoria,2021-06-21,2021-07-02,2724,112,3,336,Trousers,Tracksuit Bottoms,M,green,47,6,11
2059,Daren Airs,Female,75,West Thomas,Victoria,2021-06-21,2021-07-02,2725,117,3,351,Jacket,Shearling,L,green,66,6,11
2060,Daren Airs,Female,75,West Thomas,Victoria,2021-06-21,2021-07-02,2726,112,1,112,Jacket,Cardigan,XS,orange,46,6,11
2061,Daren Airs,Female,75,West Thomas,Victoria,2021-06-21,2021-07-02,2727,94,1,94,Shirt,Henley,XS,orange,65,6,11
2062,Daren Airs,Female,75,West Thomas,Victoria,2021-06-21,2021-07-02,2728,100,1,100,Jacket,Bomber,S,indigo,41,6,11
2063,Daren Airs,Female,75,West Thomas,Victoria,2021-06-21,2021-07-02,2729,99,2,198,Trousers,High-Waisted,M,green,51,6,11
2064,Daren Airs,Female,75,West Thomas,Victoria,2021-06-21,2021-07-02,2730,93,2,186,Jacket,Coach,S,green,60,6,11
2065,Daren Airs,Female,75,West Thomas,Victoria,2021-06-21,2021-07-02,2731,97,3,291,Trousers,Slim-Fit,M,violet,51,6,11
2066,Daren Airs,Female,75,West Thomas,Victoria,2021-02-06,2021-02-11,3213,106,3,318,Trousers,Wool,S,yellow,69,2,5
2067,Daren Airs,Female,75,West Thomas,Victoria,2021-02-06,2021-02-11,3214,105,3,315,Trousers,Pleated,L,indigo,73,2,5
2068,Daren Airs,Female,75,West Thomas,Victoria,2021-02-06,2021-02-11,3215,95,2,190,Shirt,Polo,L,orange,63,2,5
2069,Daren Airs,Female,75,West Thomas,Victoria,2021-01-11,2021-01-23,4540,118,3,354,Jacket,Puffer,S,violet,46,1,12
2070,Daren Airs,Female,75,West Thomas,Victoria,2021-01-11,2021-01-23,4541,118,1,118,Shirt,Flannel,XL,orange,50,1,12
2071,Daren Airs,Female,75,West Thomas,Victoria,2021-01-11,2021-01-23,4542,113,2,226,Trousers,Chinos,XS,violet,72,1,12
2072,Artemas Vasilischev,Bigender,53,South Rileyview,Western Australia,2021-03-23,2021-03-24,20,91,2,182,Shirt,Linen,L,orange,73,3,1
2073,Artemas Vasilischev,Bigender,53,South Rileyview,Western Australia,2021-03-23,2021-03-24,21,118,2,236,Jacket,Puffer,XS,blue,57,3,1
2074,Artemas Vasilischev,Bigender,53,South Rileyview,Western Australia,2021-03-23,2021-03-24,22,96,3,288,Shirt,Oxford Cloth,S,red,53,3,1
2075,Artemas Vasilischev,Bigender,53,South Rileyview,Western Australia,2021-03-23,2021-03-24,23,117,3,351,Jacket,Shearling,XS,indigo,68,3,1
2076,Artemas Vasilischev,Bigender,53,South Rileyview,Western Australia,2021-03-23,2021-03-24,24,105,3,315,Trousers,Pleated,XL,green,55,3,1
2077,Artemas Vasilischev,Bigender,53,South Rileyview,Western Australia,2021-03-23,2021-03-24,25,93,3,279,Jacket,Coach,XS,orange,42,3,1
2078,Artemas Vasilischev,Bigender,53,South Rileyview,Western Australia,2021-03-23,2021-03-24,26,93,3,279,Jacket,Coach,XL,orange,46,3,1
2079,Artemas Vasilischev,Bigender,53,South Rileyview,Western Australia,2021-03-23,2021-03-24,27,113,1,113,Jacket,Parka,XS,violet,59,3,1
2080,Artemas Vasilischev,Bigender,53,South Rileyview,Western Australia,2021-03-29,2021-04-12,2241,113,3,339,Jacket,Parka,XL,red,64,3,14
2081,Artemas Vasilischev,Bigender,53,South Rileyview,Western Australia,2021-03-29,2021-04-12,2242,113,1,113,Jacket,Parka,L,indigo,44,3,14
2082,Artemas Vasilischev,Bigender,53,South Rileyview,Western Australia,2021-03-29,2021-04-12,2243,105,2,210,Shirt,Cuban Collar,S,orange,50,3,14
2083,Artemas Vasilischev,Bigender,53,South Rileyview,Western Australia,2021-03-29,2021-04-12,2244,94,2,188,Shirt,Henley,M,violet,44,3,14
2084,Hobie Anfusso,Polygender,26,Port Chloe,New South Wales,2021-02-25,2021-03-15,2820,115,1,115,Trousers,Cropped,XS,green,48,2,18
2085,Hobie Anfusso,Polygender,26,Port Chloe,New South Wales,2021-02-25,2021-03-15,2821,117,1,117,Jacket,Shearling,L,indigo,66,2,18
2086,Hobie Anfusso,Polygender,26,Port Chloe,New South Wales,2021-02-25,2021-03-15,2822,117,2,234,Jacket,Shearling,S,indigo,45,2,18
2087,Hobie Anfusso,Polygender,26,Port Chloe,New South Wales,2021-02-25,2021-03-15,2823,112,1,112,Trousers,Tracksuit Bottoms,XL,green,49,2,18
2088,Hobie Anfusso,Polygender,26,Port Chloe,New South Wales,2021-02-25,2021-03-15,2824,112,1,112,Jacket,Cardigan,XS,green,40,2,18
2089,Melodee Spencley,Bigender,49,Crooksshire,Victoria,2021-05-16,2021-05-28,117,105,2,210,Shirt,Cuban Collar,M,blue,55,5,12
2090,Melodee Spencley,Bigender,49,Crooksshire,Victoria,2021-05-16,2021-05-28,118,117,1,117,Jacket,Shearling,L,green,66,5,12
2091,Melodee Spencley,Bigender,49,Crooksshire,Victoria,2021-05-16,2021-05-28,119,94,1,94,Shirt,Henley,XS,yellow,42,5,12
2092,Melodee Spencley,Bigender,49,Crooksshire,Victoria,2021-05-16,2021-05-28,120,107,1,107,Jacket,Denim,XS,yellow,52,5,12
2093,Melodee Spencley,Bigender,49,Crooksshire,Victoria,2021-05-16,2021-05-28,121,90,3,270,Trousers,Relaxed Leg,M,yellow,68,5,12
2094,Melodee Spencley,Bigender,49,Crooksshire,Victoria,2021-05-16,2021-05-28,122,112,1,112,Jacket,Cardigan,L,orange,79,5,12
2095,Melodee Spencley,Bigender,49,Crooksshire,Victoria,2021-05-16,2021-05-28,123,113,2,226,Trousers,Chinos,L,red,44,5,12
2096,Melodee Spencley,Bigender,49,Crooksshire,Victoria,2021-09-14,2021-09-16,822,102,2,204,Jacket,Windbreaker,XS,violet,68,9,2
2097,Melodee Spencley,Bigender,49,Crooksshire,Victoria,2021-09-14,2021-09-16,823,93,1,93,Jacket,Coach,XS,indigo,42,9,2
2098,Melodee Spencley,Bigender,49,Crooksshire,Victoria,2021-09-14,2021-09-16,824,117,1,117,Jacket,Shearling,M,orange,45,9,2
2099,Melodee Spencley,Bigender,49,Crooksshire,Victoria,2021-09-14,2021-09-16,825,107,3,321,Jacket,Denim,XL,blue,80,9,2
2100,Melodee Spencley,Bigender,49,Crooksshire,Victoria,2021-09-14,2021-09-16,826,91,1,91,Jacket,Pullover,XS,green,70,9,2
2101,Melodee Spencley,Bigender,49,Crooksshire,Victoria,2021-09-14,2021-09-16,827,118,2,236,Shirt,Flannel,XS,green,55,9,2
2102,Melodee Spencley,Bigender,49,Crooksshire,Victoria,2021-09-14,2021-09-16,828,98,2,196,Shirt,Camp Collared,L,blue,56,9,2
2103,Melodee Spencley,Bigender,49,Crooksshire,Victoria,2021-09-14,2021-09-16,829,105,2,210,Shirt,Cuban Collar,XL,violet,44,9,2
2104,Margret Yeabsley,Polygender,44,Macdonaldchester,Victoria,2021-06-19,2021-06-27,3729,99,2,198,Trousers,High-Waisted,XS,green,42,6,8
2105,Margret Yeabsley,Polygender,44,Macdonaldchester,Victoria,2021-06-19,2021-06-27,3730,102,2,204,Trousers,Cargo Pants,XL,green,65,6,8
2106,Margret Yeabsley,Polygender,44,Macdonaldchester,Victoria,2021-06-19,2021-06-27,3731,109,3,327,Jacket,Peacoat,XL,green,68,6,8
2107,Margret Yeabsley,Polygender,44,Macdonaldchester,Victoria,2021-06-19,2021-06-27,3732,109,3,327,Jacket,Peacoat,M,orange,47,6,8
2108,Margret Yeabsley,Polygender,44,Macdonaldchester,Victoria,2021-06-19,2021-06-27,3733,92,2,184,Shirt,Denim,L,violet,78,6,8
2109,Margret Yeabsley,Polygender,44,Macdonaldchester,Victoria,2021-06-19,2021-06-27,3734,104,1,104,Shirt,Dress,M,yellow,61,6,8
2110,Margret Yeabsley,Polygender,44,Macdonaldchester,Victoria,2021-06-19,2021-06-27,3735,118,1,118,Shirt,Flannel,XS,violet,72,6,8
2111,Margret Yeabsley,Polygender,44,Macdonaldchester,Victoria,2021-03-22,2021-04-02,3927,112,1,112,Trousers,Tracksuit Bottoms,S,orange,59,3,11
2112,Margret Yeabsley,Polygender,44,Macdonaldchester,Victoria,2021-03-22,2021-04-02,3928,102,2,204,Trousers,Cargo Pants,L,indigo,46,3,11
2113,Margret Yeabsley,Polygender,44,Macdonaldchester,Victoria,2021-03-22,2021-04-02,3929,118,3,354,Jacket,Puffer,XL,yellow,65,3,11
2114,Margret Yeabsley,Polygender,44,Macdonaldchester,Victoria,2021-03-22,2021-04-02,3930,118,3,354,Shirt,Flannel,XS,indigo,46,3,11
2115,Margret Yeabsley,Polygender,44,Macdonaldchester,Victoria,2021-03-22,2021-04-02,3931,112,2,224,Trousers,Tracksuit Bottoms,M,green,47,3,11
2116,Margret Yeabsley,Polygender,44,Macdonaldchester,Victoria,2021-03-22,2021-04-02,3932,117,3,351,Jacket,Shearling,XS,violet,75,3,11
2117,Margret Yeabsley,Polygender,44,Macdonaldchester,Victoria,2021-03-22,2021-04-02,3933,94,1,94,Trousers,Cords,M,red,68,3,11
2118,Benny Songist,Non-binary,47,North Lukeshire,Tasmania,2021-02-03,2021-02-22,1977,99,2,198,Trousers,High-Waisted,S,indigo,79,2,19
2119,Benny Songist,Non-binary,47,North Lukeshire,Tasmania,2021-02-03,2021-02-22,1978,93,2,186,Trousers,Joggers,XS,violet,50,2,19
2120,Benny Songist,Non-binary,47,North Lukeshire,Tasmania,2021-02-03,2021-02-22,1979,97,3,291,Trousers,Slim-Fit,L,green,43,2,19
2121,Benny Songist,Non-binary,47,North Lukeshire,Tasmania,2021-03-14,2021-03-31,4489,112,3,336,Jacket,Cardigan,S,indigo,61,3,17
2122,Benny Songist,Non-binary,47,North Lukeshire,Tasmania,2021-03-14,2021-03-31,4490,119,2,238,Shirt,Casual Slim Fit,L,red,78,3,17
2123,Benny Songist,Non-binary,47,North Lukeshire,Tasmania,2021-03-14,2021-03-31,4491,92,2,184,Shirt,Denim,XL,green,52,3,17
2124,Benny Songist,Non-binary,47,North Lukeshire,Tasmania,2021-03-14,2021-03-31,4492,93,1,93,Trousers,Joggers,M,blue,78,3,17
2125,Benny Songist,Non-binary,47,North Lukeshire,Tasmania,2021-03-14,2021-03-31,4493,94,1,94,Trousers,Cords,XS,violet,76,3,17
2126,Shena Solomonides,Bigender,68,Zacshire,New South Wales,2021-09-15,2021-10-05,3629,112,2,224,Jacket,Cardigan,M,yellow,64,9,20
2127,Shena Solomonides,Bigender,68,Zacshire,New South Wales,2021-09-15,2021-10-05,3630,92,2,184,Shirt,Denim,S,indigo,69,9,20
2128,Ashely Inmett,Genderqueer,61,Liamton,Queensland,2021-10-22,2021-11-16,388,95,1,95,Shirt,Polo,S,indigo,50,10,25
2129,Ashely Inmett,Genderqueer,61,Liamton,Queensland,2021-10-22,2021-11-16,389,117,2,234,Jacket,Shearling,L,yellow,58,10,25
2130,Ashely Inmett,Genderqueer,61,Liamton,Queensland,2021-10-22,2021-11-16,390,98,1,98,Jacket,Leather,XL,blue,67,10,25
2131,Ashely Inmett,Genderqueer,61,Liamton,Queensland,2021-10-22,2021-11-16,391,102,3,306,Jacket,Windbreaker,XS,violet,68,10,25
2132,Ashely Inmett,Genderqueer,61,Liamton,Queensland,2021-10-22,2021-11-16,392,98,1,98,Jacket,Leather,XS,blue,77,10,25
2133,Devonne Martinetto,Genderfluid,59,West Lucy,New South Wales,2021-06-28,2021-07-20,2247,96,3,288,Shirt,Oxford Cloth,XS,green,68,6,22
2134,Devonne Martinetto,Genderfluid,59,West Lucy,New South Wales,2021-06-28,2021-07-20,2248,96,2,192,Shirt,Oxford Cloth,XS,green,68,6,22
2135,Toddie Snow,Genderqueer,27,Scottview,New South Wales,2021-10-15,2021-10-23,2355,118,2,236,Shirt,Flannel,XL,red,72,10,8
2136,Toddie Snow,Genderqueer,27,Scottview,New South Wales,2021-10-15,2021-10-23,2356,93,1,93,Jacket,Coach,S,yellow,67,10,8
2137,Toddie Snow,Genderqueer,27,Scottview,New South Wales,2021-10-15,2021-10-23,2357,105,2,210,Trousers,Pleated,L,red,70,10,8
2138,Toddie Snow,Genderqueer,27,Scottview,New South Wales,2021-10-15,2021-10-23,2358,93,3,279,Trousers,Joggers,S,orange,43,10,8
2139,Toddie Snow,Genderqueer,27,Scottview,New South Wales,2021-10-15,2021-10-23,2359,93,2,186,Trousers,Joggers,S,indigo,56,10,8
2140,Toddie Snow,Genderqueer,27,Scottview,New South Wales,2021-10-15,2021-10-23,2360,106,2,212,Shirt,Chambray,XL,red,42,10,8
2141,Toddie Snow,Genderqueer,27,Scottview,New South Wales,2021-10-15,2021-10-23,2361,117,2,234,Jacket,Shearling,S,yellow,48,10,8
2142,Guthry Ure,Polygender,35,Kreigerberg,Tasmania,2021-05-26,2021-05-30,3681,117,3,351,Jacket,Shearling,XL,orange,60,5,4
2143,Guthry Ure,Polygender,35,Kreigerberg,Tasmania,2021-05-26,2021-05-30,3682,93,3,279,Trousers,Joggers,S,green,76,5,4
2144,Guthry Ure,Polygender,35,Kreigerberg,Tasmania,2021-05-26,2021-05-30,3683,98,1,98,Jacket,Leather,M,indigo,71,5,4
2145,Guthry Ure,Polygender,35,Kreigerberg,Tasmania,2021-05-26,2021-05-30,3684,91,2,182,Jacket,Pullover,XS,violet,61,5,4
2146,Guthry Ure,Polygender,35,Kreigerberg,Tasmania,2021-05-26,2021-05-30,3685,99,1,99,Trousers,High-Waisted,XS,orange,55,5,4
2147,Guthry Ure,Polygender,35,Kreigerberg,Tasmania,2021-05-26,2021-05-30,3686,95,2,190,Shirt,Polo,S,orange,78,5,4
2148,Guthry Ure,Polygender,35,Kreigerberg,Tasmania,2021-05-26,2021-05-30,3687,93,2,186,Jacket,Coach,XL,violet,60,5,4
2149,Guthry Ure,Polygender,35,Kreigerberg,Tasmania,2021-05-26,2021-05-30,3688,112,1,112,Trousers,Tracksuit Bottoms,XS,indigo,63,5,4
2150,Guthry Ure,Polygender,35,Kreigerberg,Tasmania,2021-05-26,2021-05-30,3689,118,2,236,Shirt,Flannel,L,indigo,62,5,4
2151,Abey Bampforth,Genderfluid,28,Port Isabellafurt,New South Wales,2021-09-16,2021-09-18,229,118,3,354,Jacket,Puffer,M,red,62,9,2
2152,Abey Bampforth,Genderfluid,28,Port Isabellafurt,New South Wales,2021-09-16,2021-09-18,230,109,1,109,Shirt,Mandarin Collar,XL,blue,71,9,2
2153,Abey Bampforth,Genderfluid,28,Port Isabellafurt,New South Wales,2021-09-16,2021-09-18,231,115,3,345,Trousers,Cropped,L,yellow,60,9,2
2154,Abey Bampforth,Genderfluid,28,Port Isabellafurt,New South Wales,2021-09-16,2021-09-18,232,93,2,186,Trousers,Joggers,S,red,71,9,2
2155,Abey Bampforth,Genderfluid,28,Port Isabellafurt,New South Wales,2021-09-16,2021-09-18,233,90,3,270,Trousers,Relaxed Leg,L,green,62,9,2
2156,Abey Bampforth,Genderfluid,28,Port Isabellafurt,New South Wales,2021-09-16,2021-09-18,234,107,1,107,Jacket,Denim,XL,orange,79,9,2
2157,Abey Bampforth,Genderfluid,28,Port Isabellafurt,New South Wales,2021-02-28,2021-03-18,3384,93,2,186,Trousers,Joggers,M,green,54,2,18
2158,Abey Bampforth,Genderfluid,28,Port Isabellafurt,New South Wales,2021-02-28,2021-03-18,3385,91,1,91,Jacket,Pullover,S,indigo,44,2,18
2159,Abey Bampforth,Genderfluid,28,Port Isabellafurt,New South Wales,2021-02-28,2021-03-18,3386,93,3,279,Trousers,Joggers,XS,violet,50,2,18
2160,Abey Bampforth,Genderfluid,28,Port Isabellafurt,New South Wales,2021-02-28,2021-03-18,3387,91,1,91,Jacket,Pullover,M,yellow,49,2,18
2161,Abey Bampforth,Genderfluid,28,Port Isabellafurt,New South Wales,2021-02-28,2021-03-18,3388,92,1,92,Shirt,Denim,S,indigo,69,2,18
2162,Abey Bampforth,Genderfluid,28,Port Isabellafurt,New South Wales,2021-02-28,2021-03-18,3389,95,3,285,Shirt,Polo,L,violet,76,2,18
2163,Wash Kyneton,Non-binary,60,Lake Sienna,Northern Territory,2021-04-20,2021-05-13,4719,112,1,112,Jacket,Cardigan,L,green,63,4,23
2164,Wash Kyneton,Non-binary,60,Lake Sienna,Northern Territory,2021-04-20,2021-05-13,4720,96,3,288,Shirt,Oxford Cloth,XL,red,47,4,23
2165,Joelynn Remington,Agender,33,West Lachlan,Queensland,2021-06-25,2021-07-14,476,95,2,190,Shirt,Polo,XL,blue,70,6,19
2166,Joelynn Remington,Agender,33,West Lachlan,Queensland,2021-06-25,2021-07-14,477,96,1,96,Trousers,Drawstring,XL,green,49,6,19
2167,Joelynn Remington,Agender,33,West Lachlan,Queensland,2021-08-25,2021-09-11,3297,105,3,315,Trousers,Pleated,S,indigo,41,8,17
2168,Joelynn Remington,Agender,33,West Lachlan,Queensland,2021-08-25,2021-09-11,3298,90,1,90,Trousers,Relaxed Leg,XL,yellow,54,8,17
2169,Joelynn Remington,Agender,33,West Lachlan,Queensland,2021-08-25,2021-09-11,3299,112,2,224,Trousers,Tracksuit Bottoms,XL,orange,42,8,17
2170,Joelynn Remington,Agender,33,West Lachlan,Queensland,2021-08-25,2021-09-11,3300,91,1,91,Jacket,Pullover,M,yellow,49,8,17
2171,Joelynn Remington,Agender,33,West Lachlan,Queensland,2021-08-25,2021-09-11,3301,102,2,204,Trousers,Cargo Pants,M,indigo,51,8,17
2172,Joelynn Remington,Agender,33,West Lachlan,Queensland,2021-08-25,2021-09-11,3302,106,1,106,Shirt,Chambray,XS,orange,76,8,17
2173,North Diamond,Male,27,Charlotteborough,Victoria,2021-01-15,2021-01-20,1193,102,2,204,Trousers,Cargo Pants,S,red,63,1,5
2174,North Diamond,Male,27,Charlotteborough,Victoria,2021-01-15,2021-01-20,1194,117,3,351,Jacket,Shearling,XS,violet,75,1,5
2175,North Diamond,Male,27,Charlotteborough,Victoria,2021-01-15,2021-01-20,1195,113,3,339,Jacket,Parka,XL,blue,47,1,5
2176,North Diamond,Male,27,Charlotteborough,Victoria,2021-01-15,2021-01-20,1196,94,2,188,Trousers,Cords,XL,yellow,65,1,5
2177,North Diamond,Male,27,Charlotteborough,Victoria,2021-01-15,2021-01-20,1197,99,3,297,Trousers,High-Waisted,S,green,73,1,5
2178,North Diamond,Male,27,Charlotteborough,Victoria,2021-01-15,2021-01-20,1198,98,1,98,Shirt,Camp Collared,M,green,41,1,5
2179,North Diamond,Male,27,Charlotteborough,Victoria,2021-01-15,2021-01-20,1199,95,1,95,Shirt,Polo,XL,orange,43,1,5
2180,North Diamond,Male,27,Charlotteborough,Victoria,2021-01-15,2021-01-20,1200,95,1,95,Shirt,Polo,M,green,62,1,5
2181,North Diamond,Male,27,Charlotteborough,Victoria,2021-04-25,2021-05-22,4246,93,3,279,Trousers,Joggers,L,blue,75,4,27
2182,North Diamond,Male,27,Charlotteborough,Victoria,2021-04-25,2021-05-22,4247,112,2,224,Trousers,Tracksuit Bottoms,S,blue,48,4,27
2183,North Diamond,Male,27,Charlotteborough,Victoria,2021-04-25,2021-05-22,4248,109,3,327,Shirt,Mandarin Collar,XS,blue,59,4,27
2184,North Diamond,Male,27,Charlotteborough,Victoria,2021-04-25,2021-05-22,4249,90,3,270,Trousers,Relaxed Leg,L,blue,61,4,27
2185,North Diamond,Male,27,Charlotteborough,Victoria,2021-04-25,2021-05-22,4250,99,1,99,Trousers,High-Waisted,M,blue,52,4,27
2186,Romy Cuberley,Genderqueer,42,Mayaview,Queensland,2021-02-14,2021-03-03,1923,93,3,279,Trousers,Joggers,XL,yellow,69,2,17
2187,Romy Cuberley,Genderqueer,42,Mayaview,Queensland,2021-02-14,2021-03-03,1924,97,2,194,Trousers,Slim-Fit,S,indigo,41,2,17
2188,Romy Cuberley,Genderqueer,42,Mayaview,Queensland,2021-02-14,2021-03-03,1925,109,2,218,Jacket,Peacoat,XL,orange,69,2,17
2189,Frederich Duigenan,Genderfluid,31,Ellashire,Victoria,2021-04-14,2021-05-08,3126,113,1,113,Trousers,Chinos,XL,violet,77,4,24
2190,Frederich Duigenan,Genderfluid,31,Ellashire,Victoria,2021-04-14,2021-05-08,3127,91,3,273,Jacket,Pullover,L,green,72,4,24
2191,Frederich Duigenan,Genderfluid,31,Ellashire,Victoria,2021-04-14,2021-05-08,3128,102,3,306,Trousers,Cargo Pants,S,yellow,48,4,24
2192,Frederich Duigenan,Genderfluid,31,Ellashire,Victoria,2021-04-14,2021-05-08,3129,105,1,105,Trousers,Pleated,S,violet,50,4,24
2193,Alina Strotton,Female,54,West Chasemouth,Australian Capital Territory,2021-02-22,2021-03-04,877,113,2,226,Trousers,Chinos,M,yellow,58,2,10
2194,Alina Strotton,Female,54,West Chasemouth,Australian Capital Territory,2021-02-22,2021-03-04,878,119,2,238,Shirt,Casual Slim Fit,L,blue,75,2,10
2195,Alina Strotton,Female,54,West Chasemouth,Australian Capital Territory,2021-02-22,2021-03-04,879,100,2,200,Jacket,Bomber,L,green,78,2,10
2196,Alina Strotton,Female,54,West Chasemouth,Australian Capital Territory,2021-02-22,2021-03-04,880,113,3,339,Trousers,Chinos,L,green,77,2,10
2197,Alina Strotton,Female,54,West Chasemouth,Australian Capital Territory,2021-02-22,2021-03-04,881,109,1,109,Jacket,Peacoat,S,blue,50,2,10
2198,Alina Strotton,Female,54,West Chasemouth,Australian Capital Territory,2021-02-22,2021-03-04,882,98,1,98,Jacket,Leather,XS,red,67,2,10
2199,Alina Strotton,Female,54,West Chasemouth,Australian Capital Territory,2021-02-22,2021-03-04,883,91,3,273,Jacket,Pullover,M,blue,44,2,10
2200,Alina Strotton,Female,54,West Chasemouth,Australian Capital Territory,2021-02-22,2021-03-04,884,119,2,238,Jacket,Trench Coat,XS,orange,69,2,10
2201,Alina Strotton,Female,54,West Chasemouth,Australian Capital Territory,2021-02-22,2021-03-04,885,104,2,208,Shirt,Dress,XS,indigo,56,2,10
2202,Alina Strotton,Female,54,West Chasemouth,Australian Capital Territory,2021-02-26,2021-03-03,1973,92,3,276,Shirt,Denim,S,red,57,2,5
2203,Alina Strotton,Female,54,West Chasemouth,Australian Capital Territory,2021-02-26,2021-03-03,1974,109,2,218,Jacket,Peacoat,XL,red,58,2,5
2204,Alina Strotton,Female,54,West Chasemouth,Australian Capital Territory,2021-02-26,2021-03-03,1975,96,1,96,Trousers,Drawstring,XS,yellow,41,2,5
2205,Alina Strotton,Female,54,West Chasemouth,Australian Capital Territory,2021-02-26,2021-03-03,1976,105,2,210,Trousers,Pleated,XL,green,55,2,5
2206,Alina Strotton,Female,54,West Chasemouth,Australian Capital Territory,2021-01-19,2021-01-22,4119,113,2,226,Trousers,Chinos,L,red,44,1,3
2207,Alina Strotton,Female,54,West Chasemouth,Australian Capital Territory,2021-01-19,2021-01-22,4120,92,2,184,Shirt,Denim,XL,red,63,1,3
2208,Alina Strotton,Female,54,West Chasemouth,Australian Capital Territory,2021-01-19,2021-01-22,4121,102,2,204,Trousers,Cargo Pants,XL,blue,57,1,3
2209,Alina Strotton,Female,54,West Chasemouth,Australian Capital Territory,2021-01-19,2021-01-22,4122,92,3,276,Shirt,Denim,XS,indigo,79,1,3
2210,Francklyn Willeman,Non-binary,45,D'amoreborough,South Australia,2021-06-22,2021-06-27,703,109,1,109,Jacket,Peacoat,S,red,67,6,5
2211,Francklyn Willeman,Non-binary,45,D'amoreborough,South Australia,2021-06-22,2021-06-27,704,115,3,345,Trousers,Cropped,XS,indigo,55,6,5
2212,Francklyn Willeman,Non-binary,45,D'amoreborough,South Australia,2021-06-22,2021-06-27,705,95,3,285,Shirt,Polo,L,green,68,6,5
2213,Francklyn Willeman,Non-binary,45,D'amoreborough,South Australia,2021-06-22,2021-06-27,706,106,2,212,Shirt,Chambray,XL,blue,43,6,5
2214,Iago Jedrzaszkiewicz,Agender,58,Lake Mikaylashire,Australian Capital Territory,2021-10-10,2021-10-19,3379,91,3,273,Jacket,Pullover,XS,orange,79,10,9
2215,Iago Jedrzaszkiewicz,Agender,58,Lake Mikaylashire,Australian Capital Territory,2021-10-10,2021-10-19,3380,104,2,208,Shirt,Dress,S,red,72,10,9
2216,Iago Jedrzaszkiewicz,Agender,58,Lake Mikaylashire,Australian Capital Territory,2021-10-10,2021-10-19,3381,92,2,184,Shirt,Denim,XS,green,66,10,9
2217,Iago Jedrzaszkiewicz,Agender,58,Lake Mikaylashire,Australian Capital Territory,2021-10-10,2021-10-19,3382,96,1,96,Shirt,Oxford Cloth,S,green,56,10,9
2218,Iago Jedrzaszkiewicz,Agender,58,Lake Mikaylashire,Australian Capital Territory,2021-10-10,2021-10-19,3383,98,1,98,Jacket,Leather,M,orange,80,10,9
2219,Iago Jedrzaszkiewicz,Agender,58,Lake Mikaylashire,Australian Capital Territory,2021-04-23,2021-05-06,4883,109,2,218,Jacket,Peacoat,XS,red,66,4,13
2220,Iago Jedrzaszkiewicz,Agender,58,Lake Mikaylashire,Australian Capital Territory,2021-04-23,2021-05-06,4884,113,3,339,Jacket,Parka,XS,red,65,4,13
2221,Iago Jedrzaszkiewicz,Agender,58,Lake Mikaylashire,Australian Capital Territory,2021-04-23,2021-05-06,4885,94,1,94,Shirt,Henley,L,red,62,4,13
2222,Iago Jedrzaszkiewicz,Agender,58,Lake Mikaylashire,Australian Capital Territory,2021-04-23,2021-05-06,4886,113,2,226,Trousers,Chinos,S,green,61,4,13
2223,Mallory Castellani,Female,38,Williammouth,Victoria,2021-03-12,2021-03-23,3599,102,1,102,Trousers,Cargo Pants,XS,indigo,51,3,11
2224,Mallory Castellani,Female,38,Williammouth,Victoria,2021-03-12,2021-03-23,3600,113,3,339,Trousers,Chinos,S,orange,58,3,11
2225,Mallory Castellani,Female,38,Williammouth,Victoria,2021-03-12,2021-03-23,3601,91,1,91,Jacket,Pullover,M,yellow,49,3,11
2226,Mallory Castellani,Female,38,Williammouth,Victoria,2021-03-12,2021-03-23,3602,94,1,94,Shirt,Henley,XS,indigo,58,3,11
2227,Mallory Castellani,Female,38,Williammouth,Victoria,2021-03-12,2021-03-23,3603,106,3,318,Shirt,Chambray,XS,green,50,3,11
2228,Mallory Castellani,Female,38,Williammouth,Victoria,2021-08-21,2021-09-11,3904,102,1,102,Trousers,Cargo Pants,L,violet,74,8,21
2229,Mallory Castellani,Female,38,Williammouth,Victoria,2021-08-21,2021-09-11,3905,93,2,186,Trousers,Joggers,XS,yellow,62,8,21
2230,Mallory Castellani,Female,38,Williammouth,Victoria,2021-08-21,2021-09-11,3906,96,3,288,Trousers,Drawstring,M,green,52,8,21
2231,Mallory Castellani,Female,38,Williammouth,Victoria,2021-08-21,2021-09-11,3907,92,2,184,Shirt,Denim,XS,blue,76,8,21
2232,Mallory Castellani,Female,38,Williammouth,Victoria,2021-08-21,2021-09-11,3908,92,1,92,Shirt,Denim,L,yellow,75,8,21
2233,Mallory Castellani,Female,38,Williammouth,Victoria,2021-08-21,2021-09-11,3909,112,2,224,Trousers,Tracksuit Bottoms,XS,orange,57,8,21
2234,Mallory Castellani,Female,38,Williammouth,Victoria,2021-06-30,2021-07-04,4502,97,3,291,Trousers,Slim-Fit,XS,indigo,74,6,4
2235,Mallory Castellani,Female,38,Williammouth,Victoria,2021-06-30,2021-07-04,4503,106,3,318,Shirt,Chambray,M,red,48,6,4
2236,Mallory Castellani,Female,38,Williammouth,Victoria,2021-06-30,2021-07-04,4504,98,2,196,Shirt,Camp Collared,M,violet,41,6,4
2237,Mallory Castellani,Female,38,Williammouth,Victoria,2021-06-30,2021-07-04,4505,94,1,94,Shirt,Henley,S,green,68,6,4
2238,Mallory Castellani,Female,38,Williammouth,Victoria,2021-06-30,2021-07-04,4506,96,2,192,Trousers,Drawstring,S,red,64,6,4
2239,Mallory Castellani,Female,38,Williammouth,Victoria,2021-06-30,2021-07-04,4507,96,3,288,Shirt,Oxford Cloth,L,indigo,70,6,4
2240,Mallory Castellani,Female,38,Williammouth,Victoria,2021-07-18,2021-08-09,4561,105,1,105,Trousers,Pleated,L,indigo,73,7,22
2241,Mallory Castellani,Female,38,Williammouth,Victoria,2021-07-18,2021-08-09,4562,112,1,112,Jacket,Cardigan,L,green,63,7,22
2242,Mallory Castellani,Female,38,Williammouth,Victoria,2021-07-18,2021-08-09,4563,105,3,315,Shirt,Cuban Collar,XL,indigo,53,7,22
2243,Mallory Castellani,Female,38,Williammouth,Victoria,2021-07-18,2021-08-09,4564,91,3,273,Shirt,Linen,L,green,72,7,22
2244,Mallory Castellani,Female,38,Williammouth,Victoria,2021-07-18,2021-08-09,4565,99,3,297,Trousers,High-Waisted,XL,yellow,78,7,22
2245,Mallory Castellani,Female,38,Williammouth,Victoria,2021-07-18,2021-08-09,4566,102,3,306,Jacket,Windbreaker,M,green,63,7,22
2246,Vinnie Feaver,Male,28,North Justin,South Australia,2021-02-26,2021-03-20,181,112,2,224,Jacket,Cardigan,S,indigo,61,2,22
2247,Vinnie Feaver,Male,28,North Justin,South Australia,2021-02-26,2021-03-20,182,109,2,218,Shirt,Mandarin Collar,L,blue,68,2,22
2248,Vinnie Feaver,Male,28,North Justin,South Australia,2021-02-26,2021-03-20,183,91,3,273,Shirt,Linen,L,orange,73,2,22
2249,Vinnie Feaver,Male,28,North Justin,South Australia,2021-02-26,2021-03-20,184,93,3,279,Jacket,Coach,S,red,76,2,22
2250,Vinnie Feaver,Male,28,North Justin,South Australia,2021-02-26,2021-03-20,185,96,1,96,Trousers,Drawstring,S,orange,58,2,22
2251,Vinnie Feaver,Male,28,North Justin,South Australia,2021-02-26,2021-03-20,186,109,2,218,Shirt,Mandarin Collar,M,red,60,2,22
2252,Vinnie Feaver,Male,28,North Justin,South Australia,2021-02-26,2021-03-20,187,104,1,104,Shirt,Dress,XL,yellow,75,2,22
2253,Vinnie Feaver,Male,28,North Justin,South Australia,2021-02-26,2021-03-20,188,90,2,180,Trousers,Relaxed Leg,XS,green,80,2,22
2254,Vinnie Feaver,Male,28,North Justin,South Australia,2021-02-26,2021-03-20,189,94,3,282,Trousers,Cords,M,green,76,2,22
2255,Vinnie Feaver,Male,28,North Justin,South Australia,2021-02-26,2021-03-20,190,96,2,192,Shirt,Oxford Cloth,XS,blue,47,2,22
2256,Cacilie Forrestill,Bigender,53,O'reillychester,South Australia,2021-02-13,2021-02-15,1884,92,1,92,Shirt,Denim,S,orange,69,2,2
2257,Cacilie Forrestill,Bigender,53,O'reillychester,South Australia,2021-02-13,2021-02-15,1885,90,1,90,Trousers,Relaxed Leg,S,red,70,2,2
2258,Cacilie Forrestill,Bigender,53,O'reillychester,South Australia,2021-02-13,2021-02-15,1886,98,1,98,Jacket,Leather,XS,orange,63,2,2
2259,Cacilie Forrestill,Bigender,53,O'reillychester,South Australia,2021-02-13,2021-02-15,1887,100,3,300,Jacket,Bomber,S,blue,50,2,2
2260,Cacilie Forrestill,Bigender,53,O'reillychester,South Australia,2021-02-13,2021-02-15,1888,106,1,106,Trousers,Wool,L,red,74,2,2
2261,Cacilie Forrestill,Bigender,53,O'reillychester,South Australia,2021-02-13,2021-02-15,1889,98,1,98,Jacket,Leather,L,orange,78,2,2
2262,Cacilie Forrestill,Bigender,53,O'reillychester,South Australia,2021-02-13,2021-02-15,1890,118,1,118,Shirt,Flannel,M,yellow,59,2,2
2263,Cacilie Forrestill,Bigender,53,O'reillychester,South Australia,2021-02-13,2021-02-15,1891,106,2,212,Shirt,Chambray,S,yellow,40,2,2
2264,Cacilie Forrestill,Bigender,53,O'reillychester,South Australia,2021-01-07,2021-01-23,2646,93,3,279,Trousers,Joggers,L,blue,75,1,16
2265,Cacilie Forrestill,Bigender,53,O'reillychester,South Australia,2021-01-07,2021-01-23,2647,95,2,190,Shirt,Polo,XL,indigo,56,1,16
2266,Cacilie Forrestill,Bigender,53,O'reillychester,South Australia,2021-01-07,2021-01-23,2648,109,3,327,Jacket,Peacoat,M,blue,71,1,16
2267,Cacilie Forrestill,Bigender,53,O'reillychester,South Australia,2021-01-07,2021-01-23,2649,95,2,190,Shirt,Polo,M,violet,77,1,16
2268,Cacilie Forrestill,Bigender,53,O'reillychester,South Australia,2021-01-07,2021-01-23,2650,119,1,119,Jacket,Trench Coat,L,green,73,1,16
2269,Cacilie Forrestill,Bigender,53,O'reillychester,South Australia,2021-01-07,2021-01-23,2651,102,3,306,Trousers,Cargo Pants,XL,red,45,1,16
2270,Cacilie Forrestill,Bigender,53,O'reillychester,South Australia,2021-01-07,2021-01-23,2652,93,1,93,Jacket,Coach,M,indigo,64,1,16
2271,Cacilie Forrestill,Bigender,53,O'reillychester,South Australia,2021-01-07,2021-01-23,2653,119,2,238,Jacket,Trench Coat,L,red,70,1,16
2272,Cacilie Forrestill,Bigender,53,O'reillychester,South Australia,2021-01-07,2021-01-23,2654,118,2,236,Jacket,Puffer,L,red,44,1,16
2273,Cacilie Forrestill,Bigender,53,O'reillychester,South Australia,2021-01-07,2021-01-23,2655,119,3,357,Jacket,Trench Coat,XL,green,53,1,16
2274,Cacilie Forrestill,Bigender,53,O'reillychester,South Australia,2021-01-07,2021-01-23,2656,115,1,115,Trousers,Cropped,M,yellow,41,1,16
2275,Maegan Ashton,Genderqueer,67,West Isla,Tasmania,2021-09-22,2021-10-08,64,113,3,339,Jacket,Parka,XL,violet,80,9,16
2276,Maegan Ashton,Genderqueer,67,West Isla,Tasmania,2021-09-22,2021-10-08,65,105,3,315,Trousers,Pleated,XS,orange,74,9,16
2277,Maegan Ashton,Genderqueer,67,West Isla,Tasmania,2021-09-22,2021-10-08,66,105,2,210,Shirt,Cuban Collar,S,yellow,41,9,16
2278,Maegan Ashton,Genderqueer,67,West Isla,Tasmania,2021-09-22,2021-10-08,67,97,3,291,Trousers,Slim-Fit,M,indigo,67,9,16
2279,Maegan Ashton,Genderqueer,67,West Isla,Tasmania,2021-09-22,2021-10-08,68,105,2,210,Trousers,Pleated,M,blue,66,9,16
2280,Faber Purcell,Female,78,Andrewborough,New South Wales,2021-09-04,2021-09-20,110,96,1,96,Shirt,Oxford Cloth,L,orange,48,9,16
2281,Faber Purcell,Female,78,Andrewborough,New South Wales,2021-09-04,2021-09-20,111,113,2,226,Trousers,Chinos,M,yellow,58,9,16
2282,Faber Purcell,Female,78,Andrewborough,New South Wales,2021-05-29,2021-06-22,869,104,3,312,Shirt,Dress,XS,green,51,5,24
2283,Faber Purcell,Female,78,Andrewborough,New South Wales,2021-05-29,2021-06-22,870,99,1,99,Trousers,High-Waisted,XL,indigo,57,5,24
2284,Faber Purcell,Female,78,Andrewborough,New South Wales,2021-05-29,2021-06-22,871,112,1,112,Trousers,Tracksuit Bottoms,XS,blue,42,5,24
2285,Faber Purcell,Female,78,Andrewborough,New South Wales,2021-05-29,2021-06-22,872,93,2,186,Trousers,Joggers,L,orange,49,5,24
2286,Faber Purcell,Female,78,Andrewborough,New South Wales,2021-05-29,2021-06-22,873,93,1,93,Trousers,Joggers,XL,red,58,5,24
2287,Faber Purcell,Female,78,Andrewborough,New South Wales,2021-05-29,2021-06-22,874,95,1,95,Shirt,Polo,M,indigo,62,5,24
2288,Faber Purcell,Female,78,Andrewborough,New South Wales,2021-06-07,2021-06-09,1309,115,3,345,Trousers,Cropped,L,green,55,6,2
2289,Faber Purcell,Female,78,Andrewborough,New South Wales,2021-06-07,2021-06-09,1310,95,1,95,Shirt,Polo,L,orange,63,6,2
2290,Faber Purcell,Female,78,Andrewborough,New South Wales,2021-06-07,2021-06-09,1311,106,1,106,Trousers,Wool,XL,green,48,6,2
2291,Faber Purcell,Female,78,Andrewborough,New South Wales,2021-06-07,2021-06-09,1312,96,1,96,Trousers,Drawstring,L,violet,62,6,2
2292,Faber Purcell,Female,78,Andrewborough,New South Wales,2021-09-08,2021-09-14,1910,100,3,300,Jacket,Bomber,XS,orange,80,9,6
2293,Faber Purcell,Female,78,Andrewborough,New South Wales,2021-09-08,2021-09-14,1911,112,1,112,Trousers,Tracksuit Bottoms,L,orange,73,9,6
2294,Faber Purcell,Female,78,Andrewborough,New South Wales,2021-09-08,2021-09-14,1912,102,2,204,Jacket,Windbreaker,XL,yellow,58,9,6
2295,Faber Purcell,Female,78,Andrewborough,New South Wales,2021-09-08,2021-09-14,1913,94,1,94,Trousers,Cords,M,orange,53,9,6
2296,Faber Purcell,Female,78,Andrewborough,New South Wales,2021-09-08,2021-09-14,1914,97,1,97,Trousers,Slim-Fit,L,blue,49,9,6
2297,Faber Purcell,Female,78,Andrewborough,New South Wales,2021-09-08,2021-09-14,1915,117,1,117,Jacket,Shearling,XS,red,74,9,6
2298,Trudey Betteridge,Genderfluid,45,Edwardtown,Western Australia,2021-06-18,2021-06-26,327,107,1,107,Jacket,Denim,M,violet,43,6,8
2299,Trudey Betteridge,Genderfluid,45,Edwardtown,Western Australia,2021-06-18,2021-06-26,328,93,2,186,Trousers,Joggers,L,violet,60,6,8
2300,Trudey Betteridge,Genderfluid,45,Edwardtown,Western Australia,2021-06-18,2021-06-26,329,106,1,106,Shirt,Chambray,XL,red,42,6,8
2301,Trudey Betteridge,Genderfluid,45,Edwardtown,Western Australia,2021-06-18,2021-06-26,330,99,1,99,Trousers,High-Waisted,L,red,52,6,8
2302,Trudey Betteridge,Genderfluid,45,Edwardtown,Western Australia,2021-06-18,2021-06-26,331,102,1,102,Trousers,Cargo Pants,M,yellow,72,6,8
2303,Trudey Betteridge,Genderfluid,45,Edwardtown,Western Australia,2021-06-18,2021-06-26,332,93,3,279,Trousers,Joggers,M,green,54,6,8
2304,Trudey Betteridge,Genderfluid,45,Edwardtown,Western Australia,2021-06-18,2021-06-26,333,113,2,226,Trousers,Chinos,M,red,54,6,8
2305,Trudey Betteridge,Genderfluid,45,Edwardtown,Western Australia,2021-03-31,2021-04-20,4396,98,1,98,Jacket,Leather,L,green,71,3,20
2306,Trudey Betteridge,Genderfluid,45,Edwardtown,Western Australia,2021-03-31,2021-04-20,4397,115,3,345,Trousers,Cropped,XL,blue,51,3,20
2307,Hayyim Trewhella,Non-binary,31,Boyerland,New South Wales,2021-03-04,2021-03-22,571,112,1,112,Jacket,Cardigan,S,blue,53,3,18
2308,Hayyim Trewhella,Non-binary,31,Boyerland,New South Wales,2021-03-04,2021-03-22,572,119,2,238,Jacket,Trench Coat,XL,blue,69,3,18
2309,Hayyim Trewhella,Non-binary,31,Boyerland,New South Wales,2021-03-04,2021-03-22,573,119,3,357,Jacket,Trench Coat,XS,red,78,3,18
2310,Hayyim Trewhella,Non-binary,31,Boyerland,New South Wales,2021-03-04,2021-03-22,574,98,2,196,Jacket,Leather,L,indigo,79,3,18
2311,Hayyim Trewhella,Non-binary,31,Boyerland,New South Wales,2021-03-04,2021-03-22,575,97,2,194,Trousers,Slim-Fit,L,yellow,64,3,18
2312,Hayyim Trewhella,Non-binary,31,Boyerland,New South Wales,2021-03-04,2021-03-22,576,93,2,186,Trousers,Joggers,XS,green,77,3,18
2313,Hayyim Trewhella,Non-binary,31,Boyerland,New South Wales,2021-03-04,2021-03-22,577,92,2,184,Shirt,Denim,L,red,52,3,18
2314,Hayyim Trewhella,Non-binary,31,Boyerland,New South Wales,2021-03-04,2021-03-22,578,118,1,118,Shirt,Flannel,XS,orange,42,3,18
2315,Hayyim Trewhella,Non-binary,31,Boyerland,New South Wales,2021-03-04,2021-03-22,579,94,3,282,Shirt,Henley,S,yellow,70,3,18
2316,Hal Saker,Male,57,Parisianmouth,Queensland,2021-02-02,2021-02-10,2852,102,3,306,Jacket,Windbreaker,XL,green,71,2,8
2317,Hal Saker,Male,57,Parisianmouth,Queensland,2021-02-02,2021-02-10,2853,93,2,186,Trousers,Joggers,M,violet,72,2,8
2318,Hal Saker,Male,57,Parisianmouth,Queensland,2021-02-02,2021-02-10,2854,113,2,226,Trousers,Chinos,XS,orange,53,2,8
2319,Hal Saker,Male,57,Parisianmouth,Queensland,2021-02-02,2021-02-10,2855,105,3,315,Shirt,Cuban Collar,XL,green,60,2,8
2320,Hal Saker,Male,57,Parisianmouth,Queensland,2021-02-02,2021-02-10,2856,119,3,357,Shirt,Casual Slim Fit,M,violet,46,2,8
2321,Hal Saker,Male,57,Parisianmouth,Queensland,2021-02-02,2021-02-10,2857,93,1,93,Jacket,Coach,L,red,80,2,8
2322,Hal Saker,Male,57,Parisianmouth,Queensland,2021-05-02,2021-05-08,3934,91,3,273,Shirt,Linen,M,indigo,72,5,6
2323,Hal Saker,Male,57,Parisianmouth,Queensland,2021-05-02,2021-05-08,3935,104,1,104,Shirt,Dress,S,yellow,56,5,6
2324,Hal Saker,Male,57,Parisianmouth,Queensland,2021-05-02,2021-05-08,3936,112,2,224,Trousers,Tracksuit Bottoms,XS,violet,67,5,6
2325,Hal Saker,Male,57,Parisianmouth,Queensland,2021-05-02,2021-05-08,3937,102,2,204,Trousers,Cargo Pants,S,violet,79,5,6
2326,Hal Saker,Male,57,Parisianmouth,Queensland,2021-05-02,2021-05-08,3938,105,1,105,Trousers,Pleated,XS,blue,62,5,6
2327,Hal Saker,Male,57,Parisianmouth,Queensland,2021-05-02,2021-05-08,3939,119,3,357,Jacket,Trench Coat,S,blue,64,5,6
2328,Hal Saker,Male,57,Parisianmouth,Queensland,2021-05-02,2021-05-08,3940,113,1,113,Trousers,Chinos,XS,green,75,5,6
2329,Lori Briars,Male,61,Annaton,South Australia,2021-02-03,2021-02-13,6,96,1,96,Trousers,Drawstring,XS,orange,41,2,10
2330,Lori Briars,Male,61,Annaton,South Australia,2021-02-03,2021-02-13,7,113,1,113,Jacket,Parka,S,blue,72,2,10
2331,Lori Briars,Male,61,Annaton,South Australia,2021-02-03,2021-02-13,8,115,3,345,Trousers,Cropped,S,orange,78,2,10
2332,Lori Briars,Male,61,Annaton,South Australia,2021-02-03,2021-02-13,9,105,1,105,Trousers,Pleated,S,orange,72,2,10
2333,Lori Briars,Male,61,Annaton,South Australia,2021-02-03,2021-02-13,10,91,3,273,Shirt,Linen,M,green,42,2,10
2334,Lori Briars,Male,61,Annaton,South Australia,2021-02-03,2021-02-13,11,99,2,198,Trousers,High-Waisted,XL,green,78,2,10
2335,Lori Briars,Male,61,Annaton,South Australia,2021-08-03,2021-08-17,1075,117,3,351,Jacket,Shearling,XL,green,51,8,14
2336,Lori Briars,Male,61,Annaton,South Australia,2021-08-03,2021-08-17,1076,109,2,218,Shirt,Mandarin Collar,L,violet,54,8,14
2337,Lori Briars,Male,61,Annaton,South Australia,2021-08-03,2021-08-17,1077,119,3,357,Shirt,Casual Slim Fit,S,violet,50,8,14
2338,Lori Briars,Male,61,Annaton,South Australia,2021-08-03,2021-08-17,1078,119,1,119,Jacket,Trench Coat,XS,red,78,8,14
2339,Clem Margetts,Non-binary,21,New Matildaville,South Australia,2021-08-18,2021-08-29,3542,96,1,96,Trousers,Drawstring,L,green,43,8,11
2340,Clem Margetts,Non-binary,21,New Matildaville,South Australia,2021-08-18,2021-08-29,3543,96,3,288,Trousers,Drawstring,L,red,73,8,11
2341,Clem Margetts,Non-binary,21,New Matildaville,South Australia,2021-08-18,2021-08-29,3544,96,2,192,Trousers,Drawstring,XL,violet,80,8,11
2342,Clem Margetts,Non-binary,21,New Matildaville,South Australia,2021-08-18,2021-08-29,3545,112,2,224,Trousers,Tracksuit Bottoms,M,yellow,80,8,11
2343,Clem Margetts,Non-binary,21,New Matildaville,South Australia,2021-08-18,2021-08-29,3546,93,1,93,Jacket,Coach,XS,blue,51,8,11
2344,Clem Margetts,Non-binary,21,New Matildaville,South Australia,2021-08-18,2021-08-29,3547,105,3,315,Trousers,Pleated,XL,indigo,45,8,11
2345,Clem Margetts,Non-binary,21,New Matildaville,South Australia,2021-08-18,2021-08-29,3548,107,3,321,Jacket,Denim,XS,violet,65,8,11
2346,Orton Heigl,Genderfluid,64,West Jackfort,South Australia,2021-05-05,2021-05-21,3966,106,3,318,Shirt,Chambray,M,green,56,5,16
2347,Orton Heigl,Genderfluid,64,West Jackfort,South Australia,2021-05-05,2021-05-21,3967,93,2,186,Jacket,Coach,XS,violet,58,5,16
2348,Orton Heigl,Genderfluid,64,West Jackfort,South Australia,2021-05-05,2021-05-21,3968,94,1,94,Shirt,Henley,XS,violet,50,5,16
2349,Orton Heigl,Genderfluid,64,West Jackfort,South Australia,2021-05-05,2021-05-21,3969,99,3,297,Trousers,High-Waisted,L,violet,68,5,16
2350,Orton Heigl,Genderfluid,64,West Jackfort,South Australia,2021-05-05,2021-05-21,3970,105,1,105,Trousers,Pleated,L,yellow,62,5,16
2351,Orton Heigl,Genderfluid,64,West Jackfort,South Australia,2021-05-05,2021-05-21,3971,119,1,119,Jacket,Trench Coat,XL,orange,71,5,16
2352,Krystle Boyce,Non-binary,71,Lake Lillyville,Northern Territory,2021-05-02,2021-05-04,1723,92,2,184,Shirt,Denim,XS,blue,76,5,2
2353,Krystle Boyce,Non-binary,71,Lake Lillyville,Northern Territory,2021-05-02,2021-05-04,1724,94,1,94,Trousers,Cords,M,yellow,58,5,2
2354,Krystle Boyce,Non-binary,71,Lake Lillyville,Northern Territory,2021-05-02,2021-05-04,1725,105,2,210,Trousers,Pleated,S,green,55,5,2
2355,Krystle Boyce,Non-binary,71,Lake Lillyville,Northern Territory,2021-05-02,2021-05-04,1726,94,2,188,Trousers,Cords,M,indigo,52,5,2
2356,Krystle Boyce,Non-binary,71,Lake Lillyville,Northern Territory,2021-05-02,2021-05-04,1727,109,3,327,Shirt,Mandarin Collar,XL,indigo,77,5,2
2357,Krystle Boyce,Non-binary,71,Lake Lillyville,Northern Territory,2021-05-02,2021-05-04,1728,94,3,282,Trousers,Cords,S,orange,59,5,2
2358,Krystle Boyce,Non-binary,71,Lake Lillyville,Northern Territory,2021-05-02,2021-05-04,1729,93,2,186,Trousers,Joggers,XS,orange,65,5,2
2359,Krystle Boyce,Non-binary,71,Lake Lillyville,Northern Territory,2021-05-02,2021-05-04,1730,90,3,270,Trousers,Relaxed Leg,L,violet,47,5,2
2360,Krystle Boyce,Non-binary,71,Lake Lillyville,Northern Territory,2021-05-02,2021-05-04,1731,93,1,93,Trousers,Joggers,S,blue,50,5,2
2361,Dunc Swynley,Genderqueer,20,Mullerberg,Western Australia,2021-01-01,2021-01-06,2858,106,2,212,Shirt,Chambray,XS,violet,47,1,5
2362,Dunc Swynley,Genderqueer,20,Mullerberg,Western Australia,2021-01-01,2021-01-06,2859,94,2,188,Trousers,Cords,S,violet,65,1,5
2363,Dunc Swynley,Genderqueer,20,Mullerberg,Western Australia,2021-01-01,2021-01-06,2860,109,3,327,Shirt,Mandarin Collar,S,red,48,1,5
2364,Dunc Swynley,Genderqueer,20,Mullerberg,Western Australia,2021-01-01,2021-01-06,2861,118,3,354,Shirt,Flannel,XS,blue,62,1,5
2365,Dunc Swynley,Genderqueer,20,Mullerberg,Western Australia,2021-07-22,2021-07-28,3259,119,1,119,Jacket,Trench Coat,XS,red,78,7,6
2366,Dunc Swynley,Genderqueer,20,Mullerberg,Western Australia,2021-07-22,2021-07-28,3260,113,1,113,Jacket,Parka,S,blue,72,7,6
2367,Dunc Swynley,Genderqueer,20,Mullerberg,Western Australia,2021-07-22,2021-07-28,3261,99,3,297,Trousers,High-Waisted,XS,violet,72,7,6
2368,Stanley Kolakowski,Agender,63,East Joshua,Queensland,2021-02-22,2021-03-19,2087,107,1,107,Jacket,Denim,S,blue,56,2,25
2369,Stanley Kolakowski,Agender,63,East Joshua,Queensland,2021-02-22,2021-03-19,2088,92,3,276,Shirt,Denim,XL,red,63,2,25
2370,Stanley Kolakowski,Agender,63,East Joshua,Queensland,2021-02-22,2021-03-19,2089,95,2,190,Shirt,Polo,L,orange,63,2,25
2371,Stanley Kolakowski,Agender,63,East Joshua,Queensland,2021-02-22,2021-03-19,2090,97,3,291,Trousers,Slim-Fit,XS,green,74,2,25
2372,Stanley Kolakowski,Agender,63,East Joshua,Queensland,2021-02-22,2021-03-19,2091,100,3,300,Jacket,Bomber,XL,green,79,2,25
2373,Gayleen Brookes,Male,46,Port Lily,Australian Capital Territory,2021-09-30,2021-10-24,1639,98,2,196,Jacket,Leather,S,indigo,40,9,24
2374,Gayleen Brookes,Male,46,Port Lily,Australian Capital Territory,2021-09-30,2021-10-24,1640,96,1,96,Shirt,Oxford Cloth,S,orange,72,9,24
2375,Gayleen Brookes,Male,46,Port Lily,Australian Capital Territory,2021-09-30,2021-10-24,1641,91,2,182,Shirt,Linen,XS,red,61,9,24
2376,Gayleen Brookes,Male,46,Port Lily,Australian Capital Territory,2021-04-14,2021-04-25,1797,91,3,273,Jacket,Pullover,XL,green,65,4,11
2377,Gayleen Brookes,Male,46,Port Lily,Australian Capital Territory,2021-04-14,2021-04-25,1798,98,2,196,Jacket,Leather,XL,yellow,67,4,11
2378,Gayleen Brookes,Male,46,Port Lily,Australian Capital Territory,2021-04-14,2021-04-25,1799,98,3,294,Shirt,Camp Collared,S,indigo,50,4,11
2379,Gayleen Brookes,Male,46,Port Lily,Australian Capital Territory,2021-04-14,2021-04-25,1800,98,1,98,Jacket,Leather,M,orange,80,4,11
2380,Gayleen Brookes,Male,46,Port Lily,Australian Capital Territory,2021-04-14,2021-04-25,1801,119,2,238,Shirt,Casual Slim Fit,XL,indigo,40,4,11
2381,Gayleen Brookes,Male,46,Port Lily,Australian Capital Territory,2021-04-14,2021-04-25,1802,100,3,300,Jacket,Bomber,XL,indigo,50,4,11
2382,Gayleen Brookes,Male,46,Port Lily,Australian Capital Territory,2021-04-14,2021-04-25,1803,92,2,184,Shirt,Denim,S,orange,69,4,11
2383,Gayleen Brookes,Male,46,Port Lily,Australian Capital Territory,2021-02-18,2021-03-07,2480,95,3,285,Shirt,Polo,XL,orange,43,2,17
2384,Gayleen Brookes,Male,46,Port Lily,Australian Capital Territory,2021-02-18,2021-03-07,2481,97,2,194,Trousers,Slim-Fit,L,violet,58,2,17
2385,Gayleen Brookes,Male,46,Port Lily,Australian Capital Territory,2021-02-18,2021-03-07,2482,105,3,315,Trousers,Pleated,XL,orange,69,2,17
2386,Gayleen Brookes,Male,46,Port Lily,Australian Capital Territory,2021-02-18,2021-03-07,2483,115,3,345,Trousers,Cropped,M,blue,56,2,17
2387,Gayleen Brookes,Male,46,Port Lily,Australian Capital Territory,2021-02-18,2021-03-07,2484,96,2,192,Shirt,Oxford Cloth,M,orange,77,2,17
2388,Gayleen Brookes,Male,46,Port Lily,Australian Capital Territory,2021-02-18,2021-03-07,2485,119,1,119,Jacket,Trench Coat,XS,blue,59,2,17
2389,Gayleen Brookes,Male,46,Port Lily,Australian Capital Territory,2021-02-18,2021-03-07,2486,119,3,357,Shirt,Casual Slim Fit,S,yellow,45,2,17
2390,Alexis Cheake,Agender,66,Port Lillian,Northern Territory,2021-05-10,2021-05-12,3046,94,1,94,Trousers,Cords,XS,blue,60,5,2
2391,Alexis Cheake,Agender,66,Port Lillian,Northern Territory,2021-05-10,2021-05-12,3047,117,3,351,Jacket,Shearling,L,indigo,66,5,2
2392,Alexis Cheake,Agender,66,Port Lillian,Northern Territory,2021-05-10,2021-05-12,3048,93,3,279,Jacket,Coach,XS,violet,58,5,2
2393,Isahella Enrique,Polygender,59,West Phoenix,New South Wales,2021-07-03,2021-07-15,1356,93,1,93,Jacket,Coach,XL,green,48,7,12
2394,Isahella Enrique,Polygender,59,West Phoenix,New South Wales,2021-07-03,2021-07-15,1357,106,3,318,Trousers,Wool,XL,yellow,72,7,12
2395,Isahella Enrique,Polygender,59,West Phoenix,New South Wales,2021-07-03,2021-07-15,1358,118,3,354,Jacket,Puffer,S,violet,46,7,12
2396,Isahella Enrique,Polygender,59,West Phoenix,New South Wales,2021-07-03,2021-07-15,1359,93,1,93,Jacket,Coach,XL,orange,46,7,12
2397,Isahella Enrique,Polygender,59,West Phoenix,New South Wales,2021-07-03,2021-07-15,1360,99,3,297,Trousers,High-Waisted,M,red,59,7,12
2398,Isahella Enrique,Polygender,59,West Phoenix,New South Wales,2021-07-03,2021-07-15,1361,112,1,112,Jacket,Cardigan,XL,indigo,78,7,12
2399,Isahella Enrique,Polygender,59,West Phoenix,New South Wales,2021-07-03,2021-07-15,1362,109,1,109,Shirt,Mandarin Collar,S,orange,52,7,12
2400,Isahella Enrique,Polygender,59,West Phoenix,New South Wales,2021-07-03,2021-07-15,1363,94,3,282,Shirt,Henley,L,yellow,62,7,12
2401,Isahella Enrique,Polygender,59,West Phoenix,New South Wales,2021-07-03,2021-07-15,1364,104,3,312,Shirt,Dress,S,green,60,7,12
2402,Bank Sargeaunt,Male,57,Mollyland,New South Wales,2021-03-04,2021-03-12,2249,91,3,273,Jacket,Pullover,S,red,46,3,8
2403,Bank Sargeaunt,Male,57,Mollyland,New South Wales,2021-03-04,2021-03-12,2250,115,3,345,Trousers,Cropped,XL,violet,64,3,8
2404,Bank Sargeaunt,Male,57,Mollyland,New South Wales,2021-03-04,2021-03-12,2251,98,3,294,Jacket,Leather,L,green,71,3,8
2405,Bank Sargeaunt,Male,57,Mollyland,New South Wales,2021-03-04,2021-03-12,2252,109,1,109,Jacket,Peacoat,S,orange,73,3,8
2406,Bank Sargeaunt,Male,57,Mollyland,New South Wales,2021-03-04,2021-03-12,2253,113,3,339,Trousers,Chinos,L,yellow,65,3,8
2407,Bank Sargeaunt,Male,57,Mollyland,New South Wales,2021-08-20,2021-08-22,2697,118,3,354,Jacket,Puffer,M,violet,43,8,2
2408,Bank Sargeaunt,Male,57,Mollyland,New South Wales,2021-08-20,2021-08-22,2698,119,1,119,Shirt,Casual Slim Fit,XS,red,49,8,2
2409,Bank Sargeaunt,Male,57,Mollyland,New South Wales,2021-08-20,2021-08-22,2699,102,2,204,Trousers,Cargo Pants,S,orange,60,8,2
2410,Bank Sargeaunt,Male,57,Mollyland,New South Wales,2021-08-20,2021-08-22,2700,113,1,113,Trousers,Chinos,M,green,49,8,2
2411,Bank Sargeaunt,Male,57,Mollyland,New South Wales,2021-07-27,2021-07-30,4331,90,3,270,Trousers,Relaxed Leg,XS,red,52,7,3
2412,Jolee Stailey,Bigender,62,Josephmouth,Queensland,2021-04-11,2021-04-22,533,95,3,285,Shirt,Polo,XL,red,76,4,11
2413,Jolee Stailey,Bigender,62,Josephmouth,Queensland,2021-04-11,2021-04-22,534,105,1,105,Trousers,Pleated,S,orange,72,4,11
2414,Jolee Stailey,Bigender,62,Josephmouth,Queensland,2021-04-11,2021-04-22,535,98,1,98,Jacket,Leather,XL,yellow,67,4,11
2415,Jolee Stailey,Bigender,62,Josephmouth,Queensland,2021-04-11,2021-04-22,536,106,1,106,Trousers,Wool,XL,red,58,4,11
2416,Jolee Stailey,Bigender,62,Josephmouth,Queensland,2021-07-20,2021-08-13,3010,94,3,282,Trousers,Cords,XL,indigo,70,7,24
2417,Jolee Stailey,Bigender,62,Josephmouth,Queensland,2021-07-20,2021-08-13,3011,91,1,91,Shirt,Linen,XL,indigo,66,7,24
2418,Jolee Stailey,Bigender,62,Josephmouth,Queensland,2021-07-20,2021-08-13,3012,91,2,182,Shirt,Linen,L,blue,70,7,24
2419,Jolee Stailey,Bigender,62,Josephmouth,Queensland,2021-07-20,2021-08-13,3013,97,1,97,Trousers,Slim-Fit,XS,yellow,59,7,24
2420,Jolee Stailey,Bigender,62,Josephmouth,Queensland,2021-07-20,2021-08-13,3014,92,2,184,Shirt,Denim,M,blue,58,7,24
2421,Jolee Stailey,Bigender,62,Josephmouth,Queensland,2021-07-20,2021-08-13,3015,98,2,196,Shirt,Camp Collared,XS,blue,47,7,24
2422,Andrew Renn,Bigender,63,Port Natalie,Victoria,2021-10-06,2021-10-29,238,102,3,306,Jacket,Windbreaker,S,red,54,10,23
2423,Andrew Renn,Bigender,63,Port Natalie,Victoria,2021-10-06,2021-10-29,239,115,3,345,Trousers,Cropped,S,green,71,10,23
2424,Andrew Renn,Bigender,63,Port Natalie,Victoria,2021-10-06,2021-10-29,240,102,1,102,Trousers,Cargo Pants,S,blue,63,10,23
2425,Andrew Renn,Bigender,63,Port Natalie,Victoria,2021-10-06,2021-10-29,241,96,2,192,Shirt,Oxford Cloth,XL,yellow,50,10,23
2426,Andrew Renn,Bigender,63,Port Natalie,Victoria,2021-08-09,2021-08-12,2009,109,3,327,Shirt,Mandarin Collar,M,red,60,8,3
2427,Andrew Renn,Bigender,63,Port Natalie,Victoria,2021-08-09,2021-08-12,2010,104,3,312,Shirt,Dress,S,violet,69,8,3
2428,Andrew Renn,Bigender,63,Port Natalie,Victoria,2021-08-09,2021-08-12,2011,96,2,192,Trousers,Drawstring,M,blue,41,8,3
2429,Andrew Renn,Bigender,63,Port Natalie,Victoria,2021-01-09,2021-01-16,4954,97,1,97,Trousers,Slim-Fit,S,indigo,41,1,7
2430,Andrew Renn,Bigender,63,Port Natalie,Victoria,2021-01-09,2021-01-16,4955,106,3,318,Shirt,Chambray,M,red,48,1,7
2431,Andrew Renn,Bigender,63,Port Natalie,Victoria,2021-01-09,2021-01-16,4956,113,1,113,Trousers,Chinos,S,violet,64,1,7
2432,Andrew Renn,Bigender,63,Port Natalie,Victoria,2021-01-09,2021-01-16,4957,96,1,96,Shirt,Oxford Cloth,L,green,52,1,7
2433,Andrew Renn,Bigender,63,Port Natalie,Victoria,2021-01-09,2021-01-16,4958,97,2,194,Trousers,Slim-Fit,XS,indigo,74,1,7
2434,Andrew Renn,Bigender,63,Port Natalie,Victoria,2021-01-09,2021-01-16,4959,106,1,106,Shirt,Chambray,XS,orange,76,1,7
2435,Andrew Renn,Bigender,63,Port Natalie,Victoria,2021-01-09,2021-01-16,4960,105,3,315,Trousers,Pleated,XS,green,58,1,7
2436,John Panchen,Bigender,32,Evansburgh,South Australia,2021-02-04,2021-02-16,4939,98,2,196,Jacket,Leather,M,orange,80,2,12
2437,John Panchen,Bigender,32,Evansburgh,South Australia,2021-02-04,2021-02-16,4940,96,1,96,Shirt,Oxford Cloth,M,blue,57,2,12
2438,John Panchen,Bigender,32,Evansburgh,South Australia,2021-02-04,2021-02-16,4941,91,2,182,Jacket,Pullover,L,indigo,50,2,12
2439,John Panchen,Bigender,32,Evansburgh,South Australia,2021-02-04,2021-02-16,4942,106,2,212,Shirt,Chambray,S,indigo,59,2,12
2440,John Panchen,Bigender,32,Evansburgh,South Australia,2021-02-04,2021-02-16,4943,93,3,279,Jacket,Coach,XL,orange,46,2,12
2441,John Panchen,Bigender,32,Evansburgh,South Australia,2021-02-04,2021-02-16,4944,119,2,238,Jacket,Trench Coat,M,violet,61,2,12
2442,Claudio Archibould,Bigender,31,North Aidentown,Northern Territory,2021-02-22,2021-03-17,837,99,1,99,Trousers,High-Waisted,XL,green,78,2,23
2443,Claudio Archibould,Bigender,31,North Aidentown,Northern Territory,2021-02-22,2021-03-17,838,93,3,279,Jacket,Coach,XL,red,46,2,23
2444,Claudio Archibould,Bigender,31,North Aidentown,Northern Territory,2021-02-22,2021-03-17,839,91,1,91,Jacket,Pullover,XS,indigo,78,2,23
2445,Claudio Archibould,Bigender,31,North Aidentown,Northern Territory,2021-08-31,2021-09-18,1116,102,1,102,Trousers,Cargo Pants,S,indigo,48,8,18
2446,Claudio Archibould,Bigender,31,North Aidentown,Northern Territory,2021-08-31,2021-09-18,1117,104,1,104,Shirt,Dress,S,green,60,8,18
2447,Claudio Archibould,Bigender,31,North Aidentown,Northern Territory,2021-08-31,2021-09-18,1118,93,1,93,Jacket,Coach,M,indigo,64,8,18
2448,Henrietta Briatt,Agender,24,New Hannah,Australian Capital Territory,2021-08-28,2021-09-15,1438,98,1,98,Jacket,Leather,XL,yellow,67,8,18
2449,Henrietta Briatt,Agender,24,New Hannah,Australian Capital Territory,2021-08-28,2021-09-15,1439,100,3,300,Jacket,Bomber,S,orange,49,8,18
2450,Henrietta Briatt,Agender,24,New Hannah,Australian Capital Territory,2021-08-28,2021-09-15,1440,112,2,224,Trousers,Tracksuit Bottoms,S,green,72,8,18
2451,Henrietta Briatt,Agender,24,New Hannah,Australian Capital Territory,2021-08-28,2021-09-15,1441,98,1,98,Shirt,Camp Collared,S,orange,62,8,18
2452,Henrietta Briatt,Agender,24,New Hannah,Australian Capital Territory,2021-08-28,2021-09-15,1442,96,1,96,Shirt,Oxford Cloth,XS,indigo,61,8,18
2453,Henrietta Briatt,Agender,24,New Hannah,Australian Capital Territory,2021-08-28,2021-09-15,1443,105,1,105,Trousers,Pleated,XL,indigo,45,8,18
2454,Carlen Kelway,Non-binary,78,Port Haydenchester,Western Australia,2021-03-03,2021-03-14,698,107,1,107,Jacket,Denim,L,red,63,3,11
2455,Carlen Kelway,Non-binary,78,Port Haydenchester,Western Australia,2021-03-03,2021-03-14,699,98,3,294,Jacket,Leather,XL,blue,67,3,11
2456,Carlen Kelway,Non-binary,78,Port Haydenchester,Western Australia,2021-03-03,2021-03-14,700,96,1,96,Trousers,Drawstring,S,blue,48,3,11
2457,Carlen Kelway,Non-binary,78,Port Haydenchester,Western Australia,2021-03-03,2021-03-14,701,94,2,188,Shirt,Henley,XS,violet,50,3,11
2458,Carlen Kelway,Non-binary,78,Port Haydenchester,Western Australia,2021-03-03,2021-03-14,702,118,3,354,Shirt,Flannel,L,blue,44,3,11
2459,Archibaldo Taffurelli,Genderqueer,73,Kiehnchester,Tasmania,2021-03-28,2021-04-20,2894,106,2,212,Shirt,Chambray,M,yellow,62,3,23
2460,Archibaldo Taffurelli,Genderqueer,73,Kiehnchester,Tasmania,2021-03-28,2021-04-20,2895,106,2,212,Trousers,Wool,XL,orange,56,3,23
2461,Archibaldo Taffurelli,Genderqueer,73,Kiehnchester,Tasmania,2021-03-28,2021-04-20,2896,118,1,118,Jacket,Puffer,M,blue,60,3,23
2462,Archibaldo Taffurelli,Genderqueer,73,Kiehnchester,Tasmania,2021-03-28,2021-04-20,2897,93,1,93,Trousers,Joggers,XL,yellow,69,3,23
2463,Archibaldo Taffurelli,Genderqueer,73,Kiehnchester,Tasmania,2021-03-28,2021-04-20,2898,104,1,104,Shirt,Dress,M,red,57,3,23
2464,Archibaldo Taffurelli,Genderqueer,73,Kiehnchester,Tasmania,2021-03-28,2021-04-20,2899,107,1,107,Jacket,Denim,XL,yellow,56,3,23
2465,Archibaldo Taffurelli,Genderqueer,73,Kiehnchester,Tasmania,2021-10-05,2021-10-23,4030,119,2,238,Jacket,Trench Coat,S,green,53,10,18
2466,Neilla Halladey,Male,34,East Aidan,Australian Capital Territory,2021-07-31,2021-08-26,3566,102,2,204,Jacket,Windbreaker,S,yellow,66,7,26
2467,Neilla Halladey,Male,34,East Aidan,Australian Capital Territory,2021-07-31,2021-08-26,3567,115,3,345,Trousers,Cropped,XS,red,75,7,26
2468,Neilla Halladey,Male,34,East Aidan,Australian Capital Territory,2021-07-31,2021-08-26,3568,113,2,226,Jacket,Parka,XL,red,64,7,26
2469,Neilla Halladey,Male,34,East Aidan,Australian Capital Territory,2021-07-31,2021-08-26,3569,102,3,306,Trousers,Cargo Pants,XL,red,45,7,26
2470,Neilla Halladey,Male,34,East Aidan,Australian Capital Territory,2021-07-31,2021-08-26,3570,94,1,94,Trousers,Cords,S,green,78,7,26
2471,Neilla Halladey,Male,34,East Aidan,Australian Capital Territory,2021-07-31,2021-08-26,3571,113,2,226,Jacket,Parka,XS,violet,59,7,26
2472,Neilla Halladey,Male,34,East Aidan,Australian Capital Territory,2021-06-04,2021-06-19,4647,112,1,112,Trousers,Tracksuit Bottoms,S,green,72,6,15
2473,Neilla Halladey,Male,34,East Aidan,Australian Capital Territory,2021-06-04,2021-06-19,4648,90,2,180,Trousers,Relaxed Leg,XS,yellow,44,6,15
2474,Marilyn Rontree,Genderqueer,56,Emilymouth,Northern Territory,2021-05-22,2021-06-17,296,90,2,180,Trousers,Relaxed Leg,L,blue,61,5,26
2475,Marilyn Rontree,Genderqueer,56,Emilymouth,Northern Territory,2021-05-22,2021-06-17,297,91,2,182,Jacket,Pullover,L,indigo,50,5,26
2476,Marilyn Rontree,Genderqueer,56,Emilymouth,Northern Territory,2021-05-22,2021-06-17,298,107,2,214,Jacket,Denim,L,violet,50,5,26
2477,Marilyn Rontree,Genderqueer,56,Emilymouth,Northern Territory,2021-04-19,2021-04-24,2781,113,3,339,Trousers,Chinos,XS,yellow,41,4,5
2478,Marilyn Rontree,Genderqueer,56,Emilymouth,Northern Territory,2021-04-19,2021-04-24,2782,106,3,318,Trousers,Wool,L,blue,79,4,5
2479,Marilyn Rontree,Genderqueer,56,Emilymouth,Northern Territory,2021-04-19,2021-04-24,2783,93,1,93,Trousers,Joggers,XS,blue,67,4,5
2480,Marilyn Rontree,Genderqueer,56,Emilymouth,Northern Territory,2021-04-19,2021-04-24,2784,94,3,282,Shirt,Henley,XS,red,62,4,5
2481,Marilyn Rontree,Genderqueer,56,Emilymouth,Northern Territory,2021-04-19,2021-04-24,2785,104,3,312,Shirt,Dress,S,violet,69,4,5
2482,Marilyn Rontree,Genderqueer,56,Emilymouth,Northern Territory,2021-04-19,2021-04-24,2786,105,2,210,Trousers,Pleated,S,blue,60,4,5
2483,Eddie Elcott,Agender,37,South Hugoberg,Australian Capital Territory,2021-05-21,2021-05-26,2560,115,2,230,Trousers,Cropped,L,orange,79,5,5
2484,Eddie Elcott,Agender,37,South Hugoberg,Australian Capital Territory,2021-05-21,2021-05-26,2561,115,2,230,Trousers,Cropped,M,orange,56,5,5
2485,Eddie Elcott,Agender,37,South Hugoberg,Australian Capital Territory,2021-05-21,2021-05-26,2562,119,1,119,Shirt,Casual Slim Fit,XL,yellow,78,5,5
2486,Eddie Elcott,Agender,37,South Hugoberg,Australian Capital Territory,2021-05-21,2021-05-26,2563,102,3,306,Trousers,Cargo Pants,S,red,63,5,5
2487,Brooks Sayers,Polygender,74,Jaydenside,Victoria,2021-06-12,2021-06-21,2103,105,3,315,Shirt,Cuban Collar,S,indigo,41,6,9
2488,Brooks Sayers,Polygender,74,Jaydenside,Victoria,2021-06-12,2021-06-21,2104,99,2,198,Trousers,High-Waisted,M,indigo,61,6,9
2489,Brooks Sayers,Polygender,74,Jaydenside,Victoria,2021-06-12,2021-06-21,2105,98,3,294,Shirt,Camp Collared,XS,violet,72,6,9
2490,Brooks Sayers,Polygender,74,Jaydenside,Victoria,2021-06-12,2021-06-21,2106,104,2,208,Shirt,Dress,L,red,79,6,9
2491,Brooks Sayers,Polygender,74,Jaydenside,Victoria,2021-06-12,2021-06-21,2107,91,2,182,Jacket,Pullover,L,red,69,6,9
2492,Brooks Sayers,Polygender,74,Jaydenside,Victoria,2021-06-12,2021-06-21,2108,98,2,196,Jacket,Leather,XL,green,58,6,9
2493,Jan Isenor,Non-binary,65,West Annaport,Northern Territory,2021-09-06,2021-09-10,1961,98,1,98,Jacket,Leather,M,violet,40,9,4
2494,Jan Isenor,Non-binary,65,West Annaport,Northern Territory,2021-09-06,2021-09-10,1962,100,3,300,Jacket,Bomber,M,orange,69,9,4
2495,Jan Isenor,Non-binary,65,West Annaport,Northern Territory,2021-09-06,2021-09-10,1963,98,1,98,Shirt,Camp Collared,XL,red,79,9,4
2496,Jan Isenor,Non-binary,65,West Annaport,Northern Territory,2021-09-06,2021-09-10,1964,96,3,288,Trousers,Drawstring,L,blue,50,9,4
2497,Jan Isenor,Non-binary,65,West Annaport,Northern Territory,2021-09-06,2021-09-10,1965,98,3,294,Jacket,Leather,M,yellow,77,9,4
2498,Jan Isenor,Non-binary,65,West Annaport,Northern Territory,2021-09-06,2021-09-10,1966,106,3,318,Trousers,Wool,XL,blue,41,9,4
2499,Jan Isenor,Non-binary,65,West Annaport,Northern Territory,2021-09-06,2021-09-10,1967,106,3,318,Shirt,Chambray,S,green,63,9,4
2500,Kinny Roget,Non-binary,67,Alexandramouth,New South Wales,2021-04-25,2021-05-20,537,94,1,94,Shirt,Henley,XS,blue,61,4,25
2501,Kinny Roget,Non-binary,67,Alexandramouth,New South Wales,2021-04-25,2021-05-20,538,112,2,224,Jacket,Cardigan,S,indigo,61,4,25
2502,Kinny Roget,Non-binary,67,Alexandramouth,New South Wales,2021-01-30,2021-02-13,1340,105,2,210,Trousers,Pleated,L,red,70,1,14
2503,Kinny Roget,Non-binary,67,Alexandramouth,New South Wales,2021-01-30,2021-02-13,1341,98,2,196,Jacket,Leather,XL,orange,64,1,14
2504,Kinny Roget,Non-binary,67,Alexandramouth,New South Wales,2021-01-30,2021-02-13,1342,118,3,354,Shirt,Flannel,M,blue,73,1,14
2505,Kinny Roget,Non-binary,67,Alexandramouth,New South Wales,2021-01-30,2021-02-13,1343,95,1,95,Shirt,Polo,L,red,72,1,14
2506,Kinny Roget,Non-binary,67,Alexandramouth,New South Wales,2021-01-30,2021-02-13,1344,93,1,93,Jacket,Coach,M,orange,72,1,14
2507,Kinny Roget,Non-binary,67,Alexandramouth,New South Wales,2021-01-30,2021-02-13,1345,106,1,106,Shirt,Chambray,M,blue,66,1,14
2508,Corri Womack,Non-binary,39,Port Ali,Tasmania,2021-08-30,2021-09-10,87,118,1,118,Shirt,Flannel,S,red,59,8,11
2509,Corri Womack,Non-binary,39,Port Ali,Tasmania,2021-08-30,2021-09-10,88,109,2,218,Shirt,Mandarin Collar,M,violet,76,8,11
2510,Corri Womack,Non-binary,39,Port Ali,Tasmania,2021-08-30,2021-09-10,89,109,2,218,Shirt,Mandarin Collar,S,red,48,8,11
2511,Corri Womack,Non-binary,39,Port Ali,Tasmania,2021-08-30,2021-09-10,90,117,3,351,Jacket,Shearling,XL,red,42,8,11
2512,Corri Womack,Non-binary,39,Port Ali,Tasmania,2021-08-30,2021-09-10,91,113,3,339,Jacket,Parka,M,green,71,8,11
2513,Joannes Pandie,Female,52,Huelhaven,Australian Capital Territory,2021-05-09,2021-05-17,1024,112,2,224,Trousers,Tracksuit Bottoms,L,indigo,50,5,8
2514,Joannes Pandie,Female,52,Huelhaven,Australian Capital Territory,2021-05-09,2021-05-17,1025,107,2,214,Jacket,Denim,XS,yellow,52,5,8
2515,Joannes Pandie,Female,52,Huelhaven,Australian Capital Territory,2021-05-09,2021-05-17,1026,91,3,273,Shirt,Linen,M,yellow,59,5,8
2516,Joannes Pandie,Female,52,Huelhaven,Australian Capital Territory,2021-05-09,2021-05-17,1027,102,1,102,Jacket,Windbreaker,XL,indigo,60,5,8
2517,Joannes Pandie,Female,52,Huelhaven,Australian Capital Territory,2021-05-09,2021-05-17,1028,100,3,300,Jacket,Bomber,L,yellow,54,5,8
2518,Joannes Pandie,Female,52,Huelhaven,Australian Capital Territory,2021-02-21,2021-03-11,2978,97,1,97,Trousers,Slim-Fit,XS,yellow,59,2,18
2519,Joannes Pandie,Female,52,Huelhaven,Australian Capital Territory,2021-02-21,2021-03-11,2979,106,1,106,Trousers,Wool,S,green,43,2,18
2520,Joannes Pandie,Female,52,Huelhaven,Australian Capital Territory,2021-02-21,2021-03-11,2980,94,1,94,Shirt,Henley,XS,violet,50,2,18
2521,Joannes Pandie,Female,52,Huelhaven,Australian Capital Territory,2021-02-21,2021-03-11,2981,113,1,113,Jacket,Parka,XS,red,65,2,18
2522,Joannes Pandie,Female,52,Huelhaven,Australian Capital Territory,2021-02-21,2021-03-11,2982,102,1,102,Trousers,Cargo Pants,XS,red,72,2,18
2523,Joannes Pandie,Female,52,Huelhaven,Australian Capital Territory,2021-02-21,2021-03-11,2983,96,3,288,Trousers,Drawstring,S,red,64,2,18
2524,Joannes Pandie,Female,52,Huelhaven,Australian Capital Territory,2021-02-21,2021-03-11,2984,118,3,354,Jacket,Puffer,M,yellow,44,2,18
2525,Joannes Pandie,Female,52,Huelhaven,Australian Capital Territory,2021-09-17,2021-10-10,4251,113,2,226,Jacket,Parka,L,red,73,9,23
2526,Joannes Pandie,Female,52,Huelhaven,Australian Capital Territory,2021-09-30,2021-10-23,4737,93,3,279,Trousers,Joggers,XL,orange,44,9,23
2527,Joannes Pandie,Female,52,Huelhaven,Australian Capital Territory,2021-09-30,2021-10-23,4738,93,3,279,Jacket,Coach,M,green,63,9,23
2528,Joannes Pandie,Female,52,Huelhaven,Australian Capital Territory,2021-09-30,2021-10-23,4739,93,1,93,Jacket,Coach,S,red,76,9,23
2529,Joannes Pandie,Female,52,Huelhaven,Australian Capital Territory,2021-09-30,2021-10-23,4740,91,1,91,Shirt,Linen,S,yellow,60,9,23
2530,Joannes Pandie,Female,52,Huelhaven,Australian Capital Territory,2021-09-30,2021-10-23,4741,91,1,91,Shirt,Linen,XL,yellow,54,9,23
2531,Malcolm Paal,Polygender,69,South Tylermouth,Northern Territory,2021-04-25,2021-05-18,2608,93,3,279,Trousers,Joggers,L,green,43,4,23
2532,Malcolm Paal,Polygender,69,South Tylermouth,Northern Territory,2021-04-25,2021-05-18,2609,94,1,94,Shirt,Henley,XL,red,59,4,23
2533,Malcolm Paal,Polygender,69,South Tylermouth,Northern Territory,2021-04-25,2021-05-18,2610,119,3,357,Jacket,Trench Coat,M,indigo,42,4,23
2534,Malcolm Paal,Polygender,69,South Tylermouth,Northern Territory,2021-04-25,2021-05-18,2611,119,2,238,Jacket,Trench Coat,M,indigo,42,4,23
2535,Malcolm Paal,Polygender,69,South Tylermouth,Northern Territory,2021-04-25,2021-05-18,2612,106,3,318,Shirt,Chambray,S,yellow,40,4,23
2536,Malcolm Paal,Polygender,69,South Tylermouth,Northern Territory,2021-04-25,2021-05-18,2613,113,3,339,Trousers,Chinos,XL,blue,48,4,23
2537,Margalo Cousen,Agender,31,Bauchton,Northern Territory,2021-03-26,2021-04-03,1208,104,3,312,Shirt,Dress,S,orange,69,3,8
2538,Margalo Cousen,Agender,31,Bauchton,Northern Territory,2021-03-26,2021-04-03,1209,98,2,196,Jacket,Leather,XS,green,57,3,8
2539,Margalo Cousen,Agender,31,Bauchton,Northern Territory,2021-03-26,2021-04-03,1210,94,1,94,Trousers,Cords,XS,orange,70,3,8
2540,Margalo Cousen,Agender,31,Bauchton,Northern Territory,2021-03-26,2021-04-03,1211,106,3,318,Shirt,Chambray,XL,orange,57,3,8
2541,Margalo Cousen,Agender,31,Bauchton,Northern Territory,2021-03-26,2021-04-03,1212,112,1,112,Jacket,Cardigan,XS,orange,46,3,8
2542,Ailina Kynan,Genderqueer,71,Handborough,South Australia,2021-04-29,2021-05-16,1382,93,1,93,Trousers,Joggers,M,orange,52,4,17
2543,Ailina Kynan,Genderqueer,71,Handborough,South Australia,2021-04-29,2021-05-16,1383,90,2,180,Trousers,Relaxed Leg,S,red,70,4,17
2544,Ailina Kynan,Genderqueer,71,Handborough,South Australia,2021-07-16,2021-07-19,3216,118,3,354,Shirt,Flannel,XS,green,55,7,3
2545,Ailina Kynan,Genderqueer,71,Handborough,South Australia,2021-07-16,2021-07-19,3217,117,3,351,Jacket,Shearling,XS,violet,75,7,3
2546,Ailina Kynan,Genderqueer,71,Handborough,South Australia,2021-07-16,2021-07-19,3218,95,3,285,Shirt,Polo,M,yellow,52,7,3
2547,Grissel Harteley,Bigender,22,North Jasperville,Northern Territory,2021-09-08,2021-09-20,2661,109,1,109,Shirt,Mandarin Collar,L,indigo,53,9,12
2548,Grissel Harteley,Bigender,22,North Jasperville,Northern Territory,2021-09-08,2021-09-20,2662,106,2,212,Trousers,Wool,XS,red,44,9,12
2549,Grissel Harteley,Bigender,22,North Jasperville,Northern Territory,2021-09-08,2021-09-20,2663,112,1,112,Trousers,Tracksuit Bottoms,XS,violet,67,9,12
2550,Grissel Harteley,Bigender,22,North Jasperville,Northern Territory,2021-09-08,2021-09-20,2664,104,2,208,Shirt,Dress,XS,indigo,56,9,12
2551,Beverlie Bansal,Agender,80,Port Sebastianland,Queensland,2021-09-05,2021-09-12,4133,119,1,119,Jacket,Trench Coat,XS,green,62,9,7
2552,Beverlie Bansal,Agender,80,Port Sebastianland,Queensland,2021-09-05,2021-09-12,4134,93,2,186,Jacket,Coach,M,violet,74,9,7
2553,Beverlie Bansal,Agender,80,Port Sebastianland,Queensland,2021-09-05,2021-09-12,4135,113,2,226,Trousers,Chinos,M,green,49,9,7
2554,Beverlie Bansal,Agender,80,Port Sebastianland,Queensland,2021-09-05,2021-09-12,4136,98,1,98,Shirt,Camp Collared,S,orange,62,9,7
2555,Beverlie Bansal,Agender,80,Port Sebastianland,Queensland,2021-09-05,2021-09-12,4137,97,1,97,Trousers,Slim-Fit,M,orange,44,9,7
2556,Ellyn Collacombe,Male,73,Adamsside,Tasmania,2021-08-10,2021-08-20,1048,98,1,98,Shirt,Camp Collared,M,violet,41,8,10
2557,Ellyn Collacombe,Male,73,Adamsside,Tasmania,2021-08-10,2021-08-20,1049,112,2,224,Jacket,Cardigan,L,blue,68,8,10
2558,Ellyn Collacombe,Male,73,Adamsside,Tasmania,2021-08-10,2021-08-20,1050,91,3,273,Jacket,Pullover,XS,yellow,65,8,10
2559,Ellyn Collacombe,Male,73,Adamsside,Tasmania,2021-08-10,2021-08-20,1051,91,2,182,Jacket,Pullover,L,blue,66,8,10
2560,Ellyn Collacombe,Male,73,Adamsside,Tasmania,2021-08-16,2021-09-06,1686,96,2,192,Trousers,Drawstring,L,red,73,8,21
2561,Ellyn Collacombe,Male,73,Adamsside,Tasmania,2021-08-16,2021-09-06,1687,118,3,354,Jacket,Puffer,S,yellow,48,8,21
2562,Ellyn Collacombe,Male,73,Adamsside,Tasmania,2021-08-29,2021-08-30,3633,106,1,106,Shirt,Chambray,XL,blue,43,8,1
2563,Ellyn Collacombe,Male,73,Adamsside,Tasmania,2021-08-29,2021-08-30,3634,96,3,288,Shirt,Oxford Cloth,XL,orange,43,8,1
2564,Ellyn Collacombe,Male,73,Adamsside,Tasmania,2021-08-29,2021-08-30,3635,115,1,115,Trousers,Cropped,XL,blue,51,8,1
2565,Ellyn Collacombe,Male,73,Adamsside,Tasmania,2021-08-29,2021-08-30,3636,104,3,312,Shirt,Dress,L,red,79,8,1
2566,Ellyn Collacombe,Male,73,Adamsside,Tasmania,2021-08-29,2021-08-30,3637,112,1,112,Jacket,Cardigan,L,red,41,8,1
2567,Ellyn Collacombe,Male,73,Adamsside,Tasmania,2021-08-29,2021-08-30,3638,102,1,102,Trousers,Cargo Pants,XS,violet,40,8,1
2568,Cad Dominichetti,Non-binary,63,Lake Madelineton,Western Australia,2021-04-22,2021-05-02,242,117,3,351,Jacket,Shearling,XS,blue,62,4,10
2569,Cad Dominichetti,Non-binary,63,Lake Madelineton,Western Australia,2021-04-22,2021-05-02,243,104,1,104,Shirt,Dress,S,blue,46,4,10
2570,Cad Dominichetti,Non-binary,63,Lake Madelineton,Western Australia,2021-04-22,2021-05-02,244,118,1,118,Shirt,Flannel,M,blue,73,4,10
2571,Cad Dominichetti,Non-binary,63,Lake Madelineton,Western Australia,2021-08-26,2021-09-13,665,117,3,351,Jacket,Shearling,XS,red,74,8,18
2572,Cad Dominichetti,Non-binary,63,Lake Madelineton,Western Australia,2021-08-26,2021-09-13,666,97,1,97,Trousers,Slim-Fit,XS,orange,69,8,18
2573,Cad Dominichetti,Non-binary,63,Lake Madelineton,Western Australia,2021-08-26,2021-09-13,667,119,3,357,Jacket,Trench Coat,L,violet,76,8,18
2574,Leroi Weal,Polygender,63,Lake Rose,Western Australia,2021-10-13,2021-11-02,1158,99,3,297,Trousers,High-Waisted,M,blue,52,10,20
2575,Leroi Weal,Polygender,63,Lake Rose,Western Australia,2021-10-13,2021-11-02,1159,107,3,321,Jacket,Denim,XS,indigo,75,10,20
2576,Leroi Weal,Polygender,63,Lake Rose,Western Australia,2021-03-16,2021-04-10,1298,115,1,115,Trousers,Cropped,M,violet,47,3,25
2577,Leroi Weal,Polygender,63,Lake Rose,Western Australia,2021-03-16,2021-04-10,1299,105,1,105,Trousers,Pleated,XL,violet,65,3,25
2578,Leroi Weal,Polygender,63,Lake Rose,Western Australia,2021-08-13,2021-08-15,3030,100,3,300,Jacket,Bomber,M,yellow,71,8,2
2579,Leroi Weal,Polygender,63,Lake Rose,Western Australia,2021-08-13,2021-08-15,3031,95,3,285,Shirt,Polo,XS,blue,56,8,2
2580,Fanchette Polak,Female,54,Andersonburgh,Tasmania,2021-09-08,2021-09-28,3109,105,2,210,Shirt,Cuban Collar,S,violet,43,9,20
2581,Fanchette Polak,Female,54,Andersonburgh,Tasmania,2021-09-08,2021-09-28,3110,100,3,300,Jacket,Bomber,XL,green,79,9,20
2582,Fanchette Polak,Female,54,Andersonburgh,Tasmania,2021-09-08,2021-09-28,3111,102,2,204,Jacket,Windbreaker,XL,red,48,9,20
2583,Fanchette Polak,Female,54,Andersonburgh,Tasmania,2021-09-08,2021-09-28,3112,113,1,113,Jacket,Parka,XS,yellow,63,9,20
2584,Fanchette Polak,Female,54,Andersonburgh,Tasmania,2021-09-08,2021-09-28,3113,112,1,112,Jacket,Cardigan,S,violet,49,9,20
2585,Fanchette Polak,Female,54,Andersonburgh,Tasmania,2021-09-08,2021-09-28,3114,118,3,354,Shirt,Flannel,XL,orange,50,9,20
2586,Fanchette Polak,Female,54,Andersonburgh,Tasmania,2021-09-08,2021-09-28,3115,105,1,105,Trousers,Pleated,XL,green,55,9,20
2587,Fanchette Polak,Female,54,Andersonburgh,Tasmania,2021-09-08,2021-09-28,3116,94,3,282,Shirt,Henley,XL,violet,77,9,20
2588,Kerry Luto,Polygender,56,Conroychester,South Australia,2021-06-21,2021-06-25,1475,90,2,180,Trousers,Relaxed Leg,XS,blue,54,6,4
2589,Kerry Luto,Polygender,56,Conroychester,South Australia,2021-06-21,2021-06-25,1476,117,3,351,Jacket,Shearling,XL,orange,60,6,4
2590,Kerry Luto,Polygender,56,Conroychester,South Australia,2021-06-21,2021-06-25,1477,91,3,273,Shirt,Linen,S,red,67,6,4
2591,Kerry Luto,Polygender,56,Conroychester,South Australia,2021-06-21,2021-06-25,1478,95,3,285,Shirt,Polo,S,blue,76,6,4
2592,Kerry Luto,Polygender,56,Conroychester,South Australia,2021-06-21,2021-06-25,1479,97,2,194,Trousers,Slim-Fit,M,red,67,6,4
2593,Kerry Luto,Polygender,56,Conroychester,South Australia,2021-06-21,2021-06-25,1480,115,2,230,Trousers,Cropped,XL,orange,61,6,4
2594,Kerry Luto,Polygender,56,Conroychester,South Australia,2021-10-08,2021-10-12,3768,97,2,194,Trousers,Slim-Fit,XL,green,67,10,4
2595,Kerry Luto,Polygender,56,Conroychester,South Australia,2021-10-08,2021-10-12,3769,98,3,294,Shirt,Camp Collared,S,blue,75,10,4
2596,Kerry Luto,Polygender,56,Conroychester,South Australia,2021-10-08,2021-10-12,3770,113,1,113,Trousers,Chinos,M,green,49,10,4
2597,Kerry Luto,Polygender,56,Conroychester,South Australia,2021-10-08,2021-10-12,3771,118,1,118,Shirt,Flannel,M,violet,71,10,4
2598,Kerry Luto,Polygender,56,Conroychester,South Australia,2021-10-08,2021-10-12,3772,118,3,354,Shirt,Flannel,XS,green,55,10,4
2599,Beverly Burbridge,Non-binary,45,Krisland,Western Australia,2021-06-25,2021-07-01,367,100,1,100,Jacket,Bomber,L,indigo,51,6,6
2600,Beverly Burbridge,Non-binary,45,Krisland,Western Australia,2021-06-25,2021-07-01,368,118,1,118,Shirt,Flannel,L,green,72,6,6
2601,Beverly Burbridge,Non-binary,45,Krisland,Western Australia,2021-06-25,2021-07-01,369,95,2,190,Shirt,Polo,XS,green,45,6,6
2602,Beverly Burbridge,Non-binary,45,Krisland,Western Australia,2021-04-10,2021-05-03,1488,91,3,273,Shirt,Linen,XS,green,49,4,23
2603,Beverly Burbridge,Non-binary,45,Krisland,Western Australia,2021-04-10,2021-05-03,1489,112,3,336,Jacket,Cardigan,XS,yellow,46,4,23
2604,Beverly Burbridge,Non-binary,45,Krisland,Western Australia,2021-04-10,2021-05-03,1490,118,3,354,Shirt,Flannel,XL,violet,43,4,23
2605,Beverly Burbridge,Non-binary,45,Krisland,Western Australia,2021-04-10,2021-05-03,1491,113,3,339,Trousers,Chinos,XS,yellow,41,4,23
2606,Beverly Burbridge,Non-binary,45,Krisland,Western Australia,2021-04-10,2021-05-03,1492,118,2,236,Shirt,Flannel,L,indigo,62,4,23
2607,Beverly Burbridge,Non-binary,45,Krisland,Western Australia,2021-03-09,2021-04-04,2002,100,2,200,Jacket,Bomber,M,green,61,3,26
2608,Sonny Tremollet,Male,78,Port Blake,Queensland,2021-09-06,2021-09-08,642,117,2,234,Jacket,Shearling,S,yellow,48,9,2
2609,Sonny Tremollet,Male,78,Port Blake,Queensland,2021-09-06,2021-09-08,643,91,3,273,Shirt,Linen,XL,violet,73,9,2
2610,Sonny Tremollet,Male,78,Port Blake,Queensland,2021-09-06,2021-09-08,644,100,3,300,Jacket,Bomber,M,blue,44,9,2
2611,Sonny Tremollet,Male,78,Port Blake,Queensland,2021-04-08,2021-04-13,658,119,3,357,Jacket,Trench Coat,S,red,54,4,5
2612,Sonny Tremollet,Male,78,Port Blake,Queensland,2021-04-08,2021-04-13,659,97,1,97,Trousers,Slim-Fit,XS,yellow,59,4,5
2613,Sonny Tremollet,Male,78,Port Blake,Queensland,2021-04-08,2021-04-13,660,100,1,100,Jacket,Bomber,XS,green,48,4,5
2614,Sonny Tremollet,Male,78,Port Blake,Queensland,2021-04-08,2021-04-13,661,98,2,196,Jacket,Leather,L,orange,78,4,5
2615,Sonny Tremollet,Male,78,Port Blake,Queensland,2021-04-08,2021-04-13,662,113,3,339,Jacket,Parka,M,blue,54,4,5
2616,Sonny Tremollet,Male,78,Port Blake,Queensland,2021-04-08,2021-04-13,663,112,1,112,Jacket,Cardigan,L,violet,66,4,5
2617,Sonny Tremollet,Male,78,Port Blake,Queensland,2021-04-08,2021-04-13,664,102,3,306,Trousers,Cargo Pants,XS,yellow,68,4,5
2618,Sonny Tremollet,Male,78,Port Blake,Queensland,2021-05-12,2021-05-23,1632,109,3,327,Jacket,Peacoat,M,indigo,52,5,11
2619,Sonny Tremollet,Male,78,Port Blake,Queensland,2021-05-12,2021-05-23,1633,91,3,273,Jacket,Pullover,M,orange,60,5,11
2620,Sonny Tremollet,Male,78,Port Blake,Queensland,2021-05-12,2021-05-23,1634,105,2,210,Shirt,Cuban Collar,M,red,53,5,11
2621,Sonny Tremollet,Male,78,Port Blake,Queensland,2021-05-12,2021-05-23,1635,102,2,204,Trousers,Cargo Pants,L,indigo,46,5,11
2622,Sonny Tremollet,Male,78,Port Blake,Queensland,2021-05-12,2021-05-23,1636,118,2,236,Shirt,Flannel,M,violet,71,5,11
2623,Sonny Tremollet,Male,78,Port Blake,Queensland,2021-05-12,2021-05-23,1637,112,1,112,Jacket,Cardigan,XL,red,54,5,11
2624,Sonny Tremollet,Male,78,Port Blake,Queensland,2021-05-12,2021-05-23,1638,99,1,99,Trousers,High-Waisted,L,violet,68,5,11
2625,Jakob Munks,Non-binary,59,Durgantown,Queensland,2021-04-29,2021-05-06,549,98,2,196,Jacket,Leather,S,indigo,40,4,7
2626,Jakob Munks,Non-binary,59,Durgantown,Queensland,2021-04-29,2021-05-06,550,96,1,96,Trousers,Drawstring,S,red,64,4,7
2627,Jakob Munks,Non-binary,59,Durgantown,Queensland,2021-04-29,2021-05-06,551,104,1,104,Shirt,Dress,S,violet,69,4,7
2628,Jakob Munks,Non-binary,59,Durgantown,Queensland,2021-04-29,2021-05-06,552,104,1,104,Shirt,Dress,L,indigo,71,4,7
2629,Nicky Giuron,Agender,57,West Elliestad,Northern Territory,2021-10-03,2021-10-17,3165,118,1,118,Jacket,Puffer,XS,orange,47,10,14
2630,Nicky Giuron,Agender,57,West Elliestad,Northern Territory,2021-10-03,2021-10-17,3166,113,3,339,Trousers,Chinos,M,orange,73,10,14
2631,Nicky Giuron,Agender,57,West Elliestad,Northern Territory,2021-10-03,2021-10-17,3167,96,3,288,Trousers,Drawstring,XL,yellow,48,10,14
2632,Nicky Giuron,Agender,57,West Elliestad,Northern Territory,2021-10-03,2021-10-17,3168,118,3,354,Jacket,Puffer,L,red,44,10,14
2633,Nicky Giuron,Agender,57,West Elliestad,Northern Territory,2021-10-03,2021-10-17,3169,98,3,294,Shirt,Camp Collared,XS,red,77,10,14
2634,Nicky Giuron,Agender,57,West Elliestad,Northern Territory,2021-10-03,2021-10-17,3170,106,2,212,Trousers,Wool,XS,indigo,43,10,14
2635,Barclay Beswick,Male,50,Gleasonburgh,Northern Territory,2021-04-21,2021-04-23,559,96,2,192,Trousers,Drawstring,XS,yellow,41,4,2
2636,Barclay Beswick,Male,50,Gleasonburgh,Northern Territory,2021-04-21,2021-04-23,560,104,1,104,Shirt,Dress,L,blue,61,4,2
2637,Barclay Beswick,Male,50,Gleasonburgh,Northern Territory,2021-04-21,2021-04-23,561,100,2,200,Jacket,Bomber,L,orange,71,4,2
2638,Barclay Beswick,Male,50,Gleasonburgh,Northern Territory,2021-04-21,2021-04-23,562,105,1,105,Trousers,Pleated,XS,yellow,75,4,2
2639,Barclay Beswick,Male,50,Gleasonburgh,Northern Territory,2021-04-21,2021-04-23,563,104,2,208,Shirt,Dress,XS,indigo,56,4,2
2640,Barclay Beswick,Male,50,Gleasonburgh,Northern Territory,2021-04-21,2021-04-23,564,95,2,190,Shirt,Polo,S,blue,76,4,2
2641,Barclay Beswick,Male,50,Gleasonburgh,Northern Territory,2021-04-21,2021-04-23,565,105,3,315,Trousers,Pleated,M,violet,45,4,2
2642,Barclay Beswick,Male,50,Gleasonburgh,Northern Territory,2021-04-21,2021-04-23,566,102,1,102,Trousers,Cargo Pants,S,orange,60,4,2
2643,Barclay Beswick,Male,50,Gleasonburgh,Northern Territory,2021-02-13,2021-03-08,1502,112,1,112,Jacket,Cardigan,L,red,41,2,23
2644,Barclay Beswick,Male,50,Gleasonburgh,Northern Territory,2021-02-13,2021-03-08,1503,113,3,339,Jacket,Parka,L,yellow,72,2,23
2645,Barclay Beswick,Male,50,Gleasonburgh,Northern Territory,2021-02-13,2021-03-08,1504,96,3,288,Trousers,Drawstring,XL,violet,80,2,23
2646,Barclay Beswick,Male,50,Gleasonburgh,Northern Territory,2021-08-30,2021-09-04,3009,99,2,198,Trousers,High-Waisted,XS,green,42,8,5
2647,Barclay Beswick,Male,50,Gleasonburgh,Northern Territory,2021-05-18,2021-06-07,4771,113,3,339,Jacket,Parka,XS,violet,59,5,20
2648,Barclay Beswick,Male,50,Gleasonburgh,Northern Territory,2021-05-18,2021-06-07,4772,113,2,226,Jacket,Parka,M,orange,51,5,20
2649,Barclay Beswick,Male,50,Gleasonburgh,Northern Territory,2021-05-18,2021-06-07,4773,94,2,188,Shirt,Henley,M,indigo,70,5,20
2650,Barclay Beswick,Male,50,Gleasonburgh,Northern Territory,2021-05-18,2021-06-07,4774,112,2,224,Trousers,Tracksuit Bottoms,XS,indigo,63,5,20
2651,Barclay Beswick,Male,50,Gleasonburgh,Northern Territory,2021-05-18,2021-06-07,4775,98,3,294,Jacket,Leather,L,blue,62,5,20
2652,Marna Lammerts,Male,22,Sophiafurt,New South Wales,2021-09-24,2021-10-08,4358,93,1,93,Jacket,Coach,M,orange,72,9,14
2653,Marna Lammerts,Male,22,Sophiafurt,New South Wales,2021-09-24,2021-10-08,4359,102,2,204,Jacket,Windbreaker,XS,orange,70,9,14
2654,Marna Lammerts,Male,22,Sophiafurt,New South Wales,2021-09-24,2021-10-08,4360,93,1,93,Trousers,Joggers,S,orange,43,9,14
2655,Theodor Skipton,Bigender,68,Declanton,South Australia,2021-01-07,2021-01-08,1353,102,1,102,Jacket,Windbreaker,M,yellow,52,1,1
2656,Theodor Skipton,Bigender,68,Declanton,South Australia,2021-01-07,2021-01-08,1354,99,3,297,Trousers,High-Waisted,XL,red,80,1,1
2657,Theodor Skipton,Bigender,68,Declanton,South Australia,2021-01-07,2021-01-08,1355,118,1,118,Jacket,Puffer,XL,red,41,1,1
2658,Theodor Skipton,Bigender,68,Declanton,South Australia,2021-03-13,2021-03-18,2109,119,1,119,Shirt,Casual Slim Fit,M,blue,61,3,5
2659,Theodor Skipton,Bigender,68,Declanton,South Australia,2021-03-13,2021-03-18,2110,109,1,109,Jacket,Peacoat,XL,blue,77,3,5
2660,Theodor Skipton,Bigender,68,Declanton,South Australia,2021-03-13,2021-03-18,2111,93,2,186,Trousers,Joggers,L,indigo,42,3,5
2661,Theodor Skipton,Bigender,68,Declanton,South Australia,2021-03-13,2021-03-18,2112,98,1,98,Shirt,Camp Collared,M,orange,65,3,5
2662,Theodor Skipton,Bigender,68,Declanton,South Australia,2021-03-13,2021-03-18,2113,117,1,117,Jacket,Shearling,L,indigo,66,3,5
2663,Theodor Skipton,Bigender,68,Declanton,South Australia,2021-03-13,2021-03-18,2114,107,3,321,Jacket,Denim,XS,red,60,3,5
2664,Theodor Skipton,Bigender,68,Declanton,South Australia,2021-03-13,2021-03-18,2115,90,2,180,Trousers,Relaxed Leg,XS,indigo,60,3,5
2665,Theodor Skipton,Bigender,68,Declanton,South Australia,2021-03-13,2021-03-18,2116,107,1,107,Jacket,Denim,XL,violet,63,3,5
2666,Niels Loadsman,Genderfluid,30,Kaiview,New South Wales,2021-10-09,2021-10-30,2184,99,3,297,Trousers,High-Waisted,L,red,52,10,21
2667,Niels Loadsman,Genderfluid,30,Kaiview,New South Wales,2021-10-09,2021-10-30,2185,92,2,184,Shirt,Denim,XS,red,52,10,21
2668,Niels Loadsman,Genderfluid,30,Kaiview,New South Wales,2021-10-09,2021-10-30,2186,109,2,218,Jacket,Peacoat,M,indigo,52,10,21
2669,Niels Loadsman,Genderfluid,30,Kaiview,New South Wales,2021-10-09,2021-10-30,2187,102,1,102,Trousers,Cargo Pants,XS,yellow,68,10,21
2670,Niels Loadsman,Genderfluid,30,Kaiview,New South Wales,2021-10-09,2021-10-30,2188,94,1,94,Trousers,Cords,M,orange,53,10,21
2671,Niels Loadsman,Genderfluid,30,Kaiview,New South Wales,2021-10-09,2021-10-30,2189,92,3,276,Shirt,Denim,XS,green,66,10,21
2672,Niels Loadsman,Genderfluid,30,Kaiview,New South Wales,2021-01-12,2021-01-15,4523,96,1,96,Shirt,Oxford Cloth,S,blue,51,1,3
2673,Niels Loadsman,Genderfluid,30,Kaiview,New South Wales,2021-01-12,2021-01-15,4524,113,2,226,Jacket,Parka,L,green,55,1,3
2674,Niels Loadsman,Genderfluid,30,Kaiview,New South Wales,2021-01-12,2021-01-15,4525,92,1,92,Shirt,Denim,L,yellow,75,1,3
2675,Niels Loadsman,Genderfluid,30,Kaiview,New South Wales,2021-01-12,2021-01-15,4526,94,2,188,Trousers,Cords,M,green,76,1,3
2676,Niels Loadsman,Genderfluid,30,Kaiview,New South Wales,2021-01-12,2021-01-15,4527,94,1,94,Shirt,Henley,XS,green,61,1,3
2677,Niels Loadsman,Genderfluid,30,Kaiview,New South Wales,2021-01-12,2021-01-15,4528,100,3,300,Jacket,Bomber,L,orange,71,1,3
2678,Lisetta Griffin,Non-binary,56,New Benjaminborough,Tasmania,2021-04-06,2021-04-29,495,95,3,285,Shirt,Polo,L,red,72,4,23
2679,Lisetta Griffin,Non-binary,56,New Benjaminborough,Tasmania,2021-04-06,2021-04-29,496,115,2,230,Trousers,Cropped,L,blue,45,4,23
2680,Lisetta Griffin,Non-binary,56,New Benjaminborough,Tasmania,2021-04-06,2021-04-29,497,93,1,93,Trousers,Joggers,M,blue,78,4,23
2681,Lisetta Griffin,Non-binary,56,New Benjaminborough,Tasmania,2021-04-06,2021-04-29,498,100,1,100,Jacket,Bomber,S,indigo,41,4,23
2682,Kalil Thal,Polygender,77,Lake Jacobborough,Victoria,2021-10-10,2021-10-25,1071,94,2,188,Trousers,Cords,L,red,53,10,15
2683,Kalil Thal,Polygender,77,Lake Jacobborough,Victoria,2021-10-10,2021-10-25,1072,106,3,318,Trousers,Wool,XS,blue,58,10,15
2684,Kalil Thal,Polygender,77,Lake Jacobborough,Victoria,2021-10-10,2021-10-25,1073,118,1,118,Shirt,Flannel,M,indigo,69,10,15
2685,Kalil Thal,Polygender,77,Lake Jacobborough,Victoria,2021-10-10,2021-10-25,1074,118,3,354,Jacket,Puffer,M,green,72,10,15
2686,Nessy Kildea,Genderfluid,61,West Kai,South Australia,2021-02-11,2021-03-08,276,109,3,327,Shirt,Mandarin Collar,M,yellow,58,2,25
2687,Nessy Kildea,Genderfluid,61,West Kai,South Australia,2021-02-11,2021-03-08,277,97,2,194,Trousers,Slim-Fit,XS,violet,70,2,25
2688,Nessy Kildea,Genderfluid,61,West Kai,South Australia,2021-02-11,2021-03-08,278,94,2,188,Shirt,Henley,XS,yellow,42,2,25
2689,Nessy Kildea,Genderfluid,61,West Kai,South Australia,2021-02-11,2021-03-08,279,98,1,98,Shirt,Camp Collared,L,violet,42,2,25
2690,Nessy Kildea,Genderfluid,61,West Kai,South Australia,2021-09-02,2021-09-21,1816,106,2,212,Trousers,Wool,XL,violet,40,9,19
2691,Nessy Kildea,Genderfluid,61,West Kai,South Australia,2021-09-02,2021-09-21,1817,97,3,291,Trousers,Slim-Fit,XL,green,67,9,19
2692,Nessy Kildea,Genderfluid,61,West Kai,South Australia,2021-09-02,2021-09-21,1818,102,1,102,Jacket,Windbreaker,M,indigo,56,9,19
2693,Nessy Kildea,Genderfluid,61,West Kai,South Australia,2021-09-02,2021-09-21,1819,113,3,339,Trousers,Chinos,L,blue,46,9,19
2694,Nessy Kildea,Genderfluid,61,West Kai,South Australia,2021-09-02,2021-09-21,1820,99,3,297,Trousers,High-Waisted,S,red,80,9,19
2695,Kyle Lowbridge,Bigender,59,Lake Jesse,Tasmania,2021-03-25,2021-04-10,4375,96,2,192,Shirt,Oxford Cloth,M,violet,65,3,16
2696,Kyle Lowbridge,Bigender,59,Lake Jesse,Tasmania,2021-03-25,2021-04-10,4376,96,2,192,Trousers,Drawstring,XL,orange,68,3,16
2697,Kyle Lowbridge,Bigender,59,Lake Jesse,Tasmania,2021-03-25,2021-04-10,4377,107,1,107,Jacket,Denim,S,red,69,3,16
2698,Kyle Lowbridge,Bigender,59,Lake Jesse,Tasmania,2021-03-25,2021-04-10,4378,99,1,99,Trousers,High-Waisted,XS,green,42,3,16
2699,Kyle Lowbridge,Bigender,59,Lake Jesse,Tasmania,2021-03-25,2021-04-10,4379,117,3,351,Jacket,Shearling,S,blue,72,3,16
2700,Kyle Lowbridge,Bigender,59,Lake Jesse,Tasmania,2021-03-25,2021-04-10,4380,109,1,109,Jacket,Peacoat,XL,orange,69,3,16
2701,Kyle Lowbridge,Bigender,59,Lake Jesse,Tasmania,2021-03-25,2021-04-10,4381,112,1,112,Trousers,Tracksuit Bottoms,L,yellow,41,3,16
2702,Kyle Lowbridge,Bigender,59,Lake Jesse,Tasmania,2021-03-25,2021-04-10,4382,97,3,291,Trousers,Slim-Fit,L,indigo,48,3,16
2703,Kyle Lowbridge,Bigender,59,Lake Jesse,Tasmania,2021-03-25,2021-04-10,4383,118,3,354,Jacket,Puffer,L,violet,49,3,16
2704,Lizette Lindro,Genderqueer,38,Violetfort,South Australia,2021-06-04,2021-06-09,2665,105,2,210,Trousers,Pleated,XL,orange,69,6,5
2705,Lizette Lindro,Genderqueer,38,Violetfort,South Australia,2021-06-04,2021-06-09,2666,109,3,327,Shirt,Mandarin Collar,XL,indigo,77,6,5
2706,Lizette Lindro,Genderqueer,38,Violetfort,South Australia,2021-06-04,2021-06-09,2667,112,1,112,Jacket,Cardigan,L,blue,68,6,5
2707,Lizette Lindro,Genderqueer,38,Violetfort,South Australia,2021-09-29,2021-10-16,3843,115,3,345,Trousers,Cropped,XS,orange,78,9,17
2708,Lizette Lindro,Genderqueer,38,Violetfort,South Australia,2021-09-29,2021-10-16,3844,90,1,90,Trousers,Relaxed Leg,L,orange,78,9,17
2709,Lizette Lindro,Genderqueer,38,Violetfort,South Australia,2021-09-29,2021-10-16,3845,92,1,92,Shirt,Denim,L,blue,45,9,17
2710,Lizette Lindro,Genderqueer,38,Violetfort,South Australia,2021-09-29,2021-10-16,3846,109,3,327,Jacket,Peacoat,L,yellow,63,9,17
2711,Lizette Lindro,Genderqueer,38,Violetfort,South Australia,2021-09-29,2021-10-16,3847,105,3,315,Shirt,Cuban Collar,S,yellow,41,9,17
2712,Lizette Lindro,Genderqueer,38,Violetfort,South Australia,2021-09-29,2021-10-16,3848,93,2,186,Jacket,Coach,XL,blue,46,9,17
2713,Lizette Lindro,Genderqueer,38,Violetfort,South Australia,2021-07-14,2021-08-02,4392,107,2,214,Jacket,Denim,M,green,79,7,19
2714,Lizette Lindro,Genderqueer,38,Violetfort,South Australia,2021-07-14,2021-08-02,4393,106,2,212,Trousers,Wool,S,violet,59,7,19
2715,Lizette Lindro,Genderqueer,38,Violetfort,South Australia,2021-07-14,2021-08-02,4394,102,1,102,Jacket,Windbreaker,XL,green,71,7,19
2716,Lizette Lindro,Genderqueer,38,Violetfort,South Australia,2021-07-14,2021-08-02,4395,90,2,180,Trousers,Relaxed Leg,M,indigo,45,7,19
2717,Joy Mirrlees,Agender,58,West Rubyland,Queensland,2021-07-04,2021-07-08,112,109,3,327,Jacket,Peacoat,S,red,67,7,4
2718,Joy Mirrlees,Agender,58,West Rubyland,Queensland,2021-07-04,2021-07-08,113,100,2,200,Jacket,Bomber,L,violet,68,7,4
2719,Joy Mirrlees,Agender,58,West Rubyland,Queensland,2021-04-17,2021-05-01,622,107,1,107,Jacket,Denim,XS,red,60,4,14
2720,Joy Mirrlees,Agender,58,West Rubyland,Queensland,2021-04-17,2021-05-01,623,98,2,196,Shirt,Camp Collared,M,violet,41,4,14
2721,Joy Mirrlees,Agender,58,West Rubyland,Queensland,2021-04-17,2021-05-01,624,97,1,97,Trousers,Slim-Fit,XL,violet,48,4,14
2722,Joy Mirrlees,Agender,58,West Rubyland,Queensland,2021-04-17,2021-05-01,625,112,2,224,Trousers,Tracksuit Bottoms,M,red,78,4,14
2723,Joy Mirrlees,Agender,58,West Rubyland,Queensland,2021-04-17,2021-05-01,626,93,3,279,Jacket,Coach,L,indigo,74,4,14
2724,Shoshana Redsell,Bigender,34,North Marcusland,Northern Territory,2021-07-07,2021-07-08,69,96,3,288,Shirt,Oxford Cloth,M,orange,77,7,1
2725,Shoshana Redsell,Bigender,34,North Marcusland,Northern Territory,2021-07-07,2021-07-08,70,94,3,282,Shirt,Henley,S,violet,43,7,1
2726,Shoshana Redsell,Bigender,34,North Marcusland,Northern Territory,2021-07-07,2021-07-08,71,96,2,192,Shirt,Oxford Cloth,M,green,60,7,1
2727,Shoshana Redsell,Bigender,34,North Marcusland,Northern Territory,2021-07-07,2021-07-08,72,105,2,210,Shirt,Cuban Collar,M,green,45,7,1
2728,Shoshana Redsell,Bigender,34,North Marcusland,Northern Territory,2021-07-07,2021-07-08,73,96,1,96,Shirt,Oxford Cloth,L,indigo,70,7,1
2729,Shoshana Redsell,Bigender,34,North Marcusland,Northern Territory,2021-07-07,2021-07-08,74,96,1,96,Trousers,Drawstring,XL,blue,60,7,1
2730,Shoshana Redsell,Bigender,34,North Marcusland,Northern Territory,2021-07-07,2021-07-08,75,109,3,327,Shirt,Mandarin Collar,XL,orange,59,7,1
2731,Shoshana Redsell,Bigender,34,North Marcusland,Northern Territory,2021-07-07,2021-07-08,76,100,2,200,Jacket,Bomber,L,green,78,7,1
2732,Shoshana Redsell,Bigender,34,North Marcusland,Northern Territory,2021-07-07,2021-07-08,77,95,1,95,Shirt,Polo,L,indigo,60,7,1
2733,Hoebart Edger,Genderqueer,73,Hamiltonport,Queensland,2021-03-19,2021-04-08,516,109,3,327,Jacket,Peacoat,XS,indigo,45,3,20
2734,Hoebart Edger,Genderqueer,73,Hamiltonport,Queensland,2021-03-19,2021-04-08,517,112,3,336,Trousers,Tracksuit Bottoms,S,yellow,49,3,20
2735,Hoebart Edger,Genderqueer,73,Hamiltonport,Queensland,2021-03-19,2021-04-08,518,91,2,182,Shirt,Linen,L,yellow,72,3,20
2736,Hoebart Edger,Genderqueer,73,Hamiltonport,Queensland,2021-03-19,2021-04-08,519,97,3,291,Trousers,Slim-Fit,XL,violet,48,3,20
2737,Hoebart Edger,Genderqueer,73,Hamiltonport,Queensland,2021-03-19,2021-04-08,520,91,3,273,Shirt,Linen,M,violet,44,3,20
2738,Hoebart Edger,Genderqueer,73,Hamiltonport,Queensland,2021-03-19,2021-04-08,521,100,3,300,Jacket,Bomber,M,red,79,3,20
2739,Hoebart Edger,Genderqueer,73,Hamiltonport,Queensland,2021-03-19,2021-04-08,522,90,2,180,Trousers,Relaxed Leg,XS,green,80,3,20
2740,Hoebart Edger,Genderqueer,73,Hamiltonport,Queensland,2021-03-19,2021-04-08,523,118,2,236,Shirt,Flannel,XS,blue,62,3,20
2741,Hoebart Edger,Genderqueer,73,Hamiltonport,Queensland,2021-03-19,2021-04-08,524,98,1,98,Jacket,Leather,L,orange,78,3,20
2742,Hoebart Edger,Genderqueer,73,Hamiltonport,Queensland,2021-03-19,2021-04-08,525,93,1,93,Jacket,Coach,XS,yellow,52,3,20
2743,Hoebart Edger,Genderqueer,73,Hamiltonport,Queensland,2021-01-17,2021-02-10,4780,119,3,357,Jacket,Trench Coat,M,violet,61,1,24
2744,Hoebart Edger,Genderqueer,73,Hamiltonport,Queensland,2021-01-17,2021-02-10,4781,98,3,294,Shirt,Camp Collared,XS,violet,72,1,24
2745,Hoebart Edger,Genderqueer,73,Hamiltonport,Queensland,2021-01-17,2021-02-10,4782,99,3,297,Trousers,High-Waisted,XL,indigo,57,1,24
2746,Melissa Partkya,Male,23,O'keefeton,Tasmania,2021-03-22,2021-04-11,760,104,2,208,Shirt,Dress,L,yellow,56,3,20
2747,Melissa Partkya,Male,23,O'keefeton,Tasmania,2021-03-22,2021-04-11,761,99,2,198,Trousers,High-Waisted,M,blue,52,3,20
2748,Melissa Partkya,Male,23,O'keefeton,Tasmania,2021-03-22,2021-04-11,762,96,1,96,Trousers,Drawstring,S,indigo,46,3,20
2749,Melissa Partkya,Male,23,O'keefeton,Tasmania,2021-03-22,2021-04-11,763,90,2,180,Trousers,Relaxed Leg,S,indigo,40,3,20
2750,Melissa Partkya,Male,23,O'keefeton,Tasmania,2021-03-22,2021-04-11,764,118,2,236,Jacket,Puffer,L,indigo,61,3,20
2751,Melissa Partkya,Male,23,O'keefeton,Tasmania,2021-03-22,2021-04-11,765,98,3,294,Jacket,Leather,XS,red,67,3,20
2752,Melissa Partkya,Male,23,O'keefeton,Tasmania,2021-03-22,2021-04-11,766,104,3,312,Shirt,Dress,L,indigo,71,3,20
2753,Melissa Partkya,Male,23,O'keefeton,Tasmania,2021-03-22,2021-04-11,767,102,2,204,Jacket,Windbreaker,M,indigo,56,3,20
2754,Melissa Partkya,Male,23,O'keefeton,Tasmania,2021-08-25,2021-09-06,2233,113,1,113,Jacket,Parka,L,blue,61,8,12
2755,Melissa Partkya,Male,23,O'keefeton,Tasmania,2021-08-25,2021-09-06,2234,106,2,212,Shirt,Chambray,XL,blue,43,8,12
2756,Melissa Partkya,Male,23,O'keefeton,Tasmania,2021-08-25,2021-09-06,2235,91,1,91,Jacket,Pullover,L,orange,56,8,12
2757,Melissa Partkya,Male,23,O'keefeton,Tasmania,2021-08-25,2021-09-06,2236,98,2,196,Shirt,Camp Collared,L,orange,63,8,12
2758,Melissa Partkya,Male,23,O'keefeton,Tasmania,2021-07-30,2021-08-01,2775,98,2,196,Shirt,Camp Collared,M,indigo,52,7,2
2759,Melissa Partkya,Male,23,O'keefeton,Tasmania,2021-07-30,2021-08-01,2776,118,2,236,Jacket,Puffer,XL,red,41,7,2
2760,Melissa Partkya,Male,23,O'keefeton,Tasmania,2021-07-30,2021-08-01,2777,112,2,224,Jacket,Cardigan,XS,red,51,7,2
2761,Melissa Partkya,Male,23,O'keefeton,Tasmania,2021-07-30,2021-08-01,2778,98,2,196,Jacket,Leather,XS,orange,63,7,2
2762,Melissa Partkya,Male,23,O'keefeton,Tasmania,2021-07-30,2021-08-01,2779,97,3,291,Trousers,Slim-Fit,L,blue,49,7,2
2763,Melissa Partkya,Male,23,O'keefeton,Tasmania,2021-07-30,2021-08-01,2780,106,2,212,Shirt,Chambray,L,indigo,79,7,2
2764,Melissa Partkya,Male,23,O'keefeton,Tasmania,2021-10-19,2021-11-04,4252,91,1,91,Jacket,Pullover,XS,blue,61,10,16
2765,Melissa Partkya,Male,23,O'keefeton,Tasmania,2021-10-19,2021-11-04,4253,100,2,200,Jacket,Bomber,L,violet,68,10,16
2766,Melissa Partkya,Male,23,O'keefeton,Tasmania,2021-10-19,2021-11-04,4254,102,2,204,Jacket,Windbreaker,XS,yellow,50,10,16
2767,Melissa Partkya,Male,23,O'keefeton,Tasmania,2021-05-20,2021-05-24,4387,119,2,238,Jacket,Trench Coat,L,yellow,77,5,4
2768,Melissa Partkya,Male,23,O'keefeton,Tasmania,2021-05-20,2021-05-24,4388,109,3,327,Jacket,Peacoat,XL,red,58,5,4
2769,Melissa Partkya,Male,23,O'keefeton,Tasmania,2021-05-20,2021-05-24,4389,115,2,230,Trousers,Cropped,M,red,50,5,4
2770,Melissa Partkya,Male,23,O'keefeton,Tasmania,2021-05-20,2021-05-24,4390,112,2,224,Jacket,Cardigan,S,yellow,79,5,4
2771,Melissa Partkya,Male,23,O'keefeton,Tasmania,2021-05-20,2021-05-24,4391,113,2,226,Jacket,Parka,M,violet,75,5,4
2772,Andi Kettleson,Female,39,East Piper,Northern Territory,2021-07-19,2021-08-15,381,92,1,92,Shirt,Denim,S,blue,47,7,27
2773,Andi Kettleson,Female,39,East Piper,Northern Territory,2021-07-19,2021-08-15,382,113,3,339,Trousers,Chinos,M,blue,41,7,27
2774,Andi Kettleson,Female,39,East Piper,Northern Territory,2021-07-19,2021-08-15,383,119,1,119,Shirt,Casual Slim Fit,M,blue,61,7,27
2775,Andi Kettleson,Female,39,East Piper,Northern Territory,2021-07-19,2021-08-15,384,118,2,236,Shirt,Flannel,S,green,57,7,27
2776,Andi Kettleson,Female,39,East Piper,Northern Territory,2021-07-19,2021-08-15,385,91,2,182,Jacket,Pullover,XS,red,54,7,27
2777,Andi Kettleson,Female,39,East Piper,Northern Territory,2021-07-19,2021-08-15,386,96,2,192,Trousers,Drawstring,XS,orange,41,7,27
2778,Andi Kettleson,Female,39,East Piper,Northern Territory,2021-07-19,2021-08-15,387,105,2,210,Trousers,Pleated,S,violet,50,7,27
2779,Gallard Mangan,Bigender,64,Chloeville,Tasmania,2021-09-30,2021-10-10,995,94,1,94,Trousers,Cords,XL,red,80,9,10
2780,Gallard Mangan,Bigender,64,Chloeville,Tasmania,2021-09-30,2021-10-10,996,109,2,218,Shirt,Mandarin Collar,XS,yellow,45,9,10
2781,Gallard Mangan,Bigender,64,Chloeville,Tasmania,2021-09-30,2021-10-10,997,93,1,93,Jacket,Coach,XL,green,48,9,10
2782,Gallard Mangan,Bigender,64,Chloeville,Tasmania,2021-09-30,2021-10-10,998,118,2,236,Jacket,Puffer,XL,indigo,60,9,10
2783,Gallard Mangan,Bigender,64,Chloeville,Tasmania,2021-07-24,2021-08-07,2421,90,3,270,Trousers,Relaxed Leg,L,indigo,48,7,14
2784,Gallard Mangan,Bigender,64,Chloeville,Tasmania,2021-07-24,2021-08-07,2422,94,3,282,Shirt,Henley,XL,indigo,52,7,14
2785,Gallard Mangan,Bigender,64,Chloeville,Tasmania,2021-07-24,2021-08-07,2423,105,2,210,Trousers,Pleated,XS,green,58,7,14
2786,Gallard Mangan,Bigender,64,Chloeville,Tasmania,2021-07-24,2021-08-07,2424,117,1,117,Jacket,Shearling,M,violet,74,7,14
2787,Gallard Mangan,Bigender,64,Chloeville,Tasmania,2021-07-24,2021-08-07,2425,90,1,90,Trousers,Relaxed Leg,L,orange,78,7,14
2788,Gallard Mangan,Bigender,64,Chloeville,Tasmania,2021-07-24,2021-08-07,2426,93,2,186,Jacket,Coach,XS,red,71,7,14
2789,Gallard Mangan,Bigender,64,Chloeville,Tasmania,2021-07-24,2021-08-07,2427,96,3,288,Shirt,Oxford Cloth,S,violet,41,7,14
2790,Henryetta Sheffield,Genderqueer,35,New Masonstad,New South Wales,2021-07-13,2021-08-03,202,102,2,204,Trousers,Cargo Pants,S,indigo,48,7,21
2791,Henryetta Sheffield,Genderqueer,35,New Masonstad,New South Wales,2021-07-13,2021-08-03,203,100,1,100,Jacket,Bomber,S,indigo,41,7,21
2792,Henryetta Sheffield,Genderqueer,35,New Masonstad,New South Wales,2021-07-13,2021-08-03,204,92,3,276,Shirt,Denim,XL,indigo,58,7,21
2793,Henryetta Sheffield,Genderqueer,35,New Masonstad,New South Wales,2021-04-09,2021-05-04,4314,106,1,106,Trousers,Wool,XS,green,73,4,25
2794,Henryetta Sheffield,Genderqueer,35,New Masonstad,New South Wales,2021-04-09,2021-05-04,4315,93,3,279,Jacket,Coach,XS,yellow,52,4,25
2795,Henryetta Sheffield,Genderqueer,35,New Masonstad,New South Wales,2021-04-09,2021-05-04,4316,104,3,312,Shirt,Dress,M,green,65,4,25
2796,Henryetta Sheffield,Genderqueer,35,New Masonstad,New South Wales,2021-04-09,2021-05-04,4317,93,1,93,Jacket,Coach,XL,violet,60,4,25
2797,Kristofor Roos,Agender,22,Jordanside,Australian Capital Territory,2021-05-30,2021-06-21,210,118,1,118,Jacket,Puffer,S,blue,76,5,22
2798,Kristofor Roos,Agender,22,Jordanside,Australian Capital Territory,2021-05-30,2021-06-21,211,119,3,357,Jacket,Trench Coat,XS,orange,69,5,22
2799,Kristofor Roos,Agender,22,Jordanside,Australian Capital Territory,2021-05-30,2021-06-21,212,90,2,180,Trousers,Relaxed Leg,M,blue,72,5,22
2800,Kristofor Roos,Agender,22,Jordanside,Australian Capital Territory,2021-05-30,2021-06-21,213,109,3,327,Shirt,Mandarin Collar,XS,violet,52,5,22
2801,Kristofor Roos,Agender,22,Jordanside,Australian Capital Territory,2021-05-30,2021-06-21,214,112,2,224,Trousers,Tracksuit Bottoms,L,indigo,50,5,22
2802,Kristofor Roos,Agender,22,Jordanside,Australian Capital Territory,2021-05-30,2021-06-21,215,112,1,112,Trousers,Tracksuit Bottoms,L,violet,45,5,22
2803,Kristofor Roos,Agender,22,Jordanside,Australian Capital Territory,2021-04-10,2021-04-22,916,97,3,291,Trousers,Slim-Fit,S,green,70,4,12
2804,Kristofor Roos,Agender,22,Jordanside,Australian Capital Territory,2021-04-10,2021-04-22,917,112,3,336,Trousers,Tracksuit Bottoms,S,blue,48,4,12
2805,Kristofor Roos,Agender,22,Jordanside,Australian Capital Territory,2021-04-10,2021-04-22,918,115,1,115,Trousers,Cropped,XL,blue,51,4,12
2806,Kristofor Roos,Agender,22,Jordanside,Australian Capital Territory,2021-08-07,2021-09-03,1230,99,2,198,Trousers,High-Waisted,S,violet,45,8,27
2807,Kristofor Roos,Agender,22,Jordanside,Australian Capital Territory,2021-08-07,2021-09-03,1231,117,1,117,Jacket,Shearling,S,yellow,48,8,27
2808,Kristofor Roos,Agender,22,Jordanside,Australian Capital Territory,2021-08-07,2021-09-03,1232,98,2,196,Shirt,Camp Collared,XS,red,77,8,27
2809,Kristofor Roos,Agender,22,Jordanside,Australian Capital Territory,2021-08-07,2021-09-03,1233,93,2,186,Jacket,Coach,XL,violet,60,8,27
2810,Kristofor Roos,Agender,22,Jordanside,Australian Capital Territory,2021-07-04,2021-07-17,1865,106,1,106,Shirt,Chambray,M,orange,43,7,13
2811,Kristofor Roos,Agender,22,Jordanside,Australian Capital Territory,2021-07-04,2021-07-17,1866,90,3,270,Trousers,Relaxed Leg,XL,blue,40,7,13
2812,Kristofor Roos,Agender,22,Jordanside,Australian Capital Territory,2021-07-04,2021-07-17,1867,95,3,285,Shirt,Polo,L,blue,77,7,13
2813,Kristofor Roos,Agender,22,Jordanside,Australian Capital Territory,2021-07-04,2021-07-17,1868,97,1,97,Trousers,Slim-Fit,S,blue,49,7,13
2814,Kristofor Roos,Agender,22,Jordanside,Australian Capital Territory,2021-07-04,2021-07-17,1869,98,1,98,Shirt,Camp Collared,S,violet,80,7,13
2815,Kristofor Roos,Agender,22,Jordanside,Australian Capital Territory,2021-07-04,2021-07-17,1870,97,1,97,Trousers,Slim-Fit,L,indigo,48,7,13
2816,Kristofor Roos,Agender,22,Jordanside,Australian Capital Territory,2021-07-04,2021-07-17,1871,100,2,200,Jacket,Bomber,M,indigo,52,7,13
2817,Kristofor Roos,Agender,22,Jordanside,Australian Capital Territory,2021-07-04,2021-07-17,1872,92,2,184,Shirt,Denim,XS,orange,45,7,13
2818,Kristofor Roos,Agender,22,Jordanside,Australian Capital Territory,2021-08-19,2021-09-09,2327,92,1,92,Shirt,Denim,XL,orange,67,8,21
2819,Kristofor Roos,Agender,22,Jordanside,Australian Capital Territory,2021-08-19,2021-09-09,2328,119,3,357,Jacket,Trench Coat,L,indigo,71,8,21
2820,Kristofor Roos,Agender,22,Jordanside,Australian Capital Territory,2021-08-19,2021-09-09,2329,118,1,118,Shirt,Flannel,XL,green,77,8,21
2821,Kristofor Roos,Agender,22,Jordanside,Australian Capital Territory,2021-08-19,2021-09-09,2330,93,1,93,Trousers,Joggers,XL,green,56,8,21
2822,Kristofor Roos,Agender,22,Jordanside,Australian Capital Territory,2021-08-19,2021-09-09,2331,106,1,106,Shirt,Chambray,XL,green,58,8,21
2823,Kristofor Roos,Agender,22,Jordanside,Australian Capital Territory,2021-08-19,2021-09-09,2332,106,1,106,Trousers,Wool,L,orange,56,8,21
2824,Kristofor Roos,Agender,22,Jordanside,Australian Capital Territory,2021-08-19,2021-09-09,2333,119,2,238,Jacket,Trench Coat,XL,blue,69,8,21
2825,Kristofor Roos,Agender,22,Jordanside,Australian Capital Territory,2021-08-19,2021-09-09,2334,98,1,98,Shirt,Camp Collared,XL,orange,48,8,21
2826,Kristofor Roos,Agender,22,Jordanside,Australian Capital Territory,2021-08-19,2021-09-09,2335,102,2,204,Trousers,Cargo Pants,XL,violet,77,8,21
2827,Kristofor Roos,Agender,22,Jordanside,Australian Capital Territory,2021-01-15,2021-01-24,2465,99,1,99,Trousers,High-Waisted,XL,yellow,78,1,9
2828,Kristofor Roos,Agender,22,Jordanside,Australian Capital Territory,2021-01-15,2021-01-24,2466,92,2,184,Shirt,Denim,M,orange,50,1,9
2829,Kristofor Roos,Agender,22,Jordanside,Australian Capital Territory,2021-01-15,2021-01-24,2467,118,2,236,Shirt,Flannel,XS,violet,72,1,9
2830,Kristofor Roos,Agender,22,Jordanside,Australian Capital Territory,2021-01-15,2021-01-24,2468,105,2,210,Shirt,Cuban Collar,XL,red,65,1,9
2831,Kristofor Roos,Agender,22,Jordanside,Australian Capital Territory,2021-01-15,2021-01-24,2469,106,2,212,Trousers,Wool,M,violet,51,1,9
2832,Kristofor Roos,Agender,22,Jordanside,Australian Capital Territory,2021-01-15,2021-01-24,2470,97,1,97,Trousers,Slim-Fit,XS,blue,55,1,9
2833,Kristofor Roos,Agender,22,Jordanside,Australian Capital Territory,2021-01-15,2021-01-24,2471,96,1,96,Trousers,Drawstring,L,violet,62,1,9
2834,Raquela Swinnard,Agender,27,Sanfordton,South Australia,2021-05-02,2021-05-17,4098,105,3,315,Trousers,Pleated,XL,yellow,52,5,15
2835,Raquela Swinnard,Agender,27,Sanfordton,South Australia,2021-05-02,2021-05-17,4099,96,2,192,Trousers,Drawstring,M,green,52,5,15
2836,Raquela Swinnard,Agender,27,Sanfordton,South Australia,2021-05-02,2021-05-17,4100,93,1,93,Trousers,Joggers,XL,orange,44,5,15
2837,Raquela Swinnard,Agender,27,Sanfordton,South Australia,2021-05-02,2021-05-17,4101,107,2,214,Jacket,Denim,L,indigo,67,5,15
2838,Raquela Swinnard,Agender,27,Sanfordton,South Australia,2021-05-02,2021-05-17,4102,94,1,94,Trousers,Cords,L,indigo,62,5,15
2839,Raquela Swinnard,Agender,27,Sanfordton,South Australia,2021-05-02,2021-05-17,4103,90,3,270,Trousers,Relaxed Leg,XS,yellow,44,5,15
2840,Raquela Swinnard,Agender,27,Sanfordton,South Australia,2021-05-02,2021-05-17,4104,98,2,196,Jacket,Leather,S,violet,65,5,15
2841,Raquela Swinnard,Agender,27,Sanfordton,South Australia,2021-05-02,2021-05-17,4105,119,2,238,Jacket,Trench Coat,M,red,57,5,15
2842,Atlante Dissman,Male,37,Abbeyshire,South Australia,2021-03-09,2021-03-28,478,93,2,186,Jacket,Coach,XL,orange,46,3,19
2843,Atlante Dissman,Male,37,Abbeyshire,South Australia,2021-03-09,2021-03-28,479,93,3,279,Trousers,Joggers,XL,green,56,3,19
2844,Atlante Dissman,Male,37,Abbeyshire,South Australia,2021-03-09,2021-03-28,480,115,3,345,Trousers,Cropped,XS,blue,47,3,19
2845,Atlante Dissman,Male,37,Abbeyshire,South Australia,2021-01-14,2021-01-24,694,106,1,106,Shirt,Chambray,L,red,44,1,10
2846,Atlante Dissman,Male,37,Abbeyshire,South Australia,2021-01-14,2021-01-24,695,91,3,273,Jacket,Pullover,XL,orange,69,1,10
2847,Atlante Dissman,Male,37,Abbeyshire,South Australia,2021-01-14,2021-01-24,696,105,3,315,Trousers,Pleated,XL,blue,55,1,10
2848,Atlante Dissman,Male,37,Abbeyshire,South Australia,2021-01-14,2021-01-24,697,106,3,318,Shirt,Chambray,XS,yellow,57,1,10
2849,Atlante Dissman,Male,37,Abbeyshire,South Australia,2021-06-07,2021-06-27,3856,90,3,270,Trousers,Relaxed Leg,L,red,63,6,20
2850,Atlante Dissman,Male,37,Abbeyshire,South Australia,2021-06-07,2021-06-27,3857,105,3,315,Shirt,Cuban Collar,L,indigo,65,6,20
2851,Atlante Dissman,Male,37,Abbeyshire,South Australia,2021-06-07,2021-06-27,3858,112,2,224,Jacket,Cardigan,S,yellow,79,6,20
2852,Ranna Paolillo,Polygender,53,Zacharybury,Northern Territory,2021-09-26,2021-10-04,848,119,1,119,Jacket,Trench Coat,XL,red,40,9,8
2853,Ranna Paolillo,Polygender,53,Zacharybury,Northern Territory,2021-09-26,2021-10-04,849,93,1,93,Jacket,Coach,M,yellow,48,9,8
2854,Ranna Paolillo,Polygender,53,Zacharybury,Northern Territory,2021-09-26,2021-10-04,850,92,1,92,Shirt,Denim,XL,green,52,9,8
2855,Ranna Paolillo,Polygender,53,Zacharybury,Northern Territory,2021-09-26,2021-10-04,851,96,3,288,Shirt,Oxford Cloth,XL,blue,60,9,8
2856,Ranna Paolillo,Polygender,53,Zacharybury,Northern Territory,2021-09-26,2021-10-04,852,115,3,345,Trousers,Cropped,XS,yellow,41,9,8
2857,Ranna Paolillo,Polygender,53,Zacharybury,Northern Territory,2021-09-26,2021-10-04,853,90,1,90,Trousers,Relaxed Leg,L,yellow,65,9,8
2858,Ranna Paolillo,Polygender,53,Zacharybury,Northern Territory,2021-06-17,2021-06-27,2445,107,1,107,Jacket,Denim,M,green,79,6,10
2859,Ranna Paolillo,Polygender,53,Zacharybury,Northern Territory,2021-06-17,2021-06-27,2446,112,2,224,Trousers,Tracksuit Bottoms,XL,indigo,54,6,10
2860,Ranna Paolillo,Polygender,53,Zacharybury,Northern Territory,2021-06-17,2021-06-27,2447,119,3,357,Shirt,Casual Slim Fit,S,indigo,65,6,10
2861,Ranna Paolillo,Polygender,53,Zacharybury,Northern Territory,2021-06-17,2021-06-27,2448,113,2,226,Trousers,Chinos,L,red,44,6,10
2862,Ranna Paolillo,Polygender,53,Zacharybury,Northern Territory,2021-06-17,2021-06-27,2449,105,3,315,Trousers,Pleated,M,violet,45,6,10
2863,Ranna Paolillo,Polygender,53,Zacharybury,Northern Territory,2021-06-17,2021-06-27,2450,99,1,99,Trousers,High-Waisted,L,green,75,6,10
2864,Ranna Paolillo,Polygender,53,Zacharybury,Northern Territory,2021-03-08,2021-03-29,3409,94,1,94,Shirt,Henley,L,yellow,62,3,21
2865,Ranna Paolillo,Polygender,53,Zacharybury,Northern Territory,2021-03-08,2021-03-29,3410,113,3,339,Jacket,Parka,M,green,71,3,21
2866,Ranna Paolillo,Polygender,53,Zacharybury,Northern Territory,2021-03-08,2021-03-29,3411,102,3,306,Trousers,Cargo Pants,M,green,78,3,21
2867,Ranna Paolillo,Polygender,53,Zacharybury,Northern Territory,2021-03-08,2021-03-29,3412,112,2,224,Trousers,Tracksuit Bottoms,S,yellow,49,3,21
2868,Hillier Seward,Genderfluid,32,Heaneyview,South Australia,2021-09-01,2021-09-10,4300,109,3,327,Jacket,Peacoat,S,green,41,9,9
2869,Hillier Seward,Genderfluid,32,Heaneyview,South Australia,2021-09-01,2021-09-10,4301,106,3,318,Shirt,Chambray,L,red,44,9,9
2870,Hillier Seward,Genderfluid,32,Heaneyview,South Australia,2021-09-01,2021-09-10,4302,94,3,282,Trousers,Cords,M,violet,77,9,9
2871,Hillier Seward,Genderfluid,32,Heaneyview,South Australia,2021-09-01,2021-09-10,4303,107,2,214,Jacket,Denim,S,yellow,43,9,9
2872,Hillier Seward,Genderfluid,32,Heaneyview,South Australia,2021-05-09,2021-05-12,4579,92,3,276,Shirt,Denim,L,green,71,5,3
2873,Hillier Seward,Genderfluid,32,Heaneyview,South Australia,2021-05-09,2021-05-12,4580,115,2,230,Trousers,Cropped,XL,indigo,58,5,3
2874,Hillier Seward,Genderfluid,32,Heaneyview,South Australia,2021-06-21,2021-07-01,4778,99,2,198,Trousers,High-Waisted,XL,indigo,57,6,10
2875,Hillier Seward,Genderfluid,32,Heaneyview,South Australia,2021-06-21,2021-07-01,4779,91,1,91,Shirt,Linen,M,green,42,6,10
2876,Riordan Goreway,Genderfluid,75,East Marcus,New South Wales,2021-01-27,2021-02-01,1160,106,1,106,Trousers,Wool,XL,indigo,51,1,5
2877,Riordan Goreway,Genderfluid,75,East Marcus,New South Wales,2021-01-27,2021-02-01,1161,95,2,190,Shirt,Polo,XL,yellow,46,1,5
2878,Riordan Goreway,Genderfluid,75,East Marcus,New South Wales,2021-01-27,2021-02-01,1162,118,1,118,Jacket,Puffer,L,green,43,1,5
2879,Riordan Goreway,Genderfluid,75,East Marcus,New South Wales,2021-01-27,2021-02-01,1163,92,3,276,Shirt,Denim,XL,green,52,1,5
2880,Riordan Goreway,Genderfluid,75,East Marcus,New South Wales,2021-01-27,2021-02-01,1164,96,1,96,Shirt,Oxford Cloth,XL,orange,43,1,5
2881,Riordan Goreway,Genderfluid,75,East Marcus,New South Wales,2021-01-27,2021-02-01,1165,105,3,315,Shirt,Cuban Collar,L,green,58,1,5
2882,Fabian Gostage,Polygender,40,Hackettland,South Australia,2021-03-13,2021-04-03,1848,118,1,118,Shirt,Flannel,S,green,57,3,21
2883,Fabian Gostage,Polygender,40,Hackettland,South Australia,2021-03-13,2021-04-03,1849,104,3,312,Shirt,Dress,S,red,72,3,21
2884,Fabian Gostage,Polygender,40,Hackettland,South Australia,2021-03-13,2021-04-03,1850,112,2,224,Trousers,Tracksuit Bottoms,M,orange,47,3,21
2885,Fabian Gostage,Polygender,40,Hackettland,South Australia,2021-03-13,2021-04-03,1851,115,2,230,Trousers,Cropped,S,violet,66,3,21
2886,Fabian Gostage,Polygender,40,Hackettland,South Australia,2021-03-13,2021-04-03,1852,106,1,106,Shirt,Chambray,L,red,44,3,21
2887,Fabian Gostage,Polygender,40,Hackettland,South Australia,2021-03-13,2021-04-03,1853,94,1,94,Shirt,Henley,XS,blue,61,3,21
2888,Fabian Gostage,Polygender,40,Hackettland,South Australia,2021-03-13,2021-04-03,1854,117,3,351,Jacket,Shearling,XS,indigo,68,3,21
2889,Fabian Gostage,Polygender,40,Hackettland,South Australia,2021-05-22,2021-05-25,3231,106,3,318,Trousers,Wool,M,green,41,5,3
2890,Fabian Gostage,Polygender,40,Hackettland,South Australia,2021-05-22,2021-05-25,3232,98,3,294,Jacket,Leather,L,yellow,45,5,3
2891,Fabian Gostage,Polygender,40,Hackettland,South Australia,2021-05-22,2021-05-25,3233,93,1,93,Jacket,Coach,XS,yellow,52,5,3
2892,Fabian Gostage,Polygender,40,Hackettland,South Australia,2021-05-22,2021-05-25,3234,93,2,186,Trousers,Joggers,M,blue,78,5,3
2893,Fabian Gostage,Polygender,40,Hackettland,South Australia,2021-05-22,2021-05-25,3235,91,2,182,Shirt,Linen,S,green,58,5,3
2894,Fabian Gostage,Polygender,40,Hackettland,South Australia,2021-05-22,2021-05-25,3236,94,2,188,Shirt,Henley,S,yellow,70,5,3
2895,Fabian Gostage,Polygender,40,Hackettland,South Australia,2021-05-22,2021-05-25,3237,91,1,91,Jacket,Pullover,S,violet,74,5,3
2896,Fabian Gostage,Polygender,40,Hackettland,South Australia,2021-05-22,2021-05-25,3238,118,1,118,Jacket,Puffer,S,red,62,5,3
2897,Fabian Gostage,Polygender,40,Hackettland,South Australia,2021-05-22,2021-05-25,3239,109,2,218,Shirt,Mandarin Collar,S,blue,44,5,3
2898,Fabian Gostage,Polygender,40,Hackettland,South Australia,2021-02-07,2021-02-09,4925,95,2,190,Shirt,Polo,M,violet,77,2,2
2899,Fabian Gostage,Polygender,40,Hackettland,South Australia,2021-02-07,2021-02-09,4926,102,1,102,Trousers,Cargo Pants,XL,orange,61,2,2
2900,Fabian Gostage,Polygender,40,Hackettland,South Australia,2021-02-07,2021-02-09,4927,91,3,273,Jacket,Pullover,XL,yellow,67,2,2
2901,Fabian Gostage,Polygender,40,Hackettland,South Australia,2021-02-07,2021-02-09,4928,117,2,234,Jacket,Shearling,M,violet,74,2,2
2902,Fabian Gostage,Polygender,40,Hackettland,South Australia,2021-02-07,2021-02-09,4929,98,3,294,Jacket,Leather,L,yellow,45,2,2
2903,Prissie Dumelow,Genderqueer,52,Leomouth,Northern Territory,2021-08-23,2021-09-19,2817,106,1,106,Trousers,Wool,S,yellow,69,8,27
2904,Prissie Dumelow,Genderqueer,52,Leomouth,Northern Territory,2021-08-23,2021-09-19,2818,117,3,351,Jacket,Shearling,L,violet,61,8,27
2905,Prissie Dumelow,Genderqueer,52,Leomouth,Northern Territory,2021-08-23,2021-09-19,2819,94,2,188,Trousers,Cords,L,violet,74,8,27
2906,Alicea Momford,Non-binary,23,West Bella,South Australia,2021-06-09,2021-06-14,553,112,1,112,Trousers,Tracksuit Bottoms,S,orange,59,6,5
2907,Alicea Momford,Non-binary,23,West Bella,South Australia,2021-06-09,2021-06-14,554,109,2,218,Shirt,Mandarin Collar,XS,indigo,80,6,5
2908,Alicea Momford,Non-binary,23,West Bella,South Australia,2021-06-09,2021-06-14,555,94,2,188,Trousers,Cords,S,orange,59,6,5
2909,Alicea Momford,Non-binary,23,West Bella,South Australia,2021-06-09,2021-06-14,556,100,1,100,Jacket,Bomber,XS,red,76,6,5
2910,Alicea Momford,Non-binary,23,West Bella,South Australia,2021-06-09,2021-06-14,557,96,2,192,Shirt,Oxford Cloth,S,yellow,78,6,5
2911,Alicea Momford,Non-binary,23,West Bella,South Australia,2021-06-09,2021-06-14,558,119,3,357,Shirt,Casual Slim Fit,XS,yellow,63,6,5
2912,Alicea Momford,Non-binary,23,West Bella,South Australia,2021-01-25,2021-02-07,2669,96,3,288,Trousers,Drawstring,L,green,43,1,13
2913,Alicea Momford,Non-binary,23,West Bella,South Australia,2021-01-25,2021-02-07,2670,119,3,357,Jacket,Trench Coat,M,orange,43,1,13
2914,Alicea Momford,Non-binary,23,West Bella,South Australia,2021-01-25,2021-02-07,2671,104,1,104,Shirt,Dress,L,blue,61,1,13
2915,Alicea Momford,Non-binary,23,West Bella,South Australia,2021-01-25,2021-02-07,2672,97,2,194,Trousers,Slim-Fit,S,red,71,1,13
2916,Alicea Momford,Non-binary,23,West Bella,South Australia,2021-01-25,2021-02-07,2673,105,2,210,Trousers,Pleated,XL,violet,65,1,13
2917,Alicea Momford,Non-binary,23,West Bella,South Australia,2021-01-25,2021-02-07,2674,91,1,91,Shirt,Linen,XL,blue,47,1,13
2918,Wenona Stuck,Agender,34,Hallhaven,New South Wales,2021-07-17,2021-08-08,919,106,1,106,Shirt,Chambray,XL,red,42,7,22
2919,Wenona Stuck,Agender,34,Hallhaven,New South Wales,2021-07-17,2021-08-08,920,113,1,113,Jacket,Parka,L,red,73,7,22
2920,Wenona Stuck,Agender,34,Hallhaven,New South Wales,2021-07-17,2021-08-08,921,98,2,196,Shirt,Camp Collared,XL,red,79,7,22
2921,Wenona Stuck,Agender,34,Hallhaven,New South Wales,2021-07-17,2021-08-08,922,94,2,188,Trousers,Cords,M,red,68,7,22
2922,Wenona Stuck,Agender,34,Hallhaven,New South Wales,2021-04-09,2021-04-11,4471,106,2,212,Trousers,Wool,L,red,74,4,2
2923,Carmita Grundey,Agender,35,East Declanside,Queensland,2021-01-23,2021-02-18,250,93,1,93,Trousers,Joggers,S,yellow,76,1,26
2924,Carmita Grundey,Agender,35,East Declanside,Queensland,2021-01-23,2021-02-18,251,94,3,282,Trousers,Cords,XL,red,80,1,26
2925,Carmita Grundey,Agender,35,East Declanside,Queensland,2021-01-23,2021-02-18,252,118,1,118,Jacket,Puffer,XL,yellow,65,1,26
2926,Carmita Grundey,Agender,35,East Declanside,Queensland,2021-01-23,2021-02-18,253,112,3,336,Jacket,Cardigan,XS,green,40,1,26
2927,Carmita Grundey,Agender,35,East Declanside,Queensland,2021-01-23,2021-02-18,254,97,2,194,Trousers,Slim-Fit,L,blue,49,1,26
2928,Carmita Grundey,Agender,35,East Declanside,Queensland,2021-05-16,2021-06-07,3087,119,1,119,Jacket,Trench Coat,XL,orange,71,5,22
2929,Carmita Grundey,Agender,35,East Declanside,Queensland,2021-05-16,2021-06-07,3088,106,3,318,Shirt,Chambray,S,indigo,59,5,22
2930,Carmita Grundey,Agender,35,East Declanside,Queensland,2021-05-16,2021-06-07,3089,113,3,339,Jacket,Parka,M,yellow,46,5,22
2931,Carmita Grundey,Agender,35,East Declanside,Queensland,2021-05-16,2021-06-07,3090,102,2,204,Jacket,Windbreaker,L,orange,68,5,22
2932,Nicole Cheel,Genderfluid,48,West Danieltown,Victoria,2021-07-01,2021-07-07,151,118,2,236,Jacket,Puffer,S,violet,46,7,6
2933,Nicole Cheel,Genderfluid,48,West Danieltown,Victoria,2021-07-01,2021-07-07,152,99,3,297,Trousers,High-Waisted,L,green,75,7,6
2934,Nicole Cheel,Genderfluid,48,West Danieltown,Victoria,2021-07-01,2021-07-07,153,109,3,327,Shirt,Mandarin Collar,M,orange,78,7,6
2935,Nicole Cheel,Genderfluid,48,West Danieltown,Victoria,2021-07-01,2021-07-07,154,97,3,291,Trousers,Slim-Fit,XS,yellow,59,7,6
2936,Nicole Cheel,Genderfluid,48,West Danieltown,Victoria,2021-07-01,2021-07-07,155,102,2,204,Jacket,Windbreaker,S,blue,41,7,6
2937,Nicole Cheel,Genderfluid,48,West Danieltown,Victoria,2021-06-18,2021-07-06,2967,112,3,336,Trousers,Tracksuit Bottoms,XL,orange,42,6,18
2938,Calhoun Raphael,Polygender,57,Hoppetown,Queensland,2021-10-17,2021-10-31,2046,105,2,210,Trousers,Pleated,XL,yellow,52,10,14
2939,Calhoun Raphael,Polygender,57,Hoppetown,Queensland,2021-10-17,2021-10-31,2047,98,2,196,Jacket,Leather,M,red,54,10,14
2940,Calhoun Raphael,Polygender,57,Hoppetown,Queensland,2021-10-17,2021-10-31,2048,119,3,357,Jacket,Trench Coat,M,orange,43,10,14
2941,Calhoun Raphael,Polygender,57,Hoppetown,Queensland,2021-10-17,2021-10-31,2049,112,2,224,Trousers,Tracksuit Bottoms,XL,orange,42,10,14
2942,Calhoun Raphael,Polygender,57,Hoppetown,Queensland,2021-10-17,2021-10-31,2050,92,2,184,Shirt,Denim,XL,green,52,10,14
2943,Calhoun Raphael,Polygender,57,Hoppetown,Queensland,2021-10-17,2021-10-31,2051,105,3,315,Shirt,Cuban Collar,S,indigo,41,10,14
2944,Calhoun Raphael,Polygender,57,Hoppetown,Queensland,2021-05-12,2021-05-18,3513,113,3,339,Jacket,Parka,M,red,56,5,6
2945,Calhoun Raphael,Polygender,57,Hoppetown,Queensland,2021-05-12,2021-05-18,3514,119,2,238,Jacket,Trench Coat,XL,orange,71,5,6
2946,Calhoun Raphael,Polygender,57,Hoppetown,Queensland,2021-05-12,2021-05-18,3515,96,2,192,Trousers,Drawstring,XL,indigo,41,5,6
2947,Calhoun Raphael,Polygender,57,Hoppetown,Queensland,2021-05-12,2021-05-18,3516,91,3,273,Jacket,Pullover,L,violet,78,5,6
2948,Calhoun Raphael,Polygender,57,Hoppetown,Queensland,2021-05-12,2021-05-18,3517,109,3,327,Jacket,Peacoat,M,orange,47,5,6
2949,Calhoun Raphael,Polygender,57,Hoppetown,Queensland,2021-05-12,2021-05-18,3518,106,2,212,Shirt,Chambray,XL,blue,43,5,6
2950,Calhoun Raphael,Polygender,57,Hoppetown,Queensland,2021-05-12,2021-05-18,3519,95,3,285,Shirt,Polo,XL,indigo,56,5,6
2951,Salomo Shuttell,Bigender,64,North Stephanie,South Australia,2021-07-31,2021-08-06,3997,94,2,188,Shirt,Henley,M,yellow,71,7,6
2952,Salomo Shuttell,Bigender,64,North Stephanie,South Australia,2021-07-31,2021-08-06,3998,107,1,107,Jacket,Denim,M,green,79,7,6
2953,Thomasine Baudet,Female,60,Ameliaview,South Australia,2021-06-26,2021-07-18,799,90,2,180,Trousers,Relaxed Leg,XS,blue,54,6,22
2954,Thomasine Baudet,Female,60,Ameliaview,South Australia,2021-06-26,2021-07-18,800,96,1,96,Trousers,Drawstring,XS,blue,45,6,22
2955,Thomasine Baudet,Female,60,Ameliaview,South Australia,2021-06-26,2021-07-18,801,106,1,106,Shirt,Chambray,M,orange,43,6,22
2956,Thomasine Baudet,Female,60,Ameliaview,South Australia,2021-06-26,2021-07-18,802,92,2,184,Shirt,Denim,XL,indigo,58,6,22
2957,Thomasine Baudet,Female,60,Ameliaview,South Australia,2021-04-28,2021-05-20,4651,97,3,291,Trousers,Slim-Fit,L,yellow,64,4,22
2958,Thomasine Baudet,Female,60,Ameliaview,South Australia,2021-04-28,2021-05-20,4652,90,2,180,Trousers,Relaxed Leg,XS,yellow,44,4,22
2959,Thomasine Baudet,Female,60,Ameliaview,South Australia,2021-04-28,2021-05-20,4653,119,2,238,Shirt,Casual Slim Fit,XS,violet,55,4,22
2960,Thomasine Baudet,Female,60,Ameliaview,South Australia,2021-04-28,2021-05-20,4654,117,3,351,Jacket,Shearling,L,violet,61,4,22
2961,Thomasine Baudet,Female,60,Ameliaview,South Australia,2021-04-28,2021-05-20,4655,113,1,113,Jacket,Parka,M,blue,54,4,22
2962,Thomasine Baudet,Female,60,Ameliaview,South Australia,2021-01-06,2021-01-29,4945,118,2,236,Shirt,Flannel,L,orange,59,1,23
2963,Thomasine Baudet,Female,60,Ameliaview,South Australia,2021-01-06,2021-01-29,4946,113,2,226,Jacket,Parka,XS,blue,67,1,23
2964,Thomasine Baudet,Female,60,Ameliaview,South Australia,2021-01-06,2021-01-29,4947,109,1,109,Shirt,Mandarin Collar,XS,green,63,1,23
2965,Thomasine Baudet,Female,60,Ameliaview,South Australia,2021-01-06,2021-01-29,4948,119,2,238,Shirt,Casual Slim Fit,L,red,78,1,23
2966,Hi Simenel,Genderfluid,80,Lake Michaelbury,South Australia,2021-04-03,2021-04-19,4577,109,1,109,Jacket,Peacoat,S,indigo,49,4,16
2967,Hi Simenel,Genderfluid,80,Lake Michaelbury,South Australia,2021-04-03,2021-04-19,4578,106,3,318,Shirt,Chambray,M,yellow,62,4,16
2968,Sol Adhams,Male,55,Sebastianbury,South Australia,2021-02-12,2021-02-17,1932,104,2,208,Shirt,Dress,XS,yellow,69,2,5
2969,Sol Adhams,Male,55,Sebastianbury,South Australia,2021-02-12,2021-02-17,1933,96,2,192,Shirt,Oxford Cloth,XS,green,68,2,5
2970,Sol Adhams,Male,55,Sebastianbury,South Australia,2021-02-12,2021-02-17,1934,113,2,226,Jacket,Parka,XS,orange,53,2,5
2971,Sol Adhams,Male,55,Sebastianbury,South Australia,2021-02-12,2021-02-17,1935,100,1,100,Jacket,Bomber,XL,green,79,2,5
2972,Sol Adhams,Male,55,Sebastianbury,South Australia,2021-01-09,2021-01-27,4159,112,2,224,Jacket,Cardigan,S,violet,49,1,18
2973,Sol Adhams,Male,55,Sebastianbury,South Australia,2021-01-09,2021-01-27,4160,104,2,208,Shirt,Dress,S,blue,46,1,18
2974,Sol Adhams,Male,55,Sebastianbury,South Australia,2021-01-09,2021-01-27,4161,104,3,312,Shirt,Dress,XL,red,47,1,18
2975,Sol Adhams,Male,55,Sebastianbury,South Australia,2021-01-09,2021-01-27,4162,115,1,115,Trousers,Cropped,XL,indigo,58,1,18
2976,Kip Cantwell,Bigender,54,East Imogen,Western Australia,2021-02-07,2021-02-09,1669,92,3,276,Shirt,Denim,M,violet,55,2,2
2977,Kip Cantwell,Bigender,54,East Imogen,Western Australia,2021-02-07,2021-02-09,1670,102,2,204,Jacket,Windbreaker,M,yellow,52,2,2
2978,Kip Cantwell,Bigender,54,East Imogen,Western Australia,2021-02-07,2021-02-09,1671,118,3,354,Shirt,Flannel,XS,indigo,46,2,2
2979,Kip Cantwell,Bigender,54,East Imogen,Western Australia,2021-02-07,2021-02-09,1672,102,3,306,Jacket,Windbreaker,S,yellow,66,2,2
2980,Kip Cantwell,Bigender,54,East Imogen,Western Australia,2021-02-07,2021-02-09,1673,102,3,306,Trousers,Cargo Pants,L,blue,77,2,2
2981,Kip Cantwell,Bigender,54,East Imogen,Western Australia,2021-02-07,2021-02-09,1674,119,1,119,Shirt,Casual Slim Fit,XL,blue,68,2,2
2982,Kip Cantwell,Bigender,54,East Imogen,Western Australia,2021-02-07,2021-02-09,1675,119,3,357,Shirt,Casual Slim Fit,S,violet,50,2,2
2983,Kip Cantwell,Bigender,54,East Imogen,Western Australia,2021-02-07,2021-02-09,1676,115,3,345,Trousers,Cropped,M,yellow,41,2,2
2984,Stanleigh Hazelton,Female,25,Hamiltonshire,Western Australia,2021-09-26,2021-10-15,1234,117,3,351,Jacket,Shearling,S,red,75,9,19
2985,Stanleigh Hazelton,Female,25,Hamiltonshire,Western Australia,2021-09-26,2021-10-15,1235,107,2,214,Jacket,Denim,M,green,79,9,19
2986,Stanleigh Hazelton,Female,25,Hamiltonshire,Western Australia,2021-09-25,2021-10-20,4344,105,3,315,Trousers,Pleated,XL,blue,55,9,25
2987,Stanleigh Hazelton,Female,25,Hamiltonshire,Western Australia,2021-09-25,2021-10-20,4345,97,2,194,Trousers,Slim-Fit,XL,red,67,9,25
2988,Stanleigh Hazelton,Female,25,Hamiltonshire,Western Australia,2021-09-25,2021-10-20,4346,98,2,196,Shirt,Camp Collared,S,red,67,9,25
2989,Stanleigh Hazelton,Female,25,Hamiltonshire,Western Australia,2021-09-25,2021-10-20,4347,98,3,294,Jacket,Leather,XS,yellow,73,9,25
2990,Stanleigh Hazelton,Female,25,Hamiltonshire,Western Australia,2021-09-25,2021-10-20,4348,118,2,236,Shirt,Flannel,M,orange,68,9,25
2991,Stanleigh Hazelton,Female,25,Hamiltonshire,Western Australia,2021-09-25,2021-10-20,4349,93,1,93,Jacket,Coach,S,orange,55,9,25
2992,Stanleigh Hazelton,Female,25,Hamiltonshire,Western Australia,2021-09-25,2021-10-20,4350,94,2,188,Shirt,Henley,S,red,60,9,25
2993,Stanleigh Hazelton,Female,25,Hamiltonshire,Western Australia,2021-09-25,2021-10-20,4351,102,1,102,Trousers,Cargo Pants,XS,indigo,51,9,25
2994,Stanleigh Hazelton,Female,25,Hamiltonshire,Western Australia,2021-09-25,2021-10-20,4352,113,1,113,Trousers,Chinos,XS,orange,53,9,25
2995,Averyl Atthow,Polygender,53,Calebville,New South Wales,2021-07-12,2021-07-20,1064,94,1,94,Shirt,Henley,XS,yellow,42,7,8
2996,Averyl Atthow,Polygender,53,Calebville,New South Wales,2021-07-12,2021-07-20,1065,118,2,236,Jacket,Puffer,L,blue,48,7,8
2997,Averyl Atthow,Polygender,53,Calebville,New South Wales,2021-07-12,2021-07-20,1066,105,3,315,Trousers,Pleated,XL,indigo,45,7,8
2998,Averyl Atthow,Polygender,53,Calebville,New South Wales,2021-02-21,2021-03-17,2117,96,1,96,Trousers,Drawstring,S,green,73,2,24
2999,Averyl Atthow,Polygender,53,Calebville,New South Wales,2021-02-21,2021-03-17,2118,105,3,315,Shirt,Cuban Collar,L,violet,78,2,24
3000,Averyl Atthow,Polygender,53,Calebville,New South Wales,2021-02-21,2021-03-17,2119,94,3,282,Shirt,Henley,L,yellow,62,2,24
3001,Averyl Atthow,Polygender,53,Calebville,New South Wales,2021-02-21,2021-03-17,2120,91,2,182,Jacket,Pullover,XS,green,70,2,24
3002,Averyl Atthow,Polygender,53,Calebville,New South Wales,2021-02-21,2021-03-17,2121,93,3,279,Trousers,Joggers,XL,blue,52,2,24
3003,Angie O Mullen,Male,42,North Gracetown,Northern Territory,2021-09-02,2021-09-06,499,113,2,226,Jacket,Parka,M,blue,54,9,4
3004,Angie O Mullen,Male,42,North Gracetown,Northern Territory,2021-09-02,2021-09-06,500,117,1,117,Jacket,Shearling,L,yellow,58,9,4
3005,Angie O Mullen,Male,42,North Gracetown,Northern Territory,2021-09-02,2021-09-06,501,94,1,94,Trousers,Cords,S,green,78,9,4
3006,Angie O Mullen,Male,42,North Gracetown,Northern Territory,2021-09-02,2021-09-06,502,102,1,102,Trousers,Cargo Pants,XL,blue,57,9,4
3007,Angie O Mullen,Male,42,North Gracetown,Northern Territory,2021-09-02,2021-09-06,503,93,3,279,Jacket,Coach,M,green,63,9,4
3008,Vin Rubenovic,Polygender,61,New Emilyton,Northern Territory,2021-01-03,2021-01-25,2686,112,2,224,Trousers,Tracksuit Bottoms,XL,red,45,1,22
3009,Vin Rubenovic,Polygender,61,New Emilyton,Northern Territory,2021-01-03,2021-01-25,2687,107,1,107,Jacket,Denim,M,green,79,1,22
3010,Vin Rubenovic,Polygender,61,New Emilyton,Northern Territory,2021-01-03,2021-01-25,2688,112,3,336,Jacket,Cardigan,L,green,63,1,22
3011,Vin Rubenovic,Polygender,61,New Emilyton,Northern Territory,2021-01-03,2021-01-25,2689,102,3,306,Jacket,Windbreaker,XL,violet,54,1,22
3012,Vin Rubenovic,Polygender,61,New Emilyton,Northern Territory,2021-01-03,2021-01-25,2690,115,3,345,Trousers,Cropped,L,yellow,60,1,22
3013,Sadye Pes,Agender,31,New Jayden,Tasmania,2021-03-13,2021-03-16,312,90,2,180,Trousers,Relaxed Leg,L,yellow,65,3,3
3014,Sadye Pes,Agender,31,New Jayden,Tasmania,2021-03-13,2021-03-16,313,98,2,196,Jacket,Leather,L,blue,62,3,3
3015,Sadye Pes,Agender,31,New Jayden,Tasmania,2021-03-13,2021-03-16,314,118,2,236,Shirt,Flannel,S,red,59,3,3
3016,Sadye Pes,Agender,31,New Jayden,Tasmania,2021-03-13,2021-03-16,315,112,2,224,Jacket,Cardigan,S,red,47,3,3
3017,Conny Chowne,Female,67,West Hayleyhaven,New South Wales,2021-03-03,2021-03-15,2793,105,2,210,Shirt,Cuban Collar,XS,indigo,50,3,12
3018,Conny Chowne,Female,67,West Hayleyhaven,New South Wales,2021-03-03,2021-03-15,2794,98,3,294,Shirt,Camp Collared,XS,yellow,55,3,12
3019,Conny Chowne,Female,67,West Hayleyhaven,New South Wales,2021-03-03,2021-03-15,2795,98,2,196,Jacket,Leather,M,orange,80,3,12
3020,Conny Chowne,Female,67,West Hayleyhaven,New South Wales,2021-03-03,2021-03-15,2796,100,1,100,Jacket,Bomber,L,orange,71,3,12
3021,Conny Chowne,Female,67,West Hayleyhaven,New South Wales,2021-03-03,2021-03-15,2797,98,2,196,Jacket,Leather,XS,indigo,78,3,12
3022,Conny Chowne,Female,67,West Hayleyhaven,New South Wales,2021-03-03,2021-03-15,2798,119,3,357,Jacket,Trench Coat,XL,indigo,64,3,12
3023,Conny Chowne,Female,67,West Hayleyhaven,New South Wales,2021-03-03,2021-03-15,2799,97,2,194,Trousers,Slim-Fit,L,blue,49,3,12
3024,Conny Chowne,Female,67,West Hayleyhaven,New South Wales,2021-07-04,2021-07-16,2810,91,1,91,Jacket,Pullover,L,indigo,50,7,12
3025,Conny Chowne,Female,67,West Hayleyhaven,New South Wales,2021-07-04,2021-07-16,2811,90,3,270,Trousers,Relaxed Leg,XS,violet,49,7,12
3026,Conny Chowne,Female,67,West Hayleyhaven,New South Wales,2021-07-04,2021-07-16,2812,91,3,273,Shirt,Linen,XL,blue,47,7,12
3027,Conny Chowne,Female,67,West Hayleyhaven,New South Wales,2021-07-04,2021-07-16,2813,119,1,119,Shirt,Casual Slim Fit,XL,blue,68,7,12
3028,Conny Chowne,Female,67,West Hayleyhaven,New South Wales,2021-07-04,2021-07-16,2814,106,2,212,Trousers,Wool,XS,indigo,43,7,12
3029,Conny Chowne,Female,67,West Hayleyhaven,New South Wales,2021-07-04,2021-07-16,2815,96,1,96,Trousers,Drawstring,XS,blue,45,7,12
3030,Conny Chowne,Female,67,West Hayleyhaven,New South Wales,2021-07-04,2021-07-16,2816,102,2,204,Jacket,Windbreaker,M,violet,64,7,12
3031,Leann Kittow,Female,35,Angelinastad,South Australia,2021-05-26,2021-06-20,2948,109,1,109,Shirt,Mandarin Collar,XL,green,79,5,25
3032,Leann Kittow,Female,35,Angelinastad,South Australia,2021-05-26,2021-06-20,2949,117,2,234,Jacket,Shearling,S,red,75,5,25
3033,Leann Kittow,Female,35,Angelinastad,South Australia,2021-05-26,2021-06-20,2950,105,1,105,Shirt,Cuban Collar,S,red,59,5,25
3034,Leann Kittow,Female,35,Angelinastad,South Australia,2021-05-26,2021-06-20,2951,96,2,192,Shirt,Oxford Cloth,XL,orange,43,5,25
3035,Leann Kittow,Female,35,Angelinastad,South Australia,2021-05-26,2021-06-20,2952,90,2,180,Trousers,Relaxed Leg,S,green,51,5,25
3036,Sherwynd Batsford,Polygender,45,Samuelside,New South Wales,2021-02-09,2021-02-11,78,92,2,184,Shirt,Denim,M,indigo,56,2,2
3037,Sherwynd Batsford,Polygender,45,Samuelside,New South Wales,2021-02-09,2021-02-11,79,91,2,182,Jacket,Pullover,S,blue,73,2,2
3038,Sherwynd Batsford,Polygender,45,Samuelside,New South Wales,2021-02-09,2021-02-11,80,118,1,118,Jacket,Puffer,L,orange,66,2,2
3039,Sherwynd Batsford,Polygender,45,Samuelside,New South Wales,2021-02-09,2021-02-11,81,93,2,186,Trousers,Joggers,S,green,76,2,2
3040,Sherwynd Batsford,Polygender,45,Samuelside,New South Wales,2021-07-24,2021-08-10,2825,104,1,104,Shirt,Dress,XL,orange,78,7,17
3041,Sherwynd Batsford,Polygender,45,Samuelside,New South Wales,2021-07-24,2021-08-10,2826,91,2,182,Shirt,Linen,XS,blue,53,7,17
3042,Sherwynd Batsford,Polygender,45,Samuelside,New South Wales,2021-07-24,2021-08-10,2827,96,3,288,Shirt,Oxford Cloth,XL,red,47,7,17
3043,Sherwynd Batsford,Polygender,45,Samuelside,New South Wales,2021-07-24,2021-08-10,2828,109,2,218,Jacket,Peacoat,XL,green,68,7,17
3044,Sherwynd Batsford,Polygender,45,Samuelside,New South Wales,2021-07-19,2021-08-01,3078,119,3,357,Shirt,Casual Slim Fit,L,indigo,60,7,13
3045,Sherwynd Batsford,Polygender,45,Samuelside,New South Wales,2021-07-19,2021-08-01,3079,94,1,94,Shirt,Henley,M,blue,42,7,13
3046,Sherwynd Batsford,Polygender,45,Samuelside,New South Wales,2021-07-19,2021-08-01,3080,109,2,218,Shirt,Mandarin Collar,L,indigo,53,7,13
3047,Sherwynd Batsford,Polygender,45,Samuelside,New South Wales,2021-07-19,2021-08-01,3081,93,3,279,Jacket,Coach,M,green,63,7,13
3048,Sherwynd Batsford,Polygender,45,Samuelside,New South Wales,2021-07-19,2021-08-01,3082,112,1,112,Jacket,Cardigan,S,blue,53,7,13
3049,Jacquelin Santostefano.,Non-binary,42,Willowmouth,Queensland,2021-05-25,2021-05-28,1642,117,2,234,Jacket,Shearling,L,red,40,5,3
3050,Jacquelin Santostefano.,Non-binary,42,Willowmouth,Queensland,2021-05-25,2021-05-28,1643,100,1,100,Jacket,Bomber,L,green,78,5,3
3051,Jacquelin Santostefano.,Non-binary,42,Willowmouth,Queensland,2021-05-25,2021-05-28,1644,97,3,291,Trousers,Slim-Fit,L,violet,58,5,3
3052,Jacquelin Santostefano.,Non-binary,42,Willowmouth,Queensland,2021-05-25,2021-05-28,1645,94,1,94,Shirt,Henley,L,orange,77,5,3
3053,Jacquelin Santostefano.,Non-binary,42,Willowmouth,Queensland,2021-05-25,2021-05-28,1646,112,2,224,Jacket,Cardigan,XS,indigo,70,5,3
3054,Phillipe Gatecliffe,Male,35,Jettstad,Australian Capital Territory,2021-04-16,2021-04-23,224,97,1,97,Trousers,Slim-Fit,XS,green,74,4,7
3055,Phillipe Gatecliffe,Male,35,Jettstad,Australian Capital Territory,2021-04-16,2021-04-23,225,113,3,339,Jacket,Parka,L,green,55,4,7
3056,Phillipe Gatecliffe,Male,35,Jettstad,Australian Capital Territory,2021-07-25,2021-07-28,1346,100,3,300,Jacket,Bomber,XS,red,76,7,3
3057,Phillipe Gatecliffe,Male,35,Jettstad,Australian Capital Territory,2021-07-25,2021-07-28,1347,96,2,192,Shirt,Oxford Cloth,XS,green,68,7,3
3058,Phillipe Gatecliffe,Male,35,Jettstad,Australian Capital Territory,2021-07-25,2021-07-28,1348,106,3,318,Trousers,Wool,M,green,41,7,3
3059,Phillipe Gatecliffe,Male,35,Jettstad,Australian Capital Territory,2021-07-25,2021-07-28,1349,119,1,119,Jacket,Trench Coat,M,orange,43,7,3
3060,Phillipe Gatecliffe,Male,35,Jettstad,Australian Capital Territory,2021-07-25,2021-07-28,1350,93,1,93,Trousers,Joggers,L,blue,75,7,3
3061,Phillipe Gatecliffe,Male,35,Jettstad,Australian Capital Territory,2021-07-25,2021-07-28,1351,92,1,92,Shirt,Denim,S,violet,54,7,3
3062,Phillipe Gatecliffe,Male,35,Jettstad,Australian Capital Territory,2021-07-25,2021-07-28,1352,109,3,327,Jacket,Peacoat,XS,blue,48,7,3
3063,Phillipe Gatecliffe,Male,35,Jettstad,Australian Capital Territory,2021-02-02,2021-02-06,4106,97,1,97,Trousers,Slim-Fit,XL,orange,78,2,4
3064,Phillipe Gatecliffe,Male,35,Jettstad,Australian Capital Territory,2021-02-02,2021-02-06,4107,112,3,336,Jacket,Cardigan,XS,red,51,2,4
3065,Phillipe Gatecliffe,Male,35,Jettstad,Australian Capital Territory,2021-02-02,2021-02-06,4108,115,2,230,Trousers,Cropped,XS,red,75,2,4
3066,Phillipe Gatecliffe,Male,35,Jettstad,Australian Capital Territory,2021-02-02,2021-02-06,4109,118,1,118,Jacket,Puffer,XS,orange,47,2,4
3067,Phillipe Gatecliffe,Male,35,Jettstad,Australian Capital Territory,2021-02-02,2021-02-06,4110,95,1,95,Shirt,Polo,S,indigo,50,2,4
3068,Phillipe Gatecliffe,Male,35,Jettstad,Australian Capital Territory,2021-02-02,2021-02-06,4111,106,1,106,Shirt,Chambray,XL,red,42,2,4
3069,Phillipe Gatecliffe,Male,35,Jettstad,Australian Capital Territory,2021-01-26,2021-02-02,4290,106,1,106,Trousers,Wool,L,red,74,1,7
3070,Phillipe Gatecliffe,Male,35,Jettstad,Australian Capital Territory,2021-01-26,2021-02-02,4291,115,3,345,Trousers,Cropped,M,indigo,73,1,7
3071,Phillipe Gatecliffe,Male,35,Jettstad,Australian Capital Territory,2021-01-26,2021-02-02,4292,119,2,238,Jacket,Trench Coat,M,blue,46,1,7
3072,Phillipe Gatecliffe,Male,35,Jettstad,Australian Capital Territory,2021-01-26,2021-02-02,4293,112,3,336,Jacket,Cardigan,XS,indigo,70,1,7
3073,Hort Ridding,Agender,57,West Ashley,South Australia,2021-03-10,2021-03-20,1287,98,1,98,Shirt,Camp Collared,XL,violet,40,3,10
3074,Hort Ridding,Agender,57,West Ashley,South Australia,2021-03-10,2021-03-20,1288,106,2,212,Shirt,Chambray,XL,green,58,3,10
3075,Hort Ridding,Agender,57,West Ashley,South Australia,2021-03-10,2021-03-20,1289,109,2,218,Shirt,Mandarin Collar,L,red,54,3,10
3076,Hort Ridding,Agender,57,West Ashley,South Australia,2021-03-10,2021-03-20,1290,106,2,212,Shirt,Chambray,XL,yellow,53,3,10
3077,Hort Ridding,Agender,57,West Ashley,South Australia,2021-03-10,2021-03-20,1291,105,1,105,Trousers,Pleated,M,blue,66,3,10
3078,Hort Ridding,Agender,57,West Ashley,South Australia,2021-03-10,2021-03-20,1292,112,2,224,Trousers,Tracksuit Bottoms,L,violet,45,3,10
3079,Hort Ridding,Agender,57,West Ashley,South Australia,2021-03-10,2021-03-20,1293,115,1,115,Trousers,Cropped,L,yellow,60,3,10
3080,Hort Ridding,Agender,57,West Ashley,South Australia,2021-09-29,2021-10-25,1881,113,1,113,Jacket,Parka,XL,orange,68,9,26
3081,Hort Ridding,Agender,57,West Ashley,South Australia,2021-09-29,2021-10-25,1882,112,2,224,Trousers,Tracksuit Bottoms,L,indigo,50,9,26
3082,Hort Ridding,Agender,57,West Ashley,South Australia,2021-09-29,2021-10-25,1883,119,2,238,Jacket,Trench Coat,XS,green,62,9,26
3083,Hort Ridding,Agender,57,West Ashley,South Australia,2021-01-25,2021-01-31,3659,105,2,210,Shirt,Cuban Collar,S,blue,62,1,6
3084,Hort Ridding,Agender,57,West Ashley,South Australia,2021-01-25,2021-01-31,3660,97,2,194,Trousers,Slim-Fit,S,yellow,54,1,6
3085,Hort Ridding,Agender,57,West Ashley,South Australia,2021-01-25,2021-01-31,3661,93,2,186,Trousers,Joggers,S,red,71,1,6
3086,Hort Ridding,Agender,57,West Ashley,South Australia,2021-01-25,2021-01-31,3662,117,3,351,Jacket,Shearling,L,red,40,1,6
3087,Hort Ridding,Agender,57,West Ashley,South Australia,2021-01-25,2021-01-31,3663,100,3,300,Jacket,Bomber,XS,red,76,1,6
3088,Hort Ridding,Agender,57,West Ashley,South Australia,2021-01-25,2021-01-31,3664,107,3,321,Jacket,Denim,XL,green,59,1,6
3089,Hort Ridding,Agender,57,West Ashley,South Australia,2021-01-25,2021-01-31,3665,118,3,354,Jacket,Puffer,XS,yellow,55,1,6
3090,Hort Ridding,Agender,57,West Ashley,South Australia,2021-01-25,2021-01-31,3666,119,3,357,Jacket,Trench Coat,M,red,57,1,6
3091,Hort Ridding,Agender,57,West Ashley,South Australia,2021-01-25,2021-01-31,3667,91,1,91,Jacket,Pullover,XL,indigo,43,1,6
3092,Hort Ridding,Agender,57,West Ashley,South Australia,2021-01-25,2021-01-31,3668,91,1,91,Shirt,Linen,L,indigo,75,1,6
3093,Zorina Rabl,Bigender,31,Lake Phoebe,Western Australia,2021-04-03,2021-04-16,4031,102,2,204,Jacket,Windbreaker,S,blue,41,4,13
3094,Zorina Rabl,Bigender,31,Lake Phoebe,Western Australia,2021-04-03,2021-04-16,4032,113,3,339,Trousers,Chinos,S,blue,51,4,13
3095,Zorina Rabl,Bigender,31,Lake Phoebe,Western Australia,2021-04-03,2021-04-16,4033,96,3,288,Trousers,Drawstring,XS,blue,45,4,13
3096,Zorina Rabl,Bigender,31,Lake Phoebe,Western Australia,2021-04-03,2021-04-16,4034,119,1,119,Shirt,Casual Slim Fit,XL,yellow,78,4,13
3097,Tann Scothron,Genderqueer,64,Walterstad,New South Wales,2021-04-05,2021-04-11,32,113,2,226,Trousers,Chinos,XS,yellow,41,4,6
3098,Tann Scothron,Genderqueer,64,Walterstad,New South Wales,2021-04-05,2021-04-11,33,99,3,297,Trousers,High-Waisted,M,orange,69,4,6
3099,Codie Everly,Genderfluid,51,Port Christopher,South Australia,2021-06-17,2021-07-14,148,115,3,345,Trousers,Cropped,S,yellow,65,6,27
3100,Codie Everly,Genderfluid,51,Port Christopher,South Australia,2021-06-17,2021-07-14,149,109,1,109,Shirt,Mandarin Collar,L,orange,56,6,27
3101,Codie Everly,Genderfluid,51,Port Christopher,South Australia,2021-06-17,2021-07-14,150,96,3,288,Shirt,Oxford Cloth,M,blue,57,6,27
3102,Codie Everly,Genderfluid,51,Port Christopher,South Australia,2021-09-06,2021-09-27,4177,95,1,95,Shirt,Polo,L,yellow,46,9,21
3103,Frayda Simonini,Non-binary,75,West Sophie,Northern Territory,2021-07-07,2021-08-02,1089,107,2,214,Jacket,Denim,XL,indigo,51,7,26
3104,Frayda Simonini,Non-binary,75,West Sophie,Northern Territory,2021-07-07,2021-08-02,1090,104,2,208,Shirt,Dress,M,blue,48,7,26
3105,Frayda Simonini,Non-binary,75,West Sophie,Northern Territory,2021-07-07,2021-08-02,1091,98,3,294,Shirt,Camp Collared,XL,red,79,7,26
3106,Frayda Simonini,Non-binary,75,West Sophie,Northern Territory,2021-07-07,2021-08-02,1092,102,3,306,Jacket,Windbreaker,S,indigo,62,7,26
3107,Frayda Simonini,Non-binary,75,West Sophie,Northern Territory,2021-06-10,2021-07-05,2297,99,1,99,Trousers,High-Waisted,L,violet,68,6,25
3108,Frayda Simonini,Non-binary,75,West Sophie,Northern Territory,2021-06-10,2021-07-05,2298,119,3,357,Jacket,Trench Coat,L,violet,76,6,25
3109,Frayda Simonini,Non-binary,75,West Sophie,Northern Territory,2021-06-10,2021-07-05,2299,119,1,119,Jacket,Trench Coat,L,green,73,6,25
3110,Frayda Simonini,Non-binary,75,West Sophie,Northern Territory,2021-06-10,2021-07-05,2300,99,1,99,Trousers,High-Waisted,M,red,59,6,25
3111,Sigismundo Basek,Male,53,Amberland,Western Australia,2021-03-08,2021-03-26,410,94,2,188,Trousers,Cords,L,orange,74,3,18
3112,Sigismundo Basek,Male,53,Amberland,Western Australia,2021-03-08,2021-03-26,411,93,3,279,Trousers,Joggers,L,blue,75,3,18
3113,Sigismundo Basek,Male,53,Amberland,Western Australia,2021-03-08,2021-03-26,412,106,2,212,Shirt,Chambray,M,red,48,3,18
3114,Sigismundo Basek,Male,53,Amberland,Western Australia,2021-03-08,2021-03-26,413,118,3,354,Jacket,Puffer,L,red,44,3,18
3115,Sigismundo Basek,Male,53,Amberland,Western Australia,2021-03-08,2021-03-26,414,96,2,192,Trousers,Drawstring,XL,indigo,41,3,18
3116,Sigismundo Basek,Male,53,Amberland,Western Australia,2021-09-20,2021-09-24,617,106,3,318,Shirt,Chambray,XS,orange,76,9,4
3117,Sigismundo Basek,Male,53,Amberland,Western Australia,2021-09-20,2021-09-24,618,98,1,98,Jacket,Leather,XS,yellow,73,9,4
3118,Sigismundo Basek,Male,53,Amberland,Western Australia,2021-09-20,2021-09-24,619,113,2,226,Trousers,Chinos,XS,indigo,61,9,4
3119,Sigismundo Basek,Male,53,Amberland,Western Australia,2021-09-20,2021-09-24,620,102,2,204,Trousers,Cargo Pants,M,blue,64,9,4
3120,Sigismundo Basek,Male,53,Amberland,Western Australia,2021-09-20,2021-09-24,621,102,1,102,Jacket,Windbreaker,M,indigo,56,9,4
3121,Sigismundo Basek,Male,53,Amberland,Western Australia,2021-02-19,2021-03-18,3243,119,3,357,Jacket,Trench Coat,M,red,57,2,27
3122,Sigismundo Basek,Male,53,Amberland,Western Australia,2021-02-19,2021-03-18,3244,106,1,106,Shirt,Chambray,M,blue,66,2,27
3123,Sigismundo Basek,Male,53,Amberland,Western Australia,2021-02-19,2021-03-18,3245,106,1,106,Shirt,Chambray,S,orange,69,2,27
3124,Sigismundo Basek,Male,53,Amberland,Western Australia,2021-02-19,2021-03-18,3246,112,2,224,Jacket,Cardigan,XL,red,54,2,27
3125,Sigismundo Basek,Male,53,Amberland,Western Australia,2021-02-19,2021-03-18,3247,100,2,200,Jacket,Bomber,S,red,74,2,27
3126,Sigismundo Basek,Male,53,Amberland,Western Australia,2021-02-19,2021-03-18,3248,102,1,102,Jacket,Windbreaker,M,red,47,2,27
3127,Sigismundo Basek,Male,53,Amberland,Western Australia,2021-02-19,2021-03-18,3249,97,2,194,Trousers,Slim-Fit,XS,indigo,74,2,27
3128,Sigismundo Basek,Male,53,Amberland,Western Australia,2021-02-19,2021-03-18,3250,91,1,91,Jacket,Pullover,S,yellow,42,2,27
3129,Nicholle Coom,Male,49,New Madisonborough,Victoria,2021-10-22,2021-11-16,955,93,3,279,Trousers,Joggers,L,red,63,10,25
3130,Nicholle Coom,Male,49,New Madisonborough,Victoria,2021-10-22,2021-11-16,956,97,2,194,Trousers,Slim-Fit,L,red,80,10,25
3131,Nicholle Coom,Male,49,New Madisonborough,Victoria,2021-10-22,2021-11-16,957,102,1,102,Trousers,Cargo Pants,M,orange,51,10,25
3132,Nicholle Coom,Male,49,New Madisonborough,Victoria,2021-10-22,2021-11-16,958,109,1,109,Jacket,Peacoat,XS,green,61,10,25
3133,Nicholle Coom,Male,49,New Madisonborough,Victoria,2021-10-22,2021-11-16,959,106,3,318,Shirt,Chambray,XL,indigo,61,10,25
3134,Nicholle Coom,Male,49,New Madisonborough,Victoria,2021-10-22,2021-11-16,960,105,2,210,Shirt,Cuban Collar,S,indigo,41,10,25
3135,Nicholle Coom,Male,49,New Madisonborough,Victoria,2021-01-26,2021-02-13,1653,99,2,198,Trousers,High-Waisted,L,indigo,55,1,18
3136,Nicholle Coom,Male,49,New Madisonborough,Victoria,2021-01-26,2021-02-13,1654,93,1,93,Jacket,Coach,XS,yellow,52,1,18
3137,Nicholle Coom,Male,49,New Madisonborough,Victoria,2021-01-26,2021-02-13,1655,117,2,234,Jacket,Shearling,XS,red,74,1,18
3138,Nicholle Coom,Male,49,New Madisonborough,Victoria,2021-01-26,2021-02-13,1656,94,2,188,Shirt,Henley,L,violet,51,1,18
3139,Nicholle Coom,Male,49,New Madisonborough,Victoria,2021-01-26,2021-02-13,1657,92,2,184,Shirt,Denim,XS,blue,76,1,18
3140,Wanids Cudby,Female,49,Davidfurt,Northern Territory,2021-08-14,2021-08-22,286,97,3,291,Trousers,Slim-Fit,M,red,67,8,8
3141,Wanids Cudby,Female,49,Davidfurt,Northern Territory,2021-08-14,2021-08-22,287,113,1,113,Trousers,Chinos,M,orange,73,8,8
3142,Wanids Cudby,Female,49,Davidfurt,Northern Territory,2021-08-14,2021-08-22,288,117,3,351,Jacket,Shearling,XS,orange,54,8,8
3143,Wanids Cudby,Female,49,Davidfurt,Northern Territory,2021-08-14,2021-08-22,289,118,2,236,Jacket,Puffer,XS,yellow,55,8,8
3144,Wanids Cudby,Female,49,Davidfurt,Northern Territory,2021-08-14,2021-08-22,290,92,2,184,Shirt,Denim,XS,blue,76,8,8
3145,Wanids Cudby,Female,49,Davidfurt,Northern Territory,2021-08-14,2021-08-22,291,119,1,119,Jacket,Trench Coat,L,indigo,71,8,8
3146,Wanids Cudby,Female,49,Davidfurt,Northern Territory,2021-08-14,2021-08-22,292,94,2,188,Trousers,Cords,S,indigo,60,8,8
3147,Wanids Cudby,Female,49,Davidfurt,Northern Territory,2021-08-14,2021-08-22,293,113,2,226,Jacket,Parka,M,orange,51,8,8
3148,Wanids Cudby,Female,49,Davidfurt,Northern Territory,2021-08-14,2021-08-22,294,91,3,273,Shirt,Linen,L,blue,70,8,8
3149,Wanids Cudby,Female,49,Davidfurt,Northern Territory,2021-08-14,2021-08-22,295,96,1,96,Trousers,Drawstring,M,violet,73,8,8
3150,Darby Jeffries,Agender,55,South Anthonyburgh,Northern Territory,2021-09-19,2021-10-03,2805,109,2,218,Shirt,Mandarin Collar,S,blue,44,9,14
3151,Darby Jeffries,Agender,55,South Anthonyburgh,Northern Territory,2021-09-19,2021-10-03,2806,105,2,210,Trousers,Pleated,S,indigo,41,9,14
3152,Darby Jeffries,Agender,55,South Anthonyburgh,Northern Territory,2021-09-19,2021-10-03,2807,94,3,282,Shirt,Henley,XS,indigo,58,9,14
3153,Darby Jeffries,Agender,55,South Anthonyburgh,Northern Territory,2021-09-19,2021-10-03,2808,112,3,336,Jacket,Cardigan,L,violet,66,9,14
3154,Darby Jeffries,Agender,55,South Anthonyburgh,Northern Territory,2021-09-19,2021-10-03,2809,106,3,318,Shirt,Chambray,XS,red,48,9,14
3155,Darby Jeffries,Agender,55,South Anthonyburgh,Northern Territory,2021-06-03,2021-06-15,3793,93,1,93,Jacket,Coach,XL,orange,46,6,12
3156,Darby Jeffries,Agender,55,South Anthonyburgh,Northern Territory,2021-06-03,2021-06-15,3794,112,1,112,Trousers,Tracksuit Bottoms,M,blue,61,6,12
3157,Darby Jeffries,Agender,55,South Anthonyburgh,Northern Territory,2021-06-03,2021-06-15,3795,95,1,95,Shirt,Polo,L,green,68,6,12
3158,Channa Powley,Genderqueer,70,East Mackenzietown,South Australia,2021-04-17,2021-05-11,3438,100,1,100,Jacket,Bomber,XS,orange,80,4,24
3159,Channa Powley,Genderqueer,70,East Mackenzietown,South Australia,2021-04-17,2021-05-11,3439,91,3,273,Jacket,Pullover,XS,yellow,65,4,24
3160,Channa Powley,Genderqueer,70,East Mackenzietown,South Australia,2021-04-17,2021-05-11,3440,99,3,297,Trousers,High-Waisted,S,green,73,4,24
3161,Channa Powley,Genderqueer,70,East Mackenzietown,South Australia,2021-04-17,2021-05-11,3441,112,3,336,Jacket,Cardigan,M,violet,75,4,24
3162,Channa Powley,Genderqueer,70,East Mackenzietown,South Australia,2021-04-17,2021-05-11,3442,98,3,294,Shirt,Camp Collared,S,green,60,4,24
3163,Channa Powley,Genderqueer,70,East Mackenzietown,South Australia,2021-04-17,2021-05-11,3443,98,1,98,Shirt,Camp Collared,M,blue,65,4,24
3164,Channa Powley,Genderqueer,70,East Mackenzietown,South Australia,2021-04-17,2021-05-11,3444,119,3,357,Shirt,Casual Slim Fit,XS,violet,55,4,24
3165,Nara Legerwood,Male,24,Abbottburgh,Northern Territory,2021-06-13,2021-06-18,1274,105,3,315,Trousers,Pleated,S,blue,60,6,5
3166,Nara Legerwood,Male,24,Abbottburgh,Northern Territory,2021-06-13,2021-06-18,1275,93,3,279,Jacket,Coach,L,red,80,6,5
3167,Nara Legerwood,Male,24,Abbottburgh,Northern Territory,2021-06-13,2021-06-18,1276,90,2,180,Trousers,Relaxed Leg,XL,orange,80,6,5
3168,Nara Legerwood,Male,24,Abbottburgh,Northern Territory,2021-06-13,2021-06-18,1277,119,3,357,Shirt,Casual Slim Fit,S,yellow,45,6,5
3169,Nara Legerwood,Male,24,Abbottburgh,Northern Territory,2021-06-13,2021-06-18,1278,102,1,102,Trousers,Cargo Pants,M,green,78,6,5
3170,Nara Legerwood,Male,24,Abbottburgh,Northern Territory,2021-06-13,2021-06-18,1279,96,2,192,Shirt,Oxford Cloth,L,yellow,75,6,5
3171,Nara Legerwood,Male,24,Abbottburgh,Northern Territory,2021-02-17,2021-03-03,4052,94,1,94,Trousers,Cords,M,blue,47,2,14
3172,Nara Legerwood,Male,24,Abbottburgh,Northern Territory,2021-02-17,2021-03-03,4053,90,1,90,Trousers,Relaxed Leg,M,red,56,2,14
3173,Nara Legerwood,Male,24,Abbottburgh,Northern Territory,2021-02-17,2021-03-03,4054,96,2,192,Shirt,Oxford Cloth,S,indigo,59,2,14
3174,Nara Legerwood,Male,24,Abbottburgh,Northern Territory,2021-02-17,2021-03-03,4055,98,2,196,Shirt,Camp Collared,XL,blue,51,2,14
3175,Morie Woodfield,Bigender,58,Lilystad,Western Australia,2021-09-02,2021-09-09,1177,107,3,321,Jacket,Denim,XL,orange,79,9,7
3176,Morie Woodfield,Bigender,58,Lilystad,Western Australia,2021-09-02,2021-09-09,1178,94,3,282,Trousers,Cords,S,blue,59,9,7
3177,Morie Woodfield,Bigender,58,Lilystad,Western Australia,2021-09-02,2021-09-09,1179,91,1,91,Jacket,Pullover,M,orange,60,9,7
3178,Morie Woodfield,Bigender,58,Lilystad,Western Australia,2021-09-02,2021-09-09,1180,98,2,196,Shirt,Camp Collared,XS,violet,72,9,7
3179,Morie Woodfield,Bigender,58,Lilystad,Western Australia,2021-09-02,2021-09-09,1181,93,3,279,Jacket,Coach,S,blue,47,9,7
3180,Olympia Stobbs,Female,23,Reillyborough,Victoria,2021-10-01,2021-10-26,2402,98,3,294,Jacket,Leather,XL,red,52,10,25
3181,Olympia Stobbs,Female,23,Reillyborough,Victoria,2021-10-01,2021-10-26,2403,104,1,104,Shirt,Dress,M,orange,53,10,25
3182,Olympia Stobbs,Female,23,Reillyborough,Victoria,2021-10-01,2021-10-26,2404,93,3,279,Trousers,Joggers,M,indigo,66,10,25
3183,Olympia Stobbs,Female,23,Reillyborough,Victoria,2021-10-01,2021-10-26,2405,113,2,226,Trousers,Chinos,L,yellow,65,10,25
3184,Olympia Stobbs,Female,23,Reillyborough,Victoria,2021-10-01,2021-10-26,2406,99,2,198,Trousers,High-Waisted,M,red,59,10,25
3185,Tobin Jeffryes,Non-binary,40,Lake Alice,Victoria,2021-02-20,2021-02-22,545,94,1,94,Shirt,Henley,XS,yellow,42,2,2
3186,Tobin Jeffryes,Non-binary,40,Lake Alice,Victoria,2021-02-20,2021-02-22,546,118,1,118,Shirt,Flannel,XL,indigo,57,2,2
3187,Tobin Jeffryes,Non-binary,40,Lake Alice,Victoria,2021-02-20,2021-02-22,547,92,1,92,Shirt,Denim,XS,orange,45,2,2
3188,Tobin Jeffryes,Non-binary,40,Lake Alice,Victoria,2021-02-20,2021-02-22,548,112,2,224,Jacket,Cardigan,L,orange,79,2,2
3189,Tobin Jeffryes,Non-binary,40,Lake Alice,Victoria,2021-02-25,2021-03-10,4814,97,3,291,Trousers,Slim-Fit,XS,blue,55,2,13
3190,Tobin Jeffryes,Non-binary,40,Lake Alice,Victoria,2021-02-25,2021-03-10,4815,119,3,357,Shirt,Casual Slim Fit,S,violet,50,2,13
3191,Tobin Jeffryes,Non-binary,40,Lake Alice,Victoria,2021-02-25,2021-03-10,4816,109,3,327,Jacket,Peacoat,S,blue,50,2,13
3192,Tobin Jeffryes,Non-binary,40,Lake Alice,Victoria,2021-02-25,2021-03-10,4817,93,1,93,Trousers,Joggers,S,indigo,56,2,13
3193,Tobin Jeffryes,Non-binary,40,Lake Alice,Victoria,2021-02-25,2021-03-10,4818,109,2,218,Shirt,Mandarin Collar,S,yellow,76,2,13
3194,Tobin Jeffryes,Non-binary,40,Lake Alice,Victoria,2021-02-25,2021-03-10,4819,91,3,273,Jacket,Pullover,XS,violet,61,2,13
3195,Tobin Jeffryes,Non-binary,40,Lake Alice,Victoria,2021-02-25,2021-03-10,4820,109,1,109,Shirt,Mandarin Collar,M,indigo,51,2,13
3196,Tobin Jeffryes,Non-binary,40,Lake Alice,Victoria,2021-02-25,2021-03-10,4821,93,3,279,Trousers,Joggers,L,indigo,42,2,13
3197,Tobin Jeffryes,Non-binary,40,Lake Alice,Victoria,2021-02-25,2021-03-10,4822,99,3,297,Trousers,High-Waisted,M,blue,52,2,13
3198,Tobin Jeffryes,Non-binary,40,Lake Alice,Victoria,2021-02-25,2021-03-10,4823,102,3,306,Trousers,Cargo Pants,L,indigo,46,2,13
3199,Tobin Jeffryes,Non-binary,40,Lake Alice,Victoria,2021-05-22,2021-05-25,4837,93,2,186,Jacket,Coach,S,blue,47,5,3
3200,Tobin Jeffryes,Non-binary,40,Lake Alice,Victoria,2021-05-22,2021-05-25,4838,104,3,312,Shirt,Dress,XS,red,63,5,3
3201,Tobin Jeffryes,Non-binary,40,Lake Alice,Victoria,2021-05-22,2021-05-25,4839,95,2,190,Shirt,Polo,S,blue,76,5,3
3202,Uriel Cottingham,Genderqueer,49,Lincolnchester,Queensland,2021-08-31,2021-09-13,966,91,3,273,Shirt,Linen,M,violet,44,8,13
3203,Uriel Cottingham,Genderqueer,49,Lincolnchester,Queensland,2021-08-31,2021-09-13,967,98,2,196,Shirt,Camp Collared,XL,indigo,42,8,13
3204,Uriel Cottingham,Genderqueer,49,Lincolnchester,Queensland,2021-08-31,2021-09-13,968,112,2,224,Trousers,Tracksuit Bottoms,XL,violet,60,8,13
3205,Zebulon Rousel,Agender,62,Hamishview,New South Wales,2021-06-19,2021-07-16,1186,118,1,118,Jacket,Puffer,XS,violet,74,6,27
3206,Zebulon Rousel,Agender,62,Hamishview,New South Wales,2021-06-19,2021-07-16,1187,112,3,336,Jacket,Cardigan,M,violet,75,6,27
3207,Zebulon Rousel,Agender,62,Hamishview,New South Wales,2021-06-19,2021-07-16,1188,107,2,214,Jacket,Denim,XS,violet,65,6,27
3208,Zebulon Rousel,Agender,62,Hamishview,New South Wales,2021-06-19,2021-07-16,1189,112,1,112,Trousers,Tracksuit Bottoms,XS,indigo,63,6,27
3209,Zebulon Rousel,Agender,62,Hamishview,New South Wales,2021-03-16,2021-04-09,2280,118,2,236,Shirt,Flannel,M,blue,73,3,24
3210,Zebulon Rousel,Agender,62,Hamishview,New South Wales,2021-03-16,2021-04-09,2281,106,3,318,Trousers,Wool,S,orange,59,3,24
3211,Zebulon Rousel,Agender,62,Hamishview,New South Wales,2021-03-16,2021-04-09,2282,119,1,119,Jacket,Trench Coat,XL,indigo,64,3,24
3212,Zebulon Rousel,Agender,62,Hamishview,New South Wales,2021-03-16,2021-04-09,2283,118,3,354,Jacket,Puffer,S,red,62,3,24
3213,Zebulon Rousel,Agender,62,Hamishview,New South Wales,2021-03-16,2021-04-09,2284,113,3,339,Trousers,Chinos,XL,blue,48,3,24
3214,Pietro Duling,Female,36,Shieldschester,Tasmania,2021-04-20,2021-04-23,1936,93,3,279,Jacket,Coach,M,red,76,4,3
3215,Pietro Duling,Female,36,Shieldschester,Tasmania,2021-04-20,2021-04-23,1937,100,3,300,Jacket,Bomber,M,blue,44,4,3
3216,Pietro Duling,Female,36,Shieldschester,Tasmania,2021-04-20,2021-04-23,1938,91,1,91,Shirt,Linen,XS,indigo,70,4,3
3217,Pietro Duling,Female,36,Shieldschester,Tasmania,2021-04-20,2021-04-23,1939,107,2,214,Jacket,Denim,XS,blue,49,4,3
3218,Pietro Duling,Female,36,Shieldschester,Tasmania,2021-04-20,2021-04-23,1940,96,3,288,Trousers,Drawstring,XL,green,49,4,3
3219,Pietro Duling,Female,36,Shieldschester,Tasmania,2021-04-20,2021-04-23,1941,93,2,186,Trousers,Joggers,S,blue,50,4,3
3220,Pietro Duling,Female,36,Shieldschester,Tasmania,2021-04-27,2021-05-08,2391,94,3,282,Shirt,Henley,L,orange,77,4,11
3221,Pietro Duling,Female,36,Shieldschester,Tasmania,2021-04-27,2021-05-08,2392,99,1,99,Trousers,High-Waisted,XL,indigo,57,4,11
3222,Pietro Duling,Female,36,Shieldschester,Tasmania,2021-04-27,2021-05-08,2393,93,3,279,Trousers,Joggers,M,red,43,4,11
3223,Pietro Duling,Female,36,Shieldschester,Tasmania,2021-04-27,2021-05-08,2394,94,1,94,Shirt,Henley,XL,orange,52,4,11
3224,Pietro Duling,Female,36,Shieldschester,Tasmania,2021-03-21,2021-04-01,3720,105,1,105,Trousers,Pleated,XL,red,58,3,11
3225,Pietro Duling,Female,36,Shieldschester,Tasmania,2021-03-21,2021-04-01,3721,109,2,218,Jacket,Peacoat,XL,red,58,3,11
3226,Pietro Duling,Female,36,Shieldschester,Tasmania,2021-03-21,2021-04-01,3722,109,2,218,Jacket,Peacoat,M,blue,71,3,11
3227,Pietro Duling,Female,36,Shieldschester,Tasmania,2021-03-21,2021-04-01,3723,90,3,270,Trousers,Relaxed Leg,S,indigo,40,3,11
3228,Pietro Duling,Female,36,Shieldschester,Tasmania,2021-03-21,2021-04-01,3724,106,3,318,Shirt,Chambray,M,orange,43,3,11
3229,Pietro Duling,Female,36,Shieldschester,Tasmania,2021-03-21,2021-04-01,3725,115,3,345,Trousers,Cropped,L,yellow,60,3,11
3230,Pietro Duling,Female,36,Shieldschester,Tasmania,2021-03-21,2021-04-01,3726,96,1,96,Shirt,Oxford Cloth,XS,blue,47,3,11
3231,Pietro Duling,Female,36,Shieldschester,Tasmania,2021-03-21,2021-04-01,3727,105,2,210,Trousers,Pleated,S,red,78,3,11
3232,Pietro Duling,Female,36,Shieldschester,Tasmania,2021-03-21,2021-04-01,3728,115,2,230,Trousers,Cropped,XS,indigo,55,3,11
3233,Ashlie Godwyn,Polygender,46,Baileyberg,Western Australia,2021-09-25,2021-09-28,1008,119,1,119,Shirt,Casual Slim Fit,L,green,54,9,3
3234,Ashlie Godwyn,Polygender,46,Baileyberg,Western Australia,2021-09-25,2021-09-28,1009,109,3,327,Shirt,Mandarin Collar,M,yellow,58,9,3
3235,Ashlie Godwyn,Polygender,46,Baileyberg,Western Australia,2021-09-25,2021-09-28,1010,90,1,90,Trousers,Relaxed Leg,M,red,56,9,3
3236,Ashlie Godwyn,Polygender,46,Baileyberg,Western Australia,2021-09-25,2021-09-28,1011,117,2,234,Jacket,Shearling,XL,violet,70,9,3
3237,Ashlie Godwyn,Polygender,46,Baileyberg,Western Australia,2021-01-12,2021-01-31,3121,109,3,327,Shirt,Mandarin Collar,XS,yellow,45,1,19
3238,Ashlie Godwyn,Polygender,46,Baileyberg,Western Australia,2021-01-12,2021-01-31,3122,96,2,192,Trousers,Drawstring,L,violet,62,1,19
3239,Ashlie Godwyn,Polygender,46,Baileyberg,Western Australia,2021-01-12,2021-01-31,3123,93,2,186,Trousers,Joggers,M,yellow,72,1,19
3240,Ashlie Godwyn,Polygender,46,Baileyberg,Western Australia,2021-01-12,2021-01-31,3124,93,3,279,Trousers,Joggers,XL,violet,40,1,19
3241,Ashlie Godwyn,Polygender,46,Baileyberg,Western Australia,2021-01-12,2021-01-31,3125,94,3,282,Trousers,Cords,M,orange,53,1,19
3242,Malory Emmison,Male,51,Lake Nicholasfort,Australian Capital Territory,2021-07-15,2021-07-23,2453,109,2,218,Shirt,Mandarin Collar,L,orange,56,7,8
3243,Malory Emmison,Male,51,Lake Nicholasfort,Australian Capital Territory,2021-07-15,2021-07-23,2454,90,1,90,Trousers,Relaxed Leg,M,indigo,45,7,8
3244,Malory Emmison,Male,51,Lake Nicholasfort,Australian Capital Territory,2021-07-15,2021-07-23,2455,92,2,184,Shirt,Denim,M,indigo,56,7,8
3245,Malory Emmison,Male,51,Lake Nicholasfort,Australian Capital Territory,2021-07-15,2021-07-23,2456,115,1,115,Trousers,Cropped,S,violet,66,7,8
3246,Malory Emmison,Male,51,Lake Nicholasfort,Australian Capital Territory,2021-08-01,2021-08-12,4353,112,2,224,Trousers,Tracksuit Bottoms,S,violet,48,8,11
3247,Malory Emmison,Male,51,Lake Nicholasfort,Australian Capital Territory,2021-08-01,2021-08-12,4354,91,3,273,Jacket,Pullover,XL,green,65,8,11
3248,Malory Emmison,Male,51,Lake Nicholasfort,Australian Capital Territory,2021-08-01,2021-08-12,4355,119,3,357,Jacket,Trench Coat,XS,blue,59,8,11
3249,Malory Emmison,Male,51,Lake Nicholasfort,Australian Capital Territory,2021-08-01,2021-08-12,4356,98,1,98,Shirt,Camp Collared,S,yellow,66,8,11
3250,Malory Emmison,Male,51,Lake Nicholasfort,Australian Capital Territory,2021-08-01,2021-08-12,4357,99,3,297,Trousers,High-Waisted,S,violet,45,8,11
3251,Jaquelyn Dow,Genderfluid,38,New Emmastad,South Australia,2021-04-30,2021-05-05,2227,95,3,285,Shirt,Polo,M,violet,77,4,5
3252,Jaquelyn Dow,Genderfluid,38,New Emmastad,South Australia,2021-04-30,2021-05-05,2228,97,1,97,Trousers,Slim-Fit,XS,yellow,59,4,5
3253,Jaquelyn Dow,Genderfluid,38,New Emmastad,South Australia,2021-04-30,2021-05-05,2229,105,3,315,Shirt,Cuban Collar,S,indigo,41,4,5
3254,Jaquelyn Dow,Genderfluid,38,New Emmastad,South Australia,2021-04-30,2021-05-05,2230,117,1,117,Jacket,Shearling,M,violet,74,4,5
3255,Jaquelyn Dow,Genderfluid,38,New Emmastad,South Australia,2021-04-30,2021-05-05,2231,102,1,102,Jacket,Windbreaker,M,indigo,56,4,5
3256,Jaquelyn Dow,Genderfluid,38,New Emmastad,South Australia,2021-04-30,2021-05-05,2232,106,3,318,Shirt,Chambray,S,orange,69,4,5
3257,Jaquelyn Dow,Genderfluid,38,New Emmastad,South Australia,2021-09-11,2021-09-27,2506,117,2,234,Jacket,Shearling,M,green,59,9,16
3258,Jaquelyn Dow,Genderfluid,38,New Emmastad,South Australia,2021-09-11,2021-09-27,2507,117,2,234,Jacket,Shearling,XL,violet,70,9,16
3259,Jaquelyn Dow,Genderfluid,38,New Emmastad,South Australia,2021-09-11,2021-09-27,2508,90,2,180,Trousers,Relaxed Leg,XL,yellow,54,9,16
3260,Jaquelyn Dow,Genderfluid,38,New Emmastad,South Australia,2021-09-11,2021-09-27,2509,109,2,218,Jacket,Peacoat,M,blue,71,9,16
3261,Jaquelyn Dow,Genderfluid,38,New Emmastad,South Australia,2021-09-11,2021-09-27,2510,93,3,279,Trousers,Joggers,L,indigo,42,9,16
3262,Jaquelyn Dow,Genderfluid,38,New Emmastad,South Australia,2021-10-19,2021-11-12,3025,93,3,279,Trousers,Joggers,L,red,63,10,24
3263,Jaquelyn Dow,Genderfluid,38,New Emmastad,South Australia,2021-10-19,2021-11-12,3026,118,2,236,Jacket,Puffer,L,green,43,10,24
3264,Jaquelyn Dow,Genderfluid,38,New Emmastad,South Australia,2021-10-19,2021-11-12,3027,99,3,297,Trousers,High-Waisted,XS,red,74,10,24
3265,Jaquelyn Dow,Genderfluid,38,New Emmastad,South Australia,2021-10-19,2021-11-12,3028,94,2,188,Trousers,Cords,S,yellow,68,10,24
3266,Jaquelyn Dow,Genderfluid,38,New Emmastad,South Australia,2021-10-19,2021-11-12,3029,106,1,106,Trousers,Wool,XL,yellow,72,10,24
3267,Willey Tolley,Genderfluid,74,Schneiderbury,Northern Territory,2021-06-21,2021-07-07,4456,93,2,186,Jacket,Coach,XL,violet,60,6,16
3268,Willey Tolley,Genderfluid,74,Schneiderbury,Northern Territory,2021-06-21,2021-07-07,4457,102,1,102,Trousers,Cargo Pants,S,orange,60,6,16
3269,Willey Tolley,Genderfluid,74,Schneiderbury,Northern Territory,2021-06-21,2021-07-07,4458,93,2,186,Trousers,Joggers,M,red,43,6,16
3270,Willey Tolley,Genderfluid,74,Schneiderbury,Northern Territory,2021-06-21,2021-07-07,4459,119,3,357,Jacket,Trench Coat,XS,orange,69,6,16
3271,Willey Tolley,Genderfluid,74,Schneiderbury,Northern Territory,2021-06-21,2021-07-07,4460,112,3,336,Trousers,Tracksuit Bottoms,M,blue,61,6,16
3272,Willey Tolley,Genderfluid,74,Schneiderbury,Northern Territory,2021-06-21,2021-07-07,4461,98,1,98,Jacket,Leather,XS,blue,77,6,16
3273,Willey Tolley,Genderfluid,74,Schneiderbury,Northern Territory,2021-06-21,2021-07-07,4462,94,3,282,Shirt,Henley,XL,orange,52,6,16
3274,Willey Tolley,Genderfluid,74,Schneiderbury,Northern Territory,2021-06-21,2021-07-07,4463,117,1,117,Jacket,Shearling,L,violet,61,6,16
3275,Willey Tolley,Genderfluid,74,Schneiderbury,Northern Territory,2021-06-21,2021-07-07,4464,102,3,306,Trousers,Cargo Pants,S,red,63,6,16
3276,Willey Tolley,Genderfluid,74,Schneiderbury,Northern Territory,2021-06-21,2021-07-07,4465,98,3,294,Shirt,Camp Collared,XL,yellow,44,6,16
3277,Beckie Nasey,Genderfluid,61,Evastad,South Australia,2021-03-11,2021-04-04,4011,109,3,327,Shirt,Mandarin Collar,S,green,74,3,24
3278,Beckie Nasey,Genderfluid,61,Evastad,South Australia,2021-03-11,2021-04-04,4012,105,3,315,Trousers,Pleated,L,green,47,3,24
3279,Beckie Nasey,Genderfluid,61,Evastad,South Australia,2021-03-11,2021-04-04,4013,94,1,94,Trousers,Cords,S,yellow,68,3,24
3280,Beckie Nasey,Genderfluid,61,Evastad,South Australia,2021-03-11,2021-04-04,4014,105,1,105,Trousers,Pleated,S,red,78,3,24
3281,Beckie Nasey,Genderfluid,61,Evastad,South Australia,2021-03-11,2021-04-04,4015,96,1,96,Shirt,Oxford Cloth,M,green,60,3,24
3282,Roley Cassedy,Male,63,North Isabelleside,South Australia,2021-05-17,2021-05-22,108,106,2,212,Shirt,Chambray,L,indigo,79,5,5
3283,Roley Cassedy,Male,63,North Isabelleside,South Australia,2021-05-17,2021-05-22,109,117,3,351,Jacket,Shearling,XL,red,42,5,5
3284,Pieter Bruton,Polygender,21,Lachlanstad,Queensland,2021-09-27,2021-10-18,4282,98,2,196,Jacket,Leather,XL,blue,67,9,21
3285,Pieter Bruton,Polygender,21,Lachlanstad,Queensland,2021-09-27,2021-10-18,4283,98,3,294,Jacket,Leather,XS,green,57,9,21
3286,Pieter Bruton,Polygender,21,Lachlanstad,Queensland,2021-09-27,2021-10-18,4284,100,2,200,Jacket,Bomber,L,orange,71,9,21
3287,Pieter Bruton,Polygender,21,Lachlanstad,Queensland,2021-09-27,2021-10-18,4285,104,1,104,Shirt,Dress,XS,yellow,69,9,21
3288,Pieter Bruton,Polygender,21,Lachlanstad,Queensland,2021-09-27,2021-10-18,4286,90,2,180,Trousers,Relaxed Leg,XS,red,52,9,21
3289,Pieter Bruton,Polygender,21,Lachlanstad,Queensland,2021-09-27,2021-10-18,4287,98,2,196,Jacket,Leather,XS,yellow,73,9,21
3290,Pieter Bruton,Polygender,21,Lachlanstad,Queensland,2021-09-27,2021-10-18,4288,105,3,315,Trousers,Pleated,XS,violet,58,9,21
3291,Gareth Bindon,Female,42,West Sebastianfort,Victoria,2021-06-01,2021-06-16,1002,95,1,95,Shirt,Polo,XL,red,76,6,15
3292,Gareth Bindon,Female,42,West Sebastianfort,Victoria,2021-06-01,2021-06-16,1003,104,3,312,Shirt,Dress,S,violet,69,6,15
3293,Gareth Bindon,Female,42,West Sebastianfort,Victoria,2021-06-01,2021-06-16,1004,109,2,218,Shirt,Mandarin Collar,XS,indigo,80,6,15
3294,Gareth Bindon,Female,42,West Sebastianfort,Victoria,2021-06-01,2021-06-16,1005,98,2,196,Jacket,Leather,S,green,77,6,15
3295,Gareth Bindon,Female,42,West Sebastianfort,Victoria,2021-06-01,2021-06-16,1006,96,1,96,Trousers,Drawstring,M,red,70,6,15
3296,Gareth Bindon,Female,42,West Sebastianfort,Victoria,2021-06-01,2021-06-16,1007,98,3,294,Jacket,Leather,L,indigo,79,6,15
3297,Jillene Goodbanne,Agender,77,Mitchellhaven,South Australia,2021-01-20,2021-01-26,1862,91,1,91,Jacket,Pullover,L,orange,56,1,6
3298,Jillene Goodbanne,Agender,77,Mitchellhaven,South Australia,2021-01-20,2021-01-26,1863,102,2,204,Trousers,Cargo Pants,M,red,52,1,6
3299,Jillene Goodbanne,Agender,77,Mitchellhaven,South Australia,2021-01-20,2021-01-26,1864,93,3,279,Jacket,Coach,XL,blue,46,1,6
3300,Orran Skip,Male,25,Port Eveland,South Australia,2021-03-23,2021-03-30,1082,94,3,282,Trousers,Cords,L,orange,74,3,7
3301,Orran Skip,Male,25,Port Eveland,South Australia,2021-03-23,2021-03-30,1083,94,1,94,Shirt,Henley,L,blue,60,3,7
3302,Orran Skip,Male,25,Port Eveland,South Australia,2021-03-23,2021-03-30,1084,117,1,117,Jacket,Shearling,M,indigo,74,3,7
3303,Orran Skip,Male,25,Port Eveland,South Australia,2021-03-23,2021-03-30,1085,96,1,96,Shirt,Oxford Cloth,L,yellow,75,3,7
3304,Orran Skip,Male,25,Port Eveland,South Australia,2021-03-23,2021-03-30,1086,115,3,345,Trousers,Cropped,M,violet,47,3,7
3305,Orran Skip,Male,25,Port Eveland,South Australia,2021-03-23,2021-03-30,1087,118,2,236,Shirt,Flannel,S,blue,43,3,7
3306,Orran Skip,Male,25,Port Eveland,South Australia,2021-03-23,2021-03-30,1088,100,3,300,Jacket,Bomber,L,blue,64,3,7
3307,Orran Skip,Male,25,Port Eveland,South Australia,2021-02-09,2021-02-18,4793,113,3,339,Trousers,Chinos,S,indigo,67,2,9
3308,Orran Skip,Male,25,Port Eveland,South Australia,2021-02-09,2021-02-18,4794,109,3,327,Jacket,Peacoat,XS,green,61,2,9
3309,Orran Skip,Male,25,Port Eveland,South Australia,2021-02-09,2021-02-18,4795,109,3,327,Shirt,Mandarin Collar,S,yellow,76,2,9
3310,Orran Skip,Male,25,Port Eveland,South Australia,2021-02-09,2021-02-18,4796,94,2,188,Shirt,Henley,M,green,65,2,9
3311,Orran Skip,Male,25,Port Eveland,South Australia,2021-02-09,2021-02-18,4797,95,1,95,Shirt,Polo,M,green,62,2,9
3312,Orran Skip,Male,25,Port Eveland,South Australia,2021-02-09,2021-02-18,4798,119,3,357,Shirt,Casual Slim Fit,M,red,67,2,9
3313,Ira Dafforne,Non-binary,57,Sophiemouth,Tasmania,2021-10-15,2021-10-16,43,109,3,327,Shirt,Mandarin Collar,XS,yellow,45,10,1
3314,Ira Dafforne,Non-binary,57,Sophiemouth,Tasmania,2021-10-15,2021-10-16,44,113,2,226,Trousers,Chinos,XS,blue,69,10,1
3315,Ira Dafforne,Non-binary,57,Sophiemouth,Tasmania,2021-10-15,2021-10-16,45,107,3,321,Jacket,Denim,S,orange,51,10,1
3316,Ira Dafforne,Non-binary,57,Sophiemouth,Tasmania,2021-04-05,2021-04-06,1333,113,2,226,Jacket,Parka,XS,indigo,57,4,1
3317,Ira Dafforne,Non-binary,57,Sophiemouth,Tasmania,2021-04-05,2021-04-06,1334,96,2,192,Trousers,Drawstring,XL,violet,80,4,1
3318,Ira Dafforne,Non-binary,57,Sophiemouth,Tasmania,2021-04-05,2021-04-06,1335,99,2,198,Trousers,High-Waisted,XS,indigo,47,4,1
3319,Ira Dafforne,Non-binary,57,Sophiemouth,Tasmania,2021-04-05,2021-04-06,1336,98,2,196,Shirt,Camp Collared,S,orange,62,4,1
3320,Ira Dafforne,Non-binary,57,Sophiemouth,Tasmania,2021-04-05,2021-04-06,1337,109,3,327,Jacket,Peacoat,XS,orange,78,4,1
3321,Ira Dafforne,Non-binary,57,Sophiemouth,Tasmania,2021-04-05,2021-04-06,1338,90,3,270,Trousers,Relaxed Leg,M,blue,72,4,1
3322,Ira Dafforne,Non-binary,57,Sophiemouth,Tasmania,2021-04-05,2021-04-06,1339,92,2,184,Shirt,Denim,S,blue,47,4,1
3323,Ira Dafforne,Non-binary,57,Sophiemouth,Tasmania,2021-08-28,2021-09-10,3481,105,2,210,Shirt,Cuban Collar,XL,violet,44,8,13
3324,Ira Dafforne,Non-binary,57,Sophiemouth,Tasmania,2021-08-28,2021-09-10,3482,96,2,192,Trousers,Drawstring,XL,red,77,8,13
3325,Ira Dafforne,Non-binary,57,Sophiemouth,Tasmania,2021-08-28,2021-09-10,3483,118,1,118,Jacket,Puffer,L,violet,49,8,13
3326,Ira Dafforne,Non-binary,57,Sophiemouth,Tasmania,2021-08-28,2021-09-10,3484,109,3,327,Shirt,Mandarin Collar,XL,red,64,8,13
3327,Slade Villaret,Genderfluid,47,Charlesshire,Australian Capital Territory,2021-01-15,2021-02-01,3829,119,1,119,Jacket,Trench Coat,S,orange,41,1,17
3328,Slade Villaret,Genderfluid,47,Charlesshire,Australian Capital Territory,2021-01-15,2021-02-01,3830,106,3,318,Shirt,Chambray,M,indigo,62,1,17
3329,Slade Villaret,Genderfluid,47,Charlesshire,Australian Capital Territory,2021-01-15,2021-02-01,3831,96,2,192,Shirt,Oxford Cloth,L,indigo,70,1,17
3330,Slade Villaret,Genderfluid,47,Charlesshire,Australian Capital Territory,2021-01-15,2021-02-01,3832,90,1,90,Trousers,Relaxed Leg,S,violet,75,1,17
3331,Engracia Abilowitz,Male,45,North Beau,Western Australia,2021-05-16,2021-05-31,1774,106,3,318,Shirt,Chambray,M,yellow,62,5,15
3332,Engracia Abilowitz,Male,45,North Beau,Western Australia,2021-05-16,2021-05-31,1775,113,2,226,Jacket,Parka,XL,indigo,78,5,15
3333,Engracia Abilowitz,Male,45,North Beau,Western Australia,2021-05-16,2021-05-31,1776,93,1,93,Trousers,Joggers,XL,green,56,5,15
3334,Engracia Abilowitz,Male,45,North Beau,Western Australia,2021-05-16,2021-05-31,1777,105,1,105,Trousers,Pleated,L,red,70,5,15
3335,Nerita Peotz,Female,58,Pipershire,Queensland,2021-09-30,2021-10-05,4703,102,3,306,Jacket,Windbreaker,L,indigo,67,9,5
3336,Nerita Peotz,Female,58,Pipershire,Queensland,2021-09-30,2021-10-05,4704,105,3,315,Trousers,Pleated,XL,violet,65,9,5
3337,Dannie Fidler,Genderfluid,32,East Max,Tasmania,2021-01-10,2021-01-27,803,90,3,270,Trousers,Relaxed Leg,M,blue,72,1,17
3338,Dannie Fidler,Genderfluid,32,East Max,Tasmania,2021-01-10,2021-01-27,804,115,3,345,Trousers,Cropped,M,indigo,73,1,17
3339,Dannie Fidler,Genderfluid,32,East Max,Tasmania,2021-01-10,2021-01-27,805,96,1,96,Shirt,Oxford Cloth,XL,green,42,1,17
3340,Dannie Fidler,Genderfluid,32,East Max,Tasmania,2021-01-10,2021-01-27,806,107,1,107,Jacket,Denim,XL,green,59,1,17
3341,Dannie Fidler,Genderfluid,32,East Max,Tasmania,2021-01-10,2021-01-27,807,112,2,224,Jacket,Cardigan,XS,yellow,46,1,17
3342,Dannie Fidler,Genderfluid,32,East Max,Tasmania,2021-10-04,2021-10-26,1093,113,2,226,Jacket,Parka,M,blue,54,10,22
3343,Dannie Fidler,Genderfluid,32,East Max,Tasmania,2021-10-04,2021-10-26,1094,94,1,94,Shirt,Henley,M,violet,44,10,22
3344,Dannie Fidler,Genderfluid,32,East Max,Tasmania,2021-10-04,2021-10-26,1095,100,2,200,Jacket,Bomber,XS,green,48,10,22
3345,Dannie Fidler,Genderfluid,32,East Max,Tasmania,2021-10-04,2021-10-26,1096,109,2,218,Shirt,Mandarin Collar,L,yellow,78,10,22
3346,Dannie Fidler,Genderfluid,32,East Max,Tasmania,2021-10-04,2021-10-26,1097,109,3,327,Shirt,Mandarin Collar,L,red,54,10,22
3347,Dannie Fidler,Genderfluid,32,East Max,Tasmania,2021-10-04,2021-10-26,1098,106,3,318,Shirt,Chambray,L,violet,53,10,22
3348,Dannie Fidler,Genderfluid,32,East Max,Tasmania,2021-04-29,2021-05-19,2732,91,2,182,Shirt,Linen,L,yellow,72,4,20
3349,Dannie Fidler,Genderfluid,32,East Max,Tasmania,2021-04-29,2021-05-19,2733,94,3,282,Shirt,Henley,M,red,52,4,20
3350,Dannie Fidler,Genderfluid,32,East Max,Tasmania,2021-04-29,2021-05-19,2734,118,1,118,Shirt,Flannel,XL,orange,50,4,20
3351,Dannie Fidler,Genderfluid,32,East Max,Tasmania,2021-04-29,2021-05-19,2735,97,2,194,Trousers,Slim-Fit,S,green,70,4,20
3352,Dannie Fidler,Genderfluid,32,East Max,Tasmania,2021-04-29,2021-05-19,2736,109,1,109,Shirt,Mandarin Collar,XL,indigo,77,4,20
3353,Dannie Fidler,Genderfluid,32,East Max,Tasmania,2021-03-04,2021-03-28,4091,119,3,357,Shirt,Casual Slim Fit,L,yellow,63,3,24
3354,Dannie Fidler,Genderfluid,32,East Max,Tasmania,2021-03-04,2021-03-28,4092,96,3,288,Shirt,Oxford Cloth,S,yellow,78,3,24
3355,Dannie Fidler,Genderfluid,32,East Max,Tasmania,2021-03-04,2021-03-28,4093,106,1,106,Trousers,Wool,L,red,74,3,24
3356,Dannie Fidler,Genderfluid,32,East Max,Tasmania,2021-03-04,2021-03-28,4094,118,3,354,Jacket,Puffer,L,violet,49,3,24
3357,Dannie Fidler,Genderfluid,32,East Max,Tasmania,2021-03-04,2021-03-28,4095,109,2,218,Shirt,Mandarin Collar,M,indigo,51,3,24
3358,Dannie Fidler,Genderfluid,32,East Max,Tasmania,2021-03-04,2021-03-28,4096,104,2,208,Shirt,Dress,XL,yellow,75,3,24
3359,Dannie Fidler,Genderfluid,32,East Max,Tasmania,2021-03-04,2021-03-28,4097,119,3,357,Jacket,Trench Coat,M,indigo,42,3,24
3360,Dannie Fidler,Genderfluid,32,East Max,Tasmania,2021-07-26,2021-08-15,4483,118,3,354,Shirt,Flannel,XL,green,77,7,20
3361,Dannie Fidler,Genderfluid,32,East Max,Tasmania,2021-07-26,2021-08-15,4484,117,1,117,Jacket,Shearling,XS,violet,75,7,20
3362,Dannie Fidler,Genderfluid,32,East Max,Tasmania,2021-07-26,2021-08-15,4485,112,2,224,Jacket,Cardigan,XS,orange,46,7,20
3363,Dannie Fidler,Genderfluid,32,East Max,Tasmania,2021-07-26,2021-08-15,4486,93,1,93,Jacket,Coach,L,yellow,53,7,20
3364,Dannie Fidler,Genderfluid,32,East Max,Tasmania,2021-07-26,2021-08-15,4487,118,2,236,Shirt,Flannel,XS,red,42,7,20
3365,Dannie Fidler,Genderfluid,32,East Max,Tasmania,2021-07-26,2021-08-15,4488,119,1,119,Jacket,Trench Coat,XS,red,78,7,20
3366,Jedidiah Sydall,Genderfluid,61,Kiehnstad,Australian Capital Territory,2021-05-13,2021-05-20,3578,106,1,106,Shirt,Chambray,S,blue,61,5,7
3367,Jedidiah Sydall,Genderfluid,61,Kiehnstad,Australian Capital Territory,2021-05-13,2021-05-20,3579,93,1,93,Trousers,Joggers,XS,blue,67,5,7
3368,Jedidiah Sydall,Genderfluid,61,Kiehnstad,Australian Capital Territory,2021-05-13,2021-05-20,3580,96,1,96,Trousers,Drawstring,XS,indigo,61,5,7
3369,Jedidiah Sydall,Genderfluid,61,Kiehnstad,Australian Capital Territory,2021-05-13,2021-05-20,3581,113,2,226,Trousers,Chinos,L,orange,60,5,7
3370,Jedidiah Sydall,Genderfluid,61,Kiehnstad,Australian Capital Territory,2021-05-13,2021-05-20,3582,112,2,224,Trousers,Tracksuit Bottoms,L,blue,72,5,7
3371,Jedidiah Sydall,Genderfluid,61,Kiehnstad,Australian Capital Territory,2021-05-13,2021-05-20,3583,90,1,90,Trousers,Relaxed Leg,L,red,63,5,7
3372,Jedidiah Sydall,Genderfluid,61,Kiehnstad,Australian Capital Territory,2021-05-13,2021-05-20,3584,96,2,192,Shirt,Oxford Cloth,XL,blue,60,5,7
3373,Jedidiah Sydall,Genderfluid,61,Kiehnstad,Australian Capital Territory,2021-05-13,2021-05-20,3585,107,3,321,Jacket,Denim,M,blue,61,5,7
3374,Jedidiah Sydall,Genderfluid,61,Kiehnstad,Australian Capital Territory,2021-05-13,2021-05-20,3586,92,1,92,Shirt,Denim,M,yellow,67,5,7
3375,Jedidiah Sydall,Genderfluid,61,Kiehnstad,Australian Capital Territory,2021-05-13,2021-05-20,3587,112,2,224,Trousers,Tracksuit Bottoms,XS,violet,67,5,7
3376,Jedidiah Sydall,Genderfluid,61,Kiehnstad,Australian Capital Territory,2021-05-13,2021-05-20,3588,96,2,192,Trousers,Drawstring,S,yellow,74,5,7
3377,Jedidiah Sydall,Genderfluid,61,Kiehnstad,Australian Capital Territory,2021-05-13,2021-05-20,3589,113,2,226,Trousers,Chinos,M,blue,41,5,7
3378,Annice Kelcey,Polygender,30,New Beau,Victoria,2021-01-05,2021-01-10,1067,95,2,190,Shirt,Polo,XL,violet,79,1,5
3379,Annice Kelcey,Polygender,30,New Beau,Victoria,2021-01-05,2021-01-10,1068,113,1,113,Trousers,Chinos,M,violet,54,1,5
3380,Annice Kelcey,Polygender,30,New Beau,Victoria,2021-01-05,2021-01-10,1069,105,1,105,Shirt,Cuban Collar,L,orange,65,1,5
3381,Annice Kelcey,Polygender,30,New Beau,Victoria,2021-01-05,2021-01-10,1070,97,1,97,Trousers,Slim-Fit,S,yellow,54,1,5
3382,Bobbi Pickerill,Genderfluid,68,Bauchland,Victoria,2021-01-27,2021-02-20,4449,91,1,91,Shirt,Linen,L,yellow,72,1,24
3383,Bobbi Pickerill,Genderfluid,68,Bauchland,Victoria,2021-01-27,2021-02-20,4450,94,2,188,Shirt,Henley,S,orange,46,1,24
3384,Bobbi Pickerill,Genderfluid,68,Bauchland,Victoria,2021-01-27,2021-02-20,4451,94,2,188,Trousers,Cords,XS,violet,76,1,24
3385,Bobbi Pickerill,Genderfluid,68,Bauchland,Victoria,2021-01-27,2021-02-20,4452,97,2,194,Trousers,Slim-Fit,M,violet,51,1,24
3386,Bobbi Pickerill,Genderfluid,68,Bauchland,Victoria,2021-01-27,2021-02-20,4453,98,2,196,Shirt,Camp Collared,M,green,41,1,24
3387,Carlynn McCabe,Male,59,New Angelina,South Australia,2021-09-17,2021-10-06,1683,117,1,117,Jacket,Shearling,XS,indigo,68,9,19
3388,Carlynn McCabe,Male,59,New Angelina,South Australia,2021-09-17,2021-10-06,1684,94,2,188,Shirt,Henley,L,indigo,44,9,19
3389,Carlynn McCabe,Male,59,New Angelina,South Australia,2021-09-17,2021-10-06,1685,109,3,327,Jacket,Peacoat,S,blue,50,9,19
3390,Marthena Matterson,Bigender,36,Goodwinmouth,South Australia,2021-10-17,2021-11-07,725,109,1,109,Shirt,Mandarin Collar,M,violet,76,10,21
3391,Marthena Matterson,Bigender,36,Goodwinmouth,South Australia,2021-10-17,2021-11-07,726,90,1,90,Trousers,Relaxed Leg,L,indigo,48,10,21
3392,Marthena Matterson,Bigender,36,Goodwinmouth,South Australia,2021-10-17,2021-11-07,727,91,1,91,Shirt,Linen,XL,violet,73,10,21
3393,Marthena Matterson,Bigender,36,Goodwinmouth,South Australia,2021-10-17,2021-11-07,728,93,2,186,Jacket,Coach,XS,red,71,10,21
3394,Marthena Matterson,Bigender,36,Goodwinmouth,South Australia,2021-10-17,2021-11-07,729,112,2,224,Jacket,Cardigan,XS,violet,40,10,21
3395,Marthena Matterson,Bigender,36,Goodwinmouth,South Australia,2021-09-26,2021-10-05,3625,95,3,285,Shirt,Polo,XS,blue,56,9,9
3396,Marthena Matterson,Bigender,36,Goodwinmouth,South Australia,2021-09-26,2021-10-05,3626,96,1,96,Shirt,Oxford Cloth,M,violet,65,9,9
3397,Marthena Matterson,Bigender,36,Goodwinmouth,South Australia,2021-09-26,2021-10-05,3627,105,3,315,Trousers,Pleated,M,indigo,48,9,9
3398,Marthena Matterson,Bigender,36,Goodwinmouth,South Australia,2021-09-26,2021-10-05,3628,112,1,112,Trousers,Tracksuit Bottoms,XL,orange,42,9,9
3399,Haslett Edwins,Bigender,59,Kaylafurt,Northern Territory,2021-01-02,2021-01-25,2525,118,2,236,Jacket,Puffer,M,red,62,1,23
3400,Haslett Edwins,Bigender,59,Kaylafurt,Northern Territory,2021-01-02,2021-01-25,2526,92,2,184,Shirt,Denim,S,blue,47,1,23
3401,Haslett Edwins,Bigender,59,Kaylafurt,Northern Territory,2021-01-02,2021-01-25,2527,113,3,339,Trousers,Chinos,S,red,62,1,23
3402,Haslett Edwins,Bigender,59,Kaylafurt,Northern Territory,2021-01-02,2021-01-25,2528,102,3,306,Jacket,Windbreaker,L,blue,41,1,23
3403,Haslett Edwins,Bigender,59,Kaylafurt,Northern Territory,2021-01-02,2021-01-25,2529,112,2,224,Jacket,Cardigan,XL,indigo,78,1,23
3404,Nady Buston,Female,33,North Mikayla,Tasmania,2021-02-12,2021-02-25,3334,102,3,306,Jacket,Windbreaker,L,violet,72,2,13
3405,Nady Buston,Female,33,North Mikayla,Tasmania,2021-02-12,2021-02-25,3335,93,2,186,Jacket,Coach,L,violet,80,2,13
3406,Nady Buston,Female,33,North Mikayla,Tasmania,2021-02-12,2021-02-25,3336,106,3,318,Trousers,Wool,XL,blue,41,2,13
3407,Nady Buston,Female,33,North Mikayla,Tasmania,2021-02-12,2021-02-25,3337,119,3,357,Jacket,Trench Coat,L,orange,70,2,13
3408,Nady Buston,Female,33,North Mikayla,Tasmania,2021-02-12,2021-02-25,3338,95,3,285,Shirt,Polo,XS,violet,67,2,13
3409,Nady Buston,Female,33,North Mikayla,Tasmania,2021-07-12,2021-07-14,4913,112,3,336,Trousers,Tracksuit Bottoms,XS,red,55,7,2
3410,Nady Buston,Female,33,North Mikayla,Tasmania,2021-07-12,2021-07-14,4914,96,1,96,Trousers,Drawstring,S,yellow,74,7,2
3411,Nady Buston,Female,33,North Mikayla,Tasmania,2021-07-12,2021-07-14,4915,115,3,345,Trousers,Cropped,L,red,63,7,2
3412,Nady Buston,Female,33,North Mikayla,Tasmania,2021-07-12,2021-07-14,4916,109,3,327,Shirt,Mandarin Collar,XS,yellow,45,7,2
3413,Nady Buston,Female,33,North Mikayla,Tasmania,2021-07-12,2021-07-14,4917,113,1,113,Jacket,Parka,M,red,56,7,2
3414,Dare Andrich,Agender,79,East Alex,New South Wales,2021-09-14,2021-09-27,1037,95,3,285,Shirt,Polo,M,green,62,9,13
3415,Dare Andrich,Agender,79,East Alex,New South Wales,2021-09-14,2021-09-27,1038,94,1,94,Trousers,Cords,M,violet,77,9,13
3416,Dare Andrich,Agender,79,East Alex,New South Wales,2021-09-14,2021-09-27,1039,109,3,327,Jacket,Peacoat,XL,blue,77,9,13
3417,Dare Andrich,Agender,79,East Alex,New South Wales,2021-09-14,2021-09-27,1040,106,2,212,Trousers,Wool,M,indigo,56,9,13
3418,Dare Andrich,Agender,79,East Alex,New South Wales,2021-09-14,2021-09-27,1041,109,1,109,Jacket,Peacoat,M,red,59,9,13
3419,Dare Andrich,Agender,79,East Alex,New South Wales,2021-09-14,2021-09-27,1042,104,1,104,Shirt,Dress,XS,blue,41,9,13
3420,Dare Andrich,Agender,79,East Alex,New South Wales,2021-09-14,2021-09-27,1043,102,3,306,Jacket,Windbreaker,M,violet,64,9,13
3421,Osgood Percifer,Genderqueer,76,Cameronton,Western Australia,2021-10-11,2021-10-28,1498,109,1,109,Shirt,Mandarin Collar,XL,violet,71,10,17
3422,Osgood Percifer,Genderqueer,76,Cameronton,Western Australia,2021-10-11,2021-10-28,1499,94,3,282,Trousers,Cords,S,yellow,68,10,17
3423,Osgood Percifer,Genderqueer,76,Cameronton,Western Australia,2021-10-11,2021-10-28,1500,93,2,186,Trousers,Joggers,XS,blue,67,10,17
3424,Osgood Percifer,Genderqueer,76,Cameronton,Western Australia,2021-10-11,2021-10-28,1501,99,3,297,Trousers,High-Waisted,M,blue,52,10,17
3425,Osgood Percifer,Genderqueer,76,Cameronton,Western Australia,2021-02-04,2021-03-01,2587,96,2,192,Trousers,Drawstring,XS,yellow,41,2,25
3426,Osgood Percifer,Genderqueer,76,Cameronton,Western Australia,2021-02-04,2021-03-01,2588,102,2,204,Trousers,Cargo Pants,S,green,79,2,25
3427,Osgood Percifer,Genderqueer,76,Cameronton,Western Australia,2021-02-04,2021-03-01,2589,96,3,288,Shirt,Oxford Cloth,XS,violet,74,2,25
3428,Osgood Percifer,Genderqueer,76,Cameronton,Western Australia,2021-02-04,2021-03-01,2590,118,2,236,Jacket,Puffer,XS,yellow,55,2,25
3429,Osgood Percifer,Genderqueer,76,Cameronton,Western Australia,2021-02-04,2021-03-01,2591,115,2,230,Trousers,Cropped,S,orange,78,2,25
3430,Osgood Percifer,Genderqueer,76,Cameronton,Western Australia,2021-02-04,2021-03-01,2592,97,1,97,Trousers,Slim-Fit,XS,violet,70,2,25
3431,Osgood Percifer,Genderqueer,76,Cameronton,Western Australia,2021-02-04,2021-03-01,2593,92,1,92,Shirt,Denim,L,violet,78,2,25
3432,Osgood Percifer,Genderqueer,76,Cameronton,Western Australia,2021-02-04,2021-03-01,2594,97,3,291,Trousers,Slim-Fit,XL,orange,78,2,25
3433,Osgood Percifer,Genderqueer,76,Cameronton,Western Australia,2021-02-04,2021-03-01,2595,93,2,186,Trousers,Joggers,M,red,43,2,25
3434,Osgood Percifer,Genderqueer,76,Cameronton,Western Australia,2021-02-04,2021-03-01,2596,98,1,98,Shirt,Camp Collared,XL,indigo,42,2,25
3435,Camellia Heatherington,Bigender,78,Taylorfurt,New South Wales,2021-04-19,2021-04-29,334,118,3,354,Shirt,Flannel,S,yellow,42,4,10
3436,Camellia Heatherington,Bigender,78,Taylorfurt,New South Wales,2021-04-19,2021-04-29,335,113,1,113,Jacket,Parka,M,orange,51,4,10
3437,Camellia Heatherington,Bigender,78,Taylorfurt,New South Wales,2021-04-19,2021-04-29,336,119,3,357,Shirt,Casual Slim Fit,XS,orange,43,4,10
3438,Camellia Heatherington,Bigender,78,Taylorfurt,New South Wales,2021-04-19,2021-04-29,337,112,1,112,Jacket,Cardigan,XL,green,64,4,10
3439,Camellia Heatherington,Bigender,78,Taylorfurt,New South Wales,2021-04-19,2021-04-29,338,98,3,294,Jacket,Leather,XS,yellow,73,4,10
3440,Camellia Heatherington,Bigender,78,Taylorfurt,New South Wales,2021-04-19,2021-04-29,339,99,2,198,Trousers,High-Waisted,XS,yellow,64,4,10
3441,Camellia Heatherington,Bigender,78,Taylorfurt,New South Wales,2021-04-19,2021-04-29,340,94,1,94,Shirt,Henley,XL,yellow,55,4,10
3442,Camellia Heatherington,Bigender,78,Taylorfurt,New South Wales,2021-04-19,2021-04-29,341,105,1,105,Trousers,Pleated,S,violet,50,4,10
3443,Camellia Heatherington,Bigender,78,Taylorfurt,New South Wales,2021-04-19,2021-04-29,342,94,3,282,Trousers,Cords,L,red,53,4,10
3444,Camellia Heatherington,Bigender,78,Taylorfurt,New South Wales,2021-04-19,2021-04-29,343,91,3,273,Jacket,Pullover,M,yellow,49,4,10
3445,Camellia Heatherington,Bigender,78,Taylorfurt,New South Wales,2021-04-19,2021-04-29,344,117,3,351,Jacket,Shearling,XL,yellow,63,4,10
3446,Camellia Heatherington,Bigender,78,Taylorfurt,New South Wales,2021-04-19,2021-04-29,345,100,2,200,Jacket,Bomber,M,green,61,4,10
3447,Camellia Heatherington,Bigender,78,Taylorfurt,New South Wales,2021-04-03,2021-04-08,3107,118,1,118,Shirt,Flannel,XL,blue,61,4,5
3448,Camellia Heatherington,Bigender,78,Taylorfurt,New South Wales,2021-04-03,2021-04-08,3108,93,2,186,Trousers,Joggers,XL,blue,52,4,5
3449,Camellia Heatherington,Bigender,78,Taylorfurt,New South Wales,2021-08-10,2021-08-27,4289,104,3,312,Shirt,Dress,XS,red,63,8,17
3450,Shermy Mulbry,Polygender,79,West Alyssaton,Victoria,2021-05-13,2021-05-29,346,119,3,357,Jacket,Trench Coat,L,violet,76,5,16
3451,Shermy Mulbry,Polygender,79,West Alyssaton,Victoria,2021-05-13,2021-05-29,347,115,2,230,Trousers,Cropped,S,red,47,5,16
3452,Shermy Mulbry,Polygender,79,West Alyssaton,Victoria,2021-05-13,2021-05-29,348,106,2,212,Trousers,Wool,S,blue,55,5,16
3453,Alon Abramsky,Polygender,27,Sofiahaven,Western Australia,2021-05-23,2021-06-07,3049,119,1,119,Shirt,Casual Slim Fit,XS,blue,55,5,15
3454,Alon Abramsky,Polygender,27,Sofiahaven,Western Australia,2021-05-23,2021-06-07,3050,91,1,91,Jacket,Pullover,M,orange,60,5,15
3455,Alon Abramsky,Polygender,27,Sofiahaven,Western Australia,2021-05-23,2021-06-07,3051,112,1,112,Jacket,Cardigan,XL,indigo,78,5,15
3456,Alon Abramsky,Polygender,27,Sofiahaven,Western Australia,2021-05-23,2021-06-07,3052,119,2,238,Shirt,Casual Slim Fit,XS,blue,55,5,15
3457,Alon Abramsky,Polygender,27,Sofiahaven,Western Australia,2021-05-23,2021-06-07,3053,115,3,345,Trousers,Cropped,S,blue,62,5,15
3458,Alon Abramsky,Polygender,27,Sofiahaven,Western Australia,2021-05-23,2021-06-07,3054,107,3,321,Jacket,Denim,L,indigo,67,5,15
3459,Esteban Hensmans,Genderfluid,45,West Finnberg,Australian Capital Territory,2021-01-11,2021-02-05,1217,91,1,91,Jacket,Pullover,M,red,55,1,25
3460,Esteban Hensmans,Genderfluid,45,West Finnberg,Australian Capital Territory,2021-01-11,2021-02-05,1218,119,2,238,Shirt,Casual Slim Fit,M,yellow,76,1,25
3461,Esteban Hensmans,Genderfluid,45,West Finnberg,Australian Capital Territory,2021-01-11,2021-02-05,1219,102,2,204,Jacket,Windbreaker,XL,violet,54,1,25
3462,Esteban Hensmans,Genderfluid,45,West Finnberg,Australian Capital Territory,2021-01-11,2021-02-05,1220,93,3,279,Jacket,Coach,M,violet,74,1,25
3463,Esteban Hensmans,Genderfluid,45,West Finnberg,Australian Capital Territory,2021-01-11,2021-02-05,1221,119,3,357,Jacket,Trench Coat,L,indigo,71,1,25
3464,Esteban Hensmans,Genderfluid,45,West Finnberg,Australian Capital Territory,2021-01-11,2021-02-05,1222,113,2,226,Trousers,Chinos,XL,green,50,1,25
3465,Esteban Hensmans,Genderfluid,45,West Finnberg,Australian Capital Territory,2021-01-11,2021-02-05,1223,112,3,336,Jacket,Cardigan,M,violet,75,1,25
3466,Esteban Hensmans,Genderfluid,45,West Finnberg,Australian Capital Territory,2021-01-11,2021-02-05,1224,118,3,354,Shirt,Flannel,L,indigo,62,1,25
3467,Esteban Hensmans,Genderfluid,45,West Finnberg,Australian Capital Territory,2021-01-11,2021-02-05,1225,94,3,282,Shirt,Henley,XL,yellow,55,1,25
3468,Esteban Hensmans,Genderfluid,45,West Finnberg,Australian Capital Territory,2021-01-11,2021-02-05,1226,115,2,230,Trousers,Cropped,XL,green,49,1,25
3469,Esteban Hensmans,Genderfluid,45,West Finnberg,Australian Capital Territory,2021-07-06,2021-07-31,1516,105,2,210,Shirt,Cuban Collar,XS,orange,62,7,25
3470,Esteban Hensmans,Genderfluid,45,West Finnberg,Australian Capital Territory,2021-07-06,2021-07-31,1517,96,2,192,Shirt,Oxford Cloth,S,violet,41,7,25
3471,Esteban Hensmans,Genderfluid,45,West Finnberg,Australian Capital Territory,2021-07-06,2021-07-31,1518,94,3,282,Trousers,Cords,XL,blue,65,7,25
3472,Esteban Hensmans,Genderfluid,45,West Finnberg,Australian Capital Territory,2021-07-06,2021-07-31,1519,119,1,119,Jacket,Trench Coat,L,yellow,77,7,25
3473,Esteban Hensmans,Genderfluid,45,West Finnberg,Australian Capital Territory,2021-07-06,2021-07-31,1520,91,2,182,Shirt,Linen,XS,green,49,7,25
3474,Esteban Hensmans,Genderfluid,45,West Finnberg,Australian Capital Territory,2021-07-06,2021-07-31,1521,118,2,236,Shirt,Flannel,L,orange,59,7,25
3475,Esteban Hensmans,Genderfluid,45,West Finnberg,Australian Capital Territory,2021-07-06,2021-07-31,1522,94,3,282,Trousers,Cords,XS,blue,60,7,25
3476,Esteban Hensmans,Genderfluid,45,West Finnberg,Australian Capital Territory,2021-07-06,2021-07-31,1523,113,2,226,Jacket,Parka,XL,green,55,7,25
3477,Esteban Hensmans,Genderfluid,45,West Finnberg,Australian Capital Territory,2021-07-06,2021-07-31,1524,117,1,117,Jacket,Shearling,S,violet,49,7,25
3478,Esteban Hensmans,Genderfluid,45,West Finnberg,Australian Capital Territory,2021-07-06,2021-07-31,1525,112,3,336,Trousers,Tracksuit Bottoms,XL,yellow,59,7,25
3479,Esteban Hensmans,Genderfluid,45,West Finnberg,Australian Capital Territory,2021-07-06,2021-07-31,1526,97,1,97,Trousers,Slim-Fit,XL,red,67,7,25
3480,Esteban Hensmans,Genderfluid,45,West Finnberg,Australian Capital Territory,2021-01-17,2021-01-19,3916,118,1,118,Shirt,Flannel,L,green,72,1,2
3481,Esteban Hensmans,Genderfluid,45,West Finnberg,Australian Capital Territory,2021-01-17,2021-01-19,3917,118,2,236,Jacket,Puffer,L,red,44,1,2
3482,Esteban Hensmans,Genderfluid,45,West Finnberg,Australian Capital Territory,2021-01-17,2021-01-19,3918,119,1,119,Jacket,Trench Coat,XS,orange,69,1,2
3483,Esteban Hensmans,Genderfluid,45,West Finnberg,Australian Capital Territory,2021-01-17,2021-01-19,3919,104,1,104,Shirt,Dress,XL,violet,77,1,2
3484,Esteban Hensmans,Genderfluid,45,West Finnberg,Australian Capital Territory,2021-01-17,2021-01-19,3920,102,2,204,Trousers,Cargo Pants,S,red,63,1,2
3485,Camala Llywarch,Agender,78,Laurenview,Western Australia,2021-08-01,2021-08-16,4050,102,1,102,Jacket,Windbreaker,M,violet,64,8,15
3486,Camala Llywarch,Agender,78,Laurenview,Western Australia,2021-08-01,2021-08-16,4051,118,3,354,Jacket,Puffer,M,indigo,49,8,15
3487,Elbertina Gaish,Polygender,22,Dickensshire,Victoria,2021-08-17,2021-09-12,1574,106,2,212,Shirt,Chambray,S,indigo,59,8,26
3488,Elbertina Gaish,Polygender,22,Dickensshire,Victoria,2021-08-17,2021-09-12,1575,91,2,182,Jacket,Pullover,M,indigo,72,8,26
3489,Elbertina Gaish,Polygender,22,Dickensshire,Victoria,2021-08-17,2021-09-12,1576,106,2,212,Trousers,Wool,M,green,41,8,26
3490,Elbertina Gaish,Polygender,22,Dickensshire,Victoria,2021-08-17,2021-09-12,1577,97,1,97,Trousers,Slim-Fit,M,blue,75,8,26
3491,Elbertina Gaish,Polygender,22,Dickensshire,Victoria,2021-08-17,2021-09-12,1578,98,2,196,Jacket,Leather,M,yellow,77,8,26
3492,Elbertina Gaish,Polygender,22,Dickensshire,Victoria,2021-08-17,2021-09-12,1579,109,1,109,Shirt,Mandarin Collar,L,violet,54,8,26
3493,Elbertina Gaish,Polygender,22,Dickensshire,Victoria,2021-08-17,2021-09-12,1580,91,3,273,Shirt,Linen,M,yellow,59,8,26
3494,Amalia Eallis,Bigender,22,East Ruby,New South Wales,2021-10-24,2021-11-10,3520,115,1,115,Trousers,Cropped,XL,yellow,68,10,17
3495,Amalia Eallis,Bigender,22,East Ruby,New South Wales,2021-10-24,2021-11-10,3521,91,2,182,Shirt,Linen,XL,green,51,10,17
3496,Amalia Eallis,Bigender,22,East Ruby,New South Wales,2021-10-24,2021-11-10,3522,96,2,192,Trousers,Drawstring,M,indigo,58,10,17
3497,Amalia Eallis,Bigender,22,East Ruby,New South Wales,2021-10-24,2021-11-10,3523,113,3,339,Trousers,Chinos,M,indigo,64,10,17
3498,Amalia Eallis,Bigender,22,East Ruby,New South Wales,2021-10-24,2021-11-10,3524,98,3,294,Shirt,Camp Collared,XS,orange,52,10,17
3499,Arlie Bowman,Genderqueer,34,Port Annabelle,Northern Territory,2021-07-29,2021-08-02,198,113,1,113,Trousers,Chinos,S,indigo,67,7,4
3500,Arlie Bowman,Genderqueer,34,Port Annabelle,Northern Territory,2021-07-29,2021-08-02,199,97,2,194,Trousers,Slim-Fit,L,violet,58,7,4
3501,Arlie Bowman,Genderqueer,34,Port Annabelle,Northern Territory,2021-07-29,2021-08-02,200,109,1,109,Shirt,Mandarin Collar,XS,green,63,7,4
3502,Arlie Bowman,Genderqueer,34,Port Annabelle,Northern Territory,2021-07-29,2021-08-02,201,112,1,112,Trousers,Tracksuit Bottoms,XS,red,55,7,4
3503,Arlie Bowman,Genderqueer,34,Port Annabelle,Northern Territory,2021-10-24,2021-10-26,2457,98,1,98,Shirt,Camp Collared,XS,orange,52,10,2
3504,Arlie Bowman,Genderqueer,34,Port Annabelle,Northern Territory,2021-10-24,2021-10-26,2458,90,1,90,Trousers,Relaxed Leg,M,orange,74,10,2
3505,Arlie Bowman,Genderqueer,34,Port Annabelle,Northern Territory,2021-10-24,2021-10-26,2459,96,2,192,Shirt,Oxford Cloth,M,green,60,10,2
3506,Arlie Bowman,Genderqueer,34,Port Annabelle,Northern Territory,2021-10-24,2021-10-26,2460,105,3,315,Trousers,Pleated,M,indigo,48,10,2
3507,Arlie Bowman,Genderqueer,34,Port Annabelle,Northern Territory,2021-10-24,2021-10-26,2461,118,3,354,Shirt,Flannel,S,indigo,74,10,2
3508,Arlie Bowman,Genderqueer,34,Port Annabelle,Northern Territory,2021-10-24,2021-10-26,2462,115,3,345,Trousers,Cropped,XL,green,49,10,2
3509,Arlie Bowman,Genderqueer,34,Port Annabelle,Northern Territory,2021-10-24,2021-10-26,2463,94,3,282,Trousers,Cords,XL,yellow,65,10,2
3510,Arlie Bowman,Genderqueer,34,Port Annabelle,Northern Territory,2021-10-24,2021-10-26,2464,92,3,276,Shirt,Denim,M,indigo,56,10,2
3511,Arlie Bowman,Genderqueer,34,Port Annabelle,Northern Territory,2021-01-31,2021-02-10,3060,97,3,291,Trousers,Slim-Fit,L,red,80,1,10
3512,Arlie Bowman,Genderqueer,34,Port Annabelle,Northern Territory,2021-01-31,2021-02-10,3061,102,3,306,Jacket,Windbreaker,S,red,54,1,10
3513,Arlie Bowman,Genderqueer,34,Port Annabelle,Northern Territory,2021-01-31,2021-02-10,3062,105,3,315,Trousers,Pleated,L,blue,79,1,10
3514,Arlie Bowman,Genderqueer,34,Port Annabelle,Northern Territory,2021-01-31,2021-02-10,3063,119,1,119,Shirt,Casual Slim Fit,XS,red,49,1,10
3515,Arlie Bowman,Genderqueer,34,Port Annabelle,Northern Territory,2021-01-31,2021-02-10,3064,91,2,182,Jacket,Pullover,M,yellow,49,1,10
3516,Silvie Bortol,Genderfluid,73,Abigailshire,New South Wales,2021-09-28,2021-10-09,2092,109,2,218,Jacket,Peacoat,M,violet,77,9,11
3517,Silvie Bortol,Genderfluid,73,Abigailshire,New South Wales,2021-09-28,2021-10-09,2093,109,3,327,Jacket,Peacoat,XS,blue,48,9,11
3518,Silvie Bortol,Genderfluid,73,Abigailshire,New South Wales,2021-09-28,2021-10-09,2094,91,3,273,Shirt,Linen,S,orange,42,9,11
3519,Silvie Bortol,Genderfluid,73,Abigailshire,New South Wales,2021-09-28,2021-10-09,2095,100,3,300,Jacket,Bomber,M,yellow,71,9,11
3520,Silvie Bortol,Genderfluid,73,Abigailshire,New South Wales,2021-09-28,2021-10-09,2096,93,2,186,Jacket,Coach,XL,red,46,9,11
3521,Silvie Bortol,Genderfluid,73,Abigailshire,New South Wales,2021-09-28,2021-10-09,2097,119,1,119,Jacket,Trench Coat,L,blue,50,9,11
3522,Silvie Bortol,Genderfluid,73,Abigailshire,New South Wales,2021-03-09,2021-03-27,3240,102,2,204,Jacket,Windbreaker,S,indigo,62,3,18
3523,Silvie Bortol,Genderfluid,73,Abigailshire,New South Wales,2021-03-09,2021-03-27,3241,94,3,282,Trousers,Cords,L,violet,74,3,18
3524,Silvie Bortol,Genderfluid,73,Abigailshire,New South Wales,2021-03-09,2021-03-27,3242,119,2,238,Shirt,Casual Slim Fit,S,red,50,3,18
3525,Perceval Umbers,Bigender,20,Laraview,Tasmania,2021-06-25,2021-07-20,2953,109,2,218,Jacket,Peacoat,XL,green,68,6,25
3526,Perceval Umbers,Bigender,20,Laraview,Tasmania,2021-06-25,2021-07-20,2954,100,1,100,Jacket,Bomber,S,orange,49,6,25
3527,Perceval Umbers,Bigender,20,Laraview,Tasmania,2021-06-25,2021-07-20,2955,106,1,106,Trousers,Wool,XL,indigo,51,6,25
3528,Perceval Umbers,Bigender,20,Laraview,Tasmania,2021-06-25,2021-07-20,2956,97,2,194,Trousers,Slim-Fit,XS,yellow,59,6,25
3529,Perceval Umbers,Bigender,20,Laraview,Tasmania,2021-06-25,2021-07-20,2957,105,2,210,Shirt,Cuban Collar,L,red,45,6,25
3530,Perceval Umbers,Bigender,20,Laraview,Tasmania,2021-06-25,2021-07-20,2958,92,1,92,Shirt,Denim,L,indigo,58,6,25
3531,Perceval Umbers,Bigender,20,Laraview,Tasmania,2021-06-25,2021-07-20,2959,105,2,210,Trousers,Pleated,XL,violet,65,6,25
3532,Perceval Umbers,Bigender,20,Laraview,Tasmania,2021-06-25,2021-07-20,2960,95,3,285,Shirt,Polo,XS,blue,56,6,25
3533,Perceval Umbers,Bigender,20,Laraview,Tasmania,2021-06-25,2021-07-20,2961,119,1,119,Shirt,Casual Slim Fit,XL,green,41,6,25
3534,Perceval Umbers,Bigender,20,Laraview,Tasmania,2021-06-25,2021-07-20,2962,118,3,354,Jacket,Puffer,L,violet,49,6,25
3535,Perceval Umbers,Bigender,20,Laraview,Tasmania,2021-01-31,2021-02-08,3019,95,1,95,Shirt,Polo,S,orange,78,1,8
3536,Perceval Umbers,Bigender,20,Laraview,Tasmania,2021-01-31,2021-02-08,3020,94,3,282,Shirt,Henley,M,blue,42,1,8
3537,Perceval Umbers,Bigender,20,Laraview,Tasmania,2021-01-31,2021-02-08,3021,91,1,91,Shirt,Linen,L,blue,70,1,8
3538,Perceval Umbers,Bigender,20,Laraview,Tasmania,2021-01-31,2021-02-08,3022,118,2,236,Jacket,Puffer,S,violet,46,1,8
3539,Perceval Umbers,Bigender,20,Laraview,Tasmania,2021-01-31,2021-02-08,3023,118,3,354,Jacket,Puffer,M,green,72,1,8
3540,Perceval Umbers,Bigender,20,Laraview,Tasmania,2021-01-31,2021-02-08,3024,91,1,91,Jacket,Pullover,M,yellow,49,1,8
3541,Hetti Fibbens,Genderqueer,45,Beattychester,Queensland,2021-03-24,2021-03-30,2198,112,2,224,Trousers,Tracksuit Bottoms,M,green,47,3,6
3542,Hetti Fibbens,Genderqueer,45,Beattychester,Queensland,2021-03-24,2021-03-30,2199,97,1,97,Trousers,Slim-Fit,XS,indigo,74,3,6
3543,Hetti Fibbens,Genderqueer,45,Beattychester,Queensland,2021-03-24,2021-03-30,2200,113,1,113,Trousers,Chinos,L,violet,62,3,6
3544,Hetti Fibbens,Genderqueer,45,Beattychester,Queensland,2021-06-13,2021-06-27,2991,98,2,196,Jacket,Leather,XL,green,58,6,14
3545,Hetti Fibbens,Genderqueer,45,Beattychester,Queensland,2021-06-13,2021-06-27,2992,105,1,105,Shirt,Cuban Collar,XL,yellow,76,6,14
3546,Hetti Fibbens,Genderqueer,45,Beattychester,Queensland,2021-09-20,2021-09-24,3744,109,1,109,Jacket,Peacoat,S,yellow,49,9,4
3547,Hetti Fibbens,Genderqueer,45,Beattychester,Queensland,2021-09-20,2021-09-24,3745,105,1,105,Trousers,Pleated,M,orange,57,9,4
3548,Hetti Fibbens,Genderqueer,45,Beattychester,Queensland,2021-09-20,2021-09-24,3746,112,1,112,Jacket,Cardigan,L,violet,66,9,4
3549,Hetti Fibbens,Genderqueer,45,Beattychester,Queensland,2021-09-20,2021-09-24,3747,113,1,113,Trousers,Chinos,XS,indigo,61,9,4
3550,Hetti Fibbens,Genderqueer,45,Beattychester,Queensland,2021-09-20,2021-09-24,3748,113,3,339,Jacket,Parka,XS,red,65,9,4
3551,Hetti Fibbens,Genderqueer,45,Beattychester,Queensland,2021-09-20,2021-09-24,3749,96,3,288,Shirt,Oxford Cloth,M,yellow,56,9,4
3552,Hetti Fibbens,Genderqueer,45,Beattychester,Queensland,2021-09-20,2021-09-24,3750,92,1,92,Shirt,Denim,XS,green,66,9,4
3553,Miner Craddock,Non-binary,38,Callummouth,Australian Capital Territory,2021-05-27,2021-06-01,2336,105,2,210,Trousers,Pleated,XL,yellow,52,5,5
3554,Miner Craddock,Non-binary,38,Callummouth,Australian Capital Territory,2021-05-27,2021-06-01,2337,102,1,102,Trousers,Cargo Pants,XL,indigo,64,5,5
3555,Miner Craddock,Non-binary,38,Callummouth,Australian Capital Territory,2021-05-27,2021-06-01,2338,112,1,112,Trousers,Tracksuit Bottoms,XS,indigo,63,5,5
3556,Miner Craddock,Non-binary,38,Callummouth,Australian Capital Territory,2021-05-27,2021-06-01,2339,93,2,186,Jacket,Coach,XS,red,71,5,5
3557,Miner Craddock,Non-binary,38,Callummouth,Australian Capital Territory,2021-05-27,2021-06-01,2340,119,1,119,Jacket,Trench Coat,M,blue,46,5,5
3558,Miner Craddock,Non-binary,38,Callummouth,Australian Capital Territory,2021-05-27,2021-06-01,2341,90,2,180,Trousers,Relaxed Leg,XS,blue,54,5,5
3559,Miner Craddock,Non-binary,38,Callummouth,Australian Capital Territory,2021-05-27,2021-06-01,2342,92,2,184,Shirt,Denim,L,orange,45,5,5
3560,Miner Craddock,Non-binary,38,Callummouth,Australian Capital Territory,2021-05-27,2021-06-01,2343,118,2,236,Shirt,Flannel,M,indigo,69,5,5
3561,Miner Craddock,Non-binary,38,Callummouth,Australian Capital Territory,2021-03-11,2021-04-05,3572,102,1,102,Trousers,Cargo Pants,L,indigo,46,3,25
3562,Miner Craddock,Non-binary,38,Callummouth,Australian Capital Territory,2021-03-11,2021-04-05,3573,106,1,106,Shirt,Chambray,XL,orange,57,3,25
3563,Miner Craddock,Non-binary,38,Callummouth,Australian Capital Territory,2021-03-11,2021-04-05,3574,91,2,182,Shirt,Linen,XL,violet,73,3,25
3564,Miner Craddock,Non-binary,38,Callummouth,Australian Capital Territory,2021-03-11,2021-04-05,3575,106,1,106,Shirt,Chambray,M,indigo,62,3,25
3565,Miner Craddock,Non-binary,38,Callummouth,Australian Capital Territory,2021-03-11,2021-04-05,3576,102,3,306,Jacket,Windbreaker,L,indigo,67,3,25
3566,Miner Craddock,Non-binary,38,Callummouth,Australian Capital Territory,2021-03-11,2021-04-05,3577,98,3,294,Shirt,Camp Collared,XL,red,79,3,25
3567,Antonia Yeardsley,Agender,51,Port Cody,Australian Capital Territory,2021-06-18,2021-07-05,3429,104,1,104,Shirt,Dress,XL,green,52,6,17
3568,Antonia Yeardsley,Agender,51,Port Cody,Australian Capital Territory,2021-06-18,2021-07-05,3430,109,3,327,Jacket,Peacoat,M,green,49,6,17
3569,Antonia Yeardsley,Agender,51,Port Cody,Australian Capital Territory,2021-06-18,2021-07-05,3431,97,2,194,Trousers,Slim-Fit,L,orange,66,6,17
3570,Antonia Yeardsley,Agender,51,Port Cody,Australian Capital Territory,2021-06-18,2021-07-05,3432,115,1,115,Trousers,Cropped,XL,orange,61,6,17
3571,Cary Boaler,Genderfluid,27,New Isaac,Victoria,2021-07-07,2021-07-21,3889,100,2,200,Jacket,Bomber,S,red,74,7,14
3572,Cary Boaler,Genderfluid,27,New Isaac,Victoria,2021-07-07,2021-07-21,3890,112,3,336,Jacket,Cardigan,S,blue,53,7,14
3573,Cary Boaler,Genderfluid,27,New Isaac,Victoria,2021-07-07,2021-07-21,3891,94,1,94,Shirt,Henley,L,violet,51,7,14
3574,Cary Boaler,Genderfluid,27,New Isaac,Victoria,2021-07-07,2021-07-21,3892,98,3,294,Shirt,Camp Collared,XS,orange,52,7,14
3575,Cary Boaler,Genderfluid,27,New Isaac,Victoria,2021-07-07,2021-07-21,3893,109,3,327,Jacket,Peacoat,S,green,41,7,14
3576,Cary Boaler,Genderfluid,27,New Isaac,Victoria,2021-07-07,2021-07-21,3894,91,1,91,Shirt,Linen,S,indigo,72,7,14
3577,Cary Boaler,Genderfluid,27,New Isaac,Victoria,2021-07-07,2021-07-21,3895,96,2,192,Shirt,Oxford Cloth,S,blue,51,7,14
3578,Cary Boaler,Genderfluid,27,New Isaac,Victoria,2021-07-07,2021-07-21,3896,119,2,238,Shirt,Casual Slim Fit,XL,blue,68,7,14
3579,Diann Grieger,Polygender,26,Port Joeltown,South Australia,2021-07-26,2021-08-16,4596,105,2,210,Trousers,Pleated,M,blue,66,7,21
3580,Diann Grieger,Polygender,26,Port Joeltown,South Australia,2021-07-26,2021-08-16,4597,98,3,294,Jacket,Leather,XS,green,57,7,21
3581,Diann Grieger,Polygender,26,Port Joeltown,South Australia,2021-07-26,2021-08-16,4598,106,3,318,Trousers,Wool,XS,blue,58,7,21
3582,Diann Grieger,Polygender,26,Port Joeltown,South Australia,2021-07-26,2021-08-16,4599,112,3,336,Jacket,Cardigan,XL,yellow,42,7,21
3583,Diann Grieger,Polygender,26,Port Joeltown,South Australia,2021-07-26,2021-08-16,4600,102,1,102,Jacket,Windbreaker,M,yellow,52,7,21
3584,Diann Grieger,Polygender,26,Port Joeltown,South Australia,2021-07-26,2021-08-16,4601,91,2,182,Jacket,Pullover,S,blue,73,7,21
3585,Diann Grieger,Polygender,26,Port Joeltown,South Australia,2021-07-26,2021-08-16,4602,96,3,288,Trousers,Drawstring,L,violet,62,7,21
3586,Diann Grieger,Polygender,26,Port Joeltown,South Australia,2021-10-10,2021-11-02,4606,112,2,224,Trousers,Tracksuit Bottoms,S,orange,59,10,23
3587,Diann Grieger,Polygender,26,Port Joeltown,South Australia,2021-10-10,2021-11-02,4607,91,3,273,Shirt,Linen,L,violet,70,10,23
3588,Stephen MacAleese,Agender,43,Lake Aiden,Northern Territory,2021-02-16,2021-02-25,2472,106,1,106,Shirt,Chambray,M,green,56,2,9
3589,Stephen MacAleese,Agender,43,Lake Aiden,Northern Territory,2021-02-16,2021-02-25,2473,93,2,186,Trousers,Joggers,M,violet,72,2,9
3590,Stephen MacAleese,Agender,43,Lake Aiden,Northern Territory,2021-02-16,2021-02-25,2474,90,2,180,Trousers,Relaxed Leg,XL,yellow,54,2,9
3591,Stephen MacAleese,Agender,43,Lake Aiden,Northern Territory,2021-02-16,2021-02-25,2475,98,1,98,Shirt,Camp Collared,L,green,80,2,9
3592,Stephen MacAleese,Agender,43,Lake Aiden,Northern Territory,2021-02-16,2021-02-25,2476,119,3,357,Shirt,Casual Slim Fit,XL,blue,68,2,9
3593,Stephen MacAleese,Agender,43,Lake Aiden,Northern Territory,2021-02-16,2021-02-25,2477,109,2,218,Jacket,Peacoat,M,red,59,2,9
3594,Stephen MacAleese,Agender,43,Lake Aiden,Northern Territory,2021-02-16,2021-02-25,2478,117,1,117,Jacket,Shearling,L,red,40,2,9
3595,Stephen MacAleese,Agender,43,Lake Aiden,Northern Territory,2021-02-16,2021-02-25,2479,113,1,113,Jacket,Parka,M,red,56,2,9
3596,Debee Lording,Genderfluid,51,West Olivertown,Western Australia,2021-05-09,2021-05-29,2904,119,2,238,Jacket,Trench Coat,S,blue,64,5,20
3597,Debee Lording,Genderfluid,51,West Olivertown,Western Australia,2021-05-09,2021-05-29,2905,92,1,92,Shirt,Denim,XL,indigo,58,5,20
3598,Debee Lording,Genderfluid,51,West Olivertown,Western Australia,2021-05-09,2021-05-29,2906,93,2,186,Trousers,Joggers,L,yellow,58,5,20
3599,Debee Lording,Genderfluid,51,West Olivertown,Western Australia,2021-05-09,2021-05-29,2907,105,2,210,Shirt,Cuban Collar,XS,yellow,78,5,20
3600,Lilli Bavester,Genderfluid,65,East Lillyville,Victoria,2021-05-27,2021-06-22,1916,105,2,210,Shirt,Cuban Collar,L,blue,65,5,26
3601,Lilli Bavester,Genderfluid,65,East Lillyville,Victoria,2021-05-27,2021-06-22,1917,117,2,234,Jacket,Shearling,XS,orange,54,5,26
3602,Lilli Bavester,Genderfluid,65,East Lillyville,Victoria,2021-05-27,2021-06-22,1918,100,2,200,Jacket,Bomber,XL,orange,69,5,26
3603,Avivah Roddick,Male,60,Kulasville,New South Wales,2021-07-28,2021-07-31,1599,90,2,180,Trousers,Relaxed Leg,XS,green,80,7,3
3604,Avivah Roddick,Male,60,Kulasville,New South Wales,2021-07-28,2021-07-31,1600,104,1,104,Shirt,Dress,XS,indigo,56,7,3
3605,Avivah Roddick,Male,60,Kulasville,New South Wales,2021-07-28,2021-07-31,1601,107,1,107,Jacket,Denim,S,red,69,7,3
3606,Avivah Roddick,Male,60,Kulasville,New South Wales,2021-07-28,2021-07-31,1602,118,1,118,Shirt,Flannel,XL,violet,43,7,3
3607,Avivah Roddick,Male,60,Kulasville,New South Wales,2021-07-28,2021-07-31,1603,102,3,306,Jacket,Windbreaker,L,green,62,7,3
3608,Avivah Roddick,Male,60,Kulasville,New South Wales,2021-07-28,2021-07-31,1604,119,3,357,Jacket,Trench Coat,M,orange,43,7,3
3609,Avivah Roddick,Male,60,Kulasville,New South Wales,2021-07-28,2021-07-31,1605,118,1,118,Shirt,Flannel,M,violet,71,7,3
3610,Avivah Roddick,Male,60,Kulasville,New South Wales,2021-07-28,2021-07-31,1606,94,1,94,Trousers,Cords,XL,yellow,65,7,3
3611,Avivah Roddick,Male,60,Kulasville,New South Wales,2021-02-03,2021-02-17,3702,96,1,96,Trousers,Drawstring,M,orange,76,2,14
3612,Avivah Roddick,Male,60,Kulasville,New South Wales,2021-02-03,2021-02-17,3703,91,3,273,Jacket,Pullover,XL,blue,74,2,14
3613,Lin Norville,Male,42,Russelstad,Victoria,2021-03-02,2021-03-27,1303,119,1,119,Shirt,Casual Slim Fit,XS,orange,43,3,25
3614,Lin Norville,Male,42,Russelstad,Victoria,2021-03-02,2021-03-27,1304,105,2,210,Shirt,Cuban Collar,L,violet,78,3,25
3615,Lin Norville,Male,42,Russelstad,Victoria,2021-03-02,2021-03-27,1305,102,2,204,Trousers,Cargo Pants,XS,violet,40,3,25
3616,Lin Norville,Male,42,Russelstad,Victoria,2021-03-02,2021-03-27,1306,113,3,339,Trousers,Chinos,M,green,49,3,25
3617,Lin Norville,Male,42,Russelstad,Victoria,2021-03-02,2021-03-27,1307,102,2,204,Trousers,Cargo Pants,L,green,42,3,25
3618,Lin Norville,Male,42,Russelstad,Victoria,2021-03-02,2021-03-27,1308,102,1,102,Trousers,Cargo Pants,L,orange,78,3,25
3619,Lin Norville,Male,42,Russelstad,Victoria,2021-02-14,2021-03-05,1688,107,1,107,Jacket,Denim,L,orange,73,2,19
3620,Lin Norville,Male,42,Russelstad,Victoria,2021-02-14,2021-03-05,1689,93,1,93,Jacket,Coach,M,indigo,64,2,19
3621,Lin Norville,Male,42,Russelstad,Victoria,2021-02-14,2021-03-05,1690,112,1,112,Jacket,Cardigan,L,yellow,50,2,19
3622,Lin Norville,Male,42,Russelstad,Victoria,2021-02-14,2021-03-05,1691,99,2,198,Trousers,High-Waisted,S,indigo,79,2,19
3623,Lin Norville,Male,42,Russelstad,Victoria,2021-06-14,2021-06-23,2985,100,1,100,Jacket,Bomber,S,red,74,6,9
3624,Lin Norville,Male,42,Russelstad,Victoria,2021-06-14,2021-06-23,2986,112,1,112,Jacket,Cardigan,M,red,70,6,9
3625,Lin Norville,Male,42,Russelstad,Victoria,2021-06-14,2021-06-23,2987,118,2,236,Jacket,Puffer,M,violet,43,6,9
3626,Lin Norville,Male,42,Russelstad,Victoria,2021-06-14,2021-06-23,2988,118,2,236,Shirt,Flannel,XL,green,77,6,9
3627,Lin Norville,Male,42,Russelstad,Victoria,2021-06-14,2021-06-23,2989,99,3,297,Trousers,High-Waisted,S,yellow,56,6,9
3628,Lin Norville,Male,42,Russelstad,Victoria,2021-04-28,2021-05-14,3370,100,3,300,Jacket,Bomber,XL,green,79,4,16
3629,Lin Norville,Male,42,Russelstad,Victoria,2021-04-28,2021-05-14,3371,109,1,109,Shirt,Mandarin Collar,L,yellow,78,4,16
3630,Lin Norville,Male,42,Russelstad,Victoria,2021-04-28,2021-05-14,3372,98,2,196,Shirt,Camp Collared,XS,green,66,4,16
3631,Marnie Dennington,Female,50,West Addison,Northern Territory,2021-04-29,2021-05-16,3433,113,3,339,Jacket,Parka,S,green,62,4,17
3632,Marnie Dennington,Female,50,West Addison,Northern Territory,2021-04-29,2021-05-16,3434,113,3,339,Jacket,Parka,XS,yellow,63,4,17
3633,Marnie Dennington,Female,50,West Addison,Northern Territory,2021-04-29,2021-05-16,3435,95,3,285,Shirt,Polo,M,indigo,62,4,17
3634,Marnie Dennington,Female,50,West Addison,Northern Territory,2021-04-29,2021-05-16,3436,95,3,285,Shirt,Polo,M,orange,67,4,17
3635,Marnie Dennington,Female,50,West Addison,Northern Territory,2021-04-29,2021-05-16,3437,113,3,339,Trousers,Chinos,S,orange,58,4,17
3636,Lindsey McCuthais,Bigender,61,Port Hunter,Tasmania,2021-10-06,2021-10-12,886,105,2,210,Trousers,Pleated,M,red,40,10,6
3637,Lindsey McCuthais,Bigender,61,Port Hunter,Tasmania,2021-10-06,2021-10-12,887,102,3,306,Jacket,Windbreaker,L,blue,41,10,6
3638,Lindsey McCuthais,Bigender,61,Port Hunter,Tasmania,2021-10-06,2021-10-12,888,109,3,327,Jacket,Peacoat,L,blue,64,10,6
3639,Lindsey McCuthais,Bigender,61,Port Hunter,Tasmania,2021-10-06,2021-10-12,889,98,1,98,Shirt,Camp Collared,M,indigo,52,10,6
3640,Lindsey McCuthais,Bigender,61,Port Hunter,Tasmania,2021-10-06,2021-10-12,890,94,2,188,Shirt,Henley,XL,orange,52,10,6
3641,Lindsey McCuthais,Bigender,61,Port Hunter,Tasmania,2021-10-06,2021-10-12,891,105,3,315,Shirt,Cuban Collar,XS,blue,56,10,6
3642,Lindsey McCuthais,Bigender,61,Port Hunter,Tasmania,2021-10-06,2021-10-12,892,119,2,238,Jacket,Trench Coat,XL,orange,71,10,6
3643,Mellisent Druhan,Agender,20,Haydenhaven,Victoria,2021-03-19,2021-04-15,4789,112,2,224,Trousers,Tracksuit Bottoms,XS,violet,67,3,27
3644,Mellisent Druhan,Agender,20,Haydenhaven,Victoria,2021-03-19,2021-04-15,4790,94,1,94,Trousers,Cords,S,indigo,60,3,27
3645,Mellisent Druhan,Agender,20,Haydenhaven,Victoria,2021-03-19,2021-04-15,4791,102,1,102,Trousers,Cargo Pants,L,blue,77,3,27
3646,Mellisent Druhan,Agender,20,Haydenhaven,Victoria,2021-03-19,2021-04-15,4792,93,3,279,Jacket,Coach,S,orange,55,3,27
3647,Drusi Eagell,Polygender,34,Lake Mitchellbury,Australian Capital Territory,2021-07-22,2021-08-18,1022,119,3,357,Shirt,Casual Slim Fit,M,indigo,65,7,27
3648,Drusi Eagell,Polygender,34,Lake Mitchellbury,Australian Capital Territory,2021-07-22,2021-08-18,1023,98,3,294,Jacket,Leather,S,blue,75,7,27
3649,Etheline Bahde,Female,66,Hoppeville,New South Wales,2021-01-04,2021-01-28,4138,96,3,288,Shirt,Oxford Cloth,XL,blue,60,1,24
3650,Etheline Bahde,Female,66,Hoppeville,New South Wales,2021-01-04,2021-01-28,4139,100,2,200,Jacket,Bomber,XL,indigo,50,1,24
3651,Etheline Bahde,Female,66,Hoppeville,New South Wales,2021-01-04,2021-01-28,4140,104,1,104,Shirt,Dress,L,violet,74,1,24
3652,Bucky Cragell,Non-binary,23,Gracemouth,Northern Territory,2021-07-31,2021-08-06,750,109,1,109,Jacket,Peacoat,XS,violet,54,7,6
3653,Bucky Cragell,Non-binary,23,Gracemouth,Northern Territory,2021-07-31,2021-08-06,751,92,1,92,Shirt,Denim,M,yellow,67,7,6
3654,Bucky Cragell,Non-binary,23,Gracemouth,Northern Territory,2021-07-31,2021-08-06,752,118,1,118,Shirt,Flannel,XL,blue,61,7,6
3655,Bucky Cragell,Non-binary,23,Gracemouth,Northern Territory,2021-07-31,2021-08-06,753,105,1,105,Trousers,Pleated,L,blue,79,7,6
3656,Bucky Cragell,Non-binary,23,Gracemouth,Northern Territory,2021-07-31,2021-08-06,754,107,2,214,Jacket,Denim,M,green,79,7,6
3657,Bucky Cragell,Non-binary,23,Gracemouth,Northern Territory,2021-07-31,2021-08-06,755,115,1,115,Trousers,Cropped,M,green,65,7,6
3658,Bucky Cragell,Non-binary,23,Gracemouth,Northern Territory,2021-07-31,2021-08-06,756,92,2,184,Shirt,Denim,M,green,66,7,6
3659,Bucky Cragell,Non-binary,23,Gracemouth,Northern Territory,2021-07-31,2021-08-06,757,94,2,188,Trousers,Cords,L,red,53,7,6
3660,Bucky Cragell,Non-binary,23,Gracemouth,Northern Territory,2021-07-31,2021-08-06,758,92,3,276,Shirt,Denim,XL,indigo,58,7,6
3661,Bucky Cragell,Non-binary,23,Gracemouth,Northern Territory,2021-07-31,2021-08-06,759,97,1,97,Trousers,Slim-Fit,S,orange,55,7,6
3662,Rey Grasner,Genderqueer,27,Cassinport,Western Australia,2021-05-16,2021-06-06,1945,113,2,226,Trousers,Chinos,XS,yellow,41,5,21
3663,Rey Grasner,Genderqueer,27,Cassinport,Western Australia,2021-05-16,2021-06-06,1946,112,1,112,Jacket,Cardigan,M,yellow,64,5,21
3664,Rey Grasner,Genderqueer,27,Cassinport,Western Australia,2021-05-16,2021-06-06,1947,113,2,226,Trousers,Chinos,M,violet,54,5,21
3665,Rey Grasner,Genderqueer,27,Cassinport,Western Australia,2021-05-16,2021-06-06,1948,99,1,99,Trousers,High-Waisted,XS,red,74,5,21
3666,Rey Grasner,Genderqueer,27,Cassinport,Western Australia,2021-05-16,2021-06-06,1949,115,3,345,Trousers,Cropped,XL,indigo,58,5,21
3667,Rey Grasner,Genderqueer,27,Cassinport,Western Australia,2021-05-16,2021-06-06,1950,107,3,321,Jacket,Denim,S,yellow,43,5,21
3668,Rey Grasner,Genderqueer,27,Cassinport,Western Australia,2021-05-16,2021-06-06,1951,119,2,238,Jacket,Trench Coat,XL,violet,52,5,21
3669,Rey Grasner,Genderqueer,27,Cassinport,Western Australia,2021-02-28,2021-03-02,2190,99,1,99,Trousers,High-Waisted,XS,red,74,2,2
3670,Rey Grasner,Genderqueer,27,Cassinport,Western Australia,2021-02-28,2021-03-02,2191,97,1,97,Trousers,Slim-Fit,XL,indigo,66,2,2
3671,Rey Grasner,Genderqueer,27,Cassinport,Western Australia,2021-02-28,2021-03-02,2192,112,3,336,Jacket,Cardigan,S,green,62,2,2
3672,Rey Grasner,Genderqueer,27,Cassinport,Western Australia,2021-02-28,2021-03-02,2193,93,1,93,Jacket,Coach,M,yellow,48,2,2
3673,Rey Grasner,Genderqueer,27,Cassinport,Western Australia,2021-02-28,2021-03-02,2194,109,3,327,Jacket,Peacoat,S,blue,50,2,2
3674,Rey Grasner,Genderqueer,27,Cassinport,Western Australia,2021-02-28,2021-03-02,2195,107,3,321,Jacket,Denim,M,indigo,52,2,2
3675,Rey Grasner,Genderqueer,27,Cassinport,Western Australia,2021-02-28,2021-03-02,2196,98,2,196,Shirt,Camp Collared,XL,blue,51,2,2
3676,Rey Grasner,Genderqueer,27,Cassinport,Western Australia,2021-02-28,2021-03-02,2197,91,3,273,Shirt,Linen,XL,indigo,66,2,2
3677,Herschel Verdey,Female,26,Jacobport,New South Wales,2021-03-11,2021-04-05,145,118,2,236,Jacket,Puffer,XL,indigo,60,3,25
3678,Herschel Verdey,Female,26,Jacobport,New South Wales,2021-03-11,2021-04-05,146,93,1,93,Trousers,Joggers,S,blue,50,3,25
3679,Herschel Verdey,Female,26,Jacobport,New South Wales,2021-03-11,2021-04-05,147,112,1,112,Trousers,Tracksuit Bottoms,XS,blue,42,3,25
3680,Herschel Verdey,Female,26,Jacobport,New South Wales,2021-10-21,2021-11-17,719,98,3,294,Jacket,Leather,M,green,45,10,27
3681,Herschel Verdey,Female,26,Jacobport,New South Wales,2021-10-21,2021-11-17,720,113,1,113,Jacket,Parka,L,violet,53,10,27
3682,Herschel Verdey,Female,26,Jacobport,New South Wales,2021-10-21,2021-11-17,721,109,3,327,Jacket,Peacoat,XL,violet,42,10,27
3683,Herschel Verdey,Female,26,Jacobport,New South Wales,2021-10-21,2021-11-17,722,106,2,212,Trousers,Wool,XL,orange,56,10,27
3684,Herschel Verdey,Female,26,Jacobport,New South Wales,2021-10-21,2021-11-17,723,99,3,297,Trousers,High-Waisted,L,violet,68,10,27
3685,Herschel Verdey,Female,26,Jacobport,New South Wales,2021-10-21,2021-11-17,724,112,3,336,Trousers,Tracksuit Bottoms,XS,yellow,76,10,27
3686,Herschel Verdey,Female,26,Jacobport,New South Wales,2021-07-10,2021-07-29,731,112,1,112,Trousers,Tracksuit Bottoms,L,indigo,50,7,19
3687,Herschel Verdey,Female,26,Jacobport,New South Wales,2021-07-10,2021-07-29,732,99,2,198,Trousers,High-Waisted,XS,red,74,7,19
3688,Herschel Verdey,Female,26,Jacobport,New South Wales,2021-07-10,2021-07-29,733,107,2,214,Jacket,Denim,L,green,52,7,19
3689,Herschel Verdey,Female,26,Jacobport,New South Wales,2021-07-10,2021-07-29,734,119,1,119,Jacket,Trench Coat,XL,green,53,7,19
3690,Herschel Verdey,Female,26,Jacobport,New South Wales,2021-07-10,2021-07-29,735,118,3,354,Jacket,Puffer,XS,green,41,7,19
3691,Herschel Verdey,Female,26,Jacobport,New South Wales,2021-08-29,2021-09-15,1835,118,1,118,Jacket,Puffer,XS,blue,57,8,17
3692,Herschel Verdey,Female,26,Jacobport,New South Wales,2021-08-29,2021-09-15,1836,105,2,210,Shirt,Cuban Collar,S,yellow,41,8,17
3693,Herschel Verdey,Female,26,Jacobport,New South Wales,2021-08-29,2021-09-15,1837,91,3,273,Shirt,Linen,M,orange,42,8,17
3694,Herschel Verdey,Female,26,Jacobport,New South Wales,2021-08-29,2021-09-15,1838,112,2,224,Jacket,Cardigan,L,violet,66,8,17
3695,Herschel Verdey,Female,26,Jacobport,New South Wales,2021-08-29,2021-09-15,1839,93,2,186,Jacket,Coach,L,yellow,53,8,17
3696,Herschel Verdey,Female,26,Jacobport,New South Wales,2021-08-29,2021-09-15,1840,98,3,294,Jacket,Leather,XS,green,57,8,17
3697,Herschel Verdey,Female,26,Jacobport,New South Wales,2021-08-29,2021-09-15,1841,106,1,106,Trousers,Wool,L,violet,61,8,17
3698,Kellie Curbishley,Agender,51,Lake Matildaville,Western Australia,2021-03-26,2021-04-02,1968,99,2,198,Trousers,High-Waisted,XS,indigo,47,3,7
3699,Kellie Curbishley,Agender,51,Lake Matildaville,Western Australia,2021-03-26,2021-04-02,1969,112,3,336,Trousers,Tracksuit Bottoms,XL,blue,68,3,7
3700,Kellie Curbishley,Agender,51,Lake Matildaville,Western Australia,2021-03-26,2021-04-02,1970,95,2,190,Shirt,Polo,XS,indigo,47,3,7
3701,Kellie Curbishley,Agender,51,Lake Matildaville,Western Australia,2021-03-26,2021-04-02,1971,92,1,92,Shirt,Denim,XL,green,52,3,7
3702,Kellie Curbishley,Agender,51,Lake Matildaville,Western Australia,2021-03-26,2021-04-02,1972,100,2,200,Jacket,Bomber,M,indigo,52,3,7
3703,Gerri McCarle,Female,54,Cameronport,South Australia,2021-03-26,2021-04-18,1821,119,2,238,Jacket,Trench Coat,XL,indigo,64,3,23
3704,Gerri McCarle,Female,54,Cameronport,South Australia,2021-03-26,2021-04-18,1822,94,1,94,Shirt,Henley,XS,violet,50,3,23
3705,Gerri McCarle,Female,54,Cameronport,South Australia,2021-03-26,2021-04-18,1823,90,3,270,Trousers,Relaxed Leg,L,green,62,3,23
3706,Gerri McCarle,Female,54,Cameronport,South Australia,2021-03-26,2021-04-18,1824,109,2,218,Jacket,Peacoat,XL,yellow,53,3,23
3707,Gerri McCarle,Female,54,Cameronport,South Australia,2021-09-14,2021-10-11,2070,91,3,273,Shirt,Linen,L,violet,70,9,27
3708,Gerri McCarle,Female,54,Cameronport,South Australia,2021-09-14,2021-10-11,2071,100,2,200,Jacket,Bomber,XS,red,76,9,27
3709,Gerri McCarle,Female,54,Cameronport,South Australia,2021-09-14,2021-10-11,2072,97,1,97,Trousers,Slim-Fit,L,green,43,9,27
3710,Gerri McCarle,Female,54,Cameronport,South Australia,2021-09-14,2021-10-11,2073,106,2,212,Trousers,Wool,S,orange,59,9,27
3711,Gerri McCarle,Female,54,Cameronport,South Australia,2021-09-14,2021-10-11,2074,90,3,270,Trousers,Relaxed Leg,M,orange,74,9,27
3712,Gerri McCarle,Female,54,Cameronport,South Australia,2021-09-14,2021-10-11,2075,105,1,105,Trousers,Pleated,XL,blue,55,9,27
3713,Gerri McCarle,Female,54,Cameronport,South Australia,2021-03-02,2021-03-18,2787,96,1,96,Shirt,Oxford Cloth,XS,orange,45,3,16
3714,Gerri McCarle,Female,54,Cameronport,South Australia,2021-03-02,2021-03-18,2788,115,2,230,Trousers,Cropped,XS,violet,65,3,16
3715,Gerri McCarle,Female,54,Cameronport,South Australia,2021-03-02,2021-03-18,2789,119,1,119,Shirt,Casual Slim Fit,L,yellow,63,3,16
3716,Gerri McCarle,Female,54,Cameronport,South Australia,2021-03-02,2021-03-18,2790,102,2,204,Jacket,Windbreaker,L,blue,41,3,16
3717,Gerri McCarle,Female,54,Cameronport,South Australia,2021-03-02,2021-03-18,2791,106,3,318,Shirt,Chambray,L,blue,69,3,16
3718,Gerri McCarle,Female,54,Cameronport,South Australia,2021-03-02,2021-03-18,2792,106,2,212,Shirt,Chambray,M,yellow,62,3,16
3719,Olimpia Tankus,Genderfluid,39,North Jessica,Western Australia,2021-03-20,2021-04-09,1119,98,2,196,Shirt,Camp Collared,M,green,41,3,20
3720,Olimpia Tankus,Genderfluid,39,North Jessica,Western Australia,2021-03-20,2021-04-09,1120,93,2,186,Jacket,Coach,S,green,60,3,20
3721,Olimpia Tankus,Genderfluid,39,North Jessica,Western Australia,2021-03-20,2021-04-09,1121,96,1,96,Shirt,Oxford Cloth,S,red,53,3,20
3722,Olimpia Tankus,Genderfluid,39,North Jessica,Western Australia,2021-03-20,2021-04-09,1122,109,1,109,Jacket,Peacoat,XS,orange,78,3,20
3723,Olimpia Tankus,Genderfluid,39,North Jessica,Western Australia,2021-03-20,2021-04-09,1123,92,2,184,Shirt,Denim,S,blue,47,3,20
3724,Gorden Seago,Genderfluid,80,Port Aaronton,Queensland,2021-04-25,2021-05-04,114,117,2,234,Jacket,Shearling,L,red,40,4,9
3725,Gorden Seago,Genderfluid,80,Port Aaronton,Queensland,2021-04-25,2021-05-04,115,91,3,273,Shirt,Linen,XL,yellow,54,4,9
3726,Gorden Seago,Genderfluid,80,Port Aaronton,Queensland,2021-04-25,2021-05-04,116,107,1,107,Jacket,Denim,L,violet,50,4,9
3727,Gorden Seago,Genderfluid,80,Port Aaronton,Queensland,2021-04-13,2021-05-04,567,90,3,270,Trousers,Relaxed Leg,XS,red,52,4,21
3728,Gorden Seago,Genderfluid,80,Port Aaronton,Queensland,2021-04-13,2021-05-04,568,112,1,112,Jacket,Cardigan,S,blue,53,4,21
3729,Gorden Seago,Genderfluid,80,Port Aaronton,Queensland,2021-04-13,2021-05-04,569,95,1,95,Shirt,Polo,L,yellow,46,4,21
3730,Gorden Seago,Genderfluid,80,Port Aaronton,Queensland,2021-04-13,2021-05-04,570,119,2,238,Jacket,Trench Coat,M,yellow,54,4,21
3731,Gorden Seago,Genderfluid,80,Port Aaronton,Queensland,2021-10-07,2021-10-28,1705,112,3,336,Jacket,Cardigan,XL,blue,57,10,21
3732,Gorden Seago,Genderfluid,80,Port Aaronton,Queensland,2021-10-07,2021-10-28,1706,109,3,327,Shirt,Mandarin Collar,XL,violet,71,10,21
3733,Gorden Seago,Genderfluid,80,Port Aaronton,Queensland,2021-10-07,2021-10-28,1707,113,3,339,Trousers,Chinos,S,green,61,10,21
3734,Gorden Seago,Genderfluid,80,Port Aaronton,Queensland,2021-10-07,2021-10-28,1708,109,2,218,Shirt,Mandarin Collar,XL,violet,71,10,21
3735,Gorden Seago,Genderfluid,80,Port Aaronton,Queensland,2021-10-07,2021-10-28,1709,117,3,351,Jacket,Shearling,L,indigo,66,10,21
3736,Gorden Seago,Genderfluid,80,Port Aaronton,Queensland,2021-10-07,2021-10-28,1710,94,2,188,Trousers,Cords,XS,orange,70,10,21
3737,Gorden Seago,Genderfluid,80,Port Aaronton,Queensland,2021-04-18,2021-05-03,3055,96,2,192,Shirt,Oxford Cloth,XS,yellow,72,4,15
3738,Gorden Seago,Genderfluid,80,Port Aaronton,Queensland,2021-04-18,2021-05-03,3056,112,3,336,Jacket,Cardigan,XS,blue,54,4,15
3739,Gorden Seago,Genderfluid,80,Port Aaronton,Queensland,2021-04-18,2021-05-03,3057,96,3,288,Shirt,Oxford Cloth,L,indigo,70,4,15
3740,Gorden Seago,Genderfluid,80,Port Aaronton,Queensland,2021-04-18,2021-05-03,3058,118,1,118,Jacket,Puffer,M,red,62,4,15
3741,Gorden Seago,Genderfluid,80,Port Aaronton,Queensland,2021-04-18,2021-05-03,3059,109,2,218,Jacket,Peacoat,XL,orange,69,4,15
3742,Otto Matyasik,Genderqueer,67,East Benjamin,New South Wales,2021-04-18,2021-04-26,4749,96,2,192,Trousers,Drawstring,XS,orange,41,4,8
3743,Otto Matyasik,Genderqueer,67,East Benjamin,New South Wales,2021-04-18,2021-04-26,4750,118,1,118,Shirt,Flannel,XS,yellow,41,4,8
3744,Otto Matyasik,Genderqueer,67,East Benjamin,New South Wales,2021-04-18,2021-04-26,4751,102,2,204,Trousers,Cargo Pants,L,orange,78,4,8
3745,Otto Matyasik,Genderqueer,67,East Benjamin,New South Wales,2021-04-18,2021-04-26,4752,106,2,212,Shirt,Chambray,M,blue,66,4,8
3746,Otto Matyasik,Genderqueer,67,East Benjamin,New South Wales,2021-04-18,2021-04-26,4753,117,3,351,Jacket,Shearling,XS,yellow,66,4,8
3747,Otto Matyasik,Genderqueer,67,East Benjamin,New South Wales,2021-04-18,2021-04-26,4754,94,2,188,Shirt,Henley,XL,green,64,4,8
3748,Otto Matyasik,Genderqueer,67,East Benjamin,New South Wales,2021-04-18,2021-04-26,4755,105,1,105,Shirt,Cuban Collar,M,blue,55,4,8
3749,Otto Matyasik,Genderqueer,67,East Benjamin,New South Wales,2021-04-18,2021-04-26,4756,105,1,105,Shirt,Cuban Collar,XL,blue,73,4,8
3750,Otto Matyasik,Genderqueer,67,East Benjamin,New South Wales,2021-04-18,2021-04-26,4757,102,3,306,Jacket,Windbreaker,XL,green,71,4,8
3751,Valentino Branney,Bigender,46,Port Alanamouth,Queensland,2021-08-04,2021-08-31,3038,102,1,102,Jacket,Windbreaker,M,orange,45,8,27
3752,Valentino Branney,Bigender,46,Port Alanamouth,Queensland,2021-08-04,2021-08-31,3039,119,3,357,Shirt,Casual Slim Fit,XS,indigo,57,8,27
3753,Valentino Branney,Bigender,46,Port Alanamouth,Queensland,2021-08-04,2021-08-31,3040,96,2,192,Trousers,Drawstring,XL,orange,68,8,27
3754,Valentino Branney,Bigender,46,Port Alanamouth,Queensland,2021-08-04,2021-08-31,3041,100,2,200,Jacket,Bomber,S,yellow,64,8,27
3755,Delia Mably,Female,55,Doylebury,Victoria,2021-06-13,2021-06-15,355,104,3,312,Shirt,Dress,XS,blue,41,6,2
3756,Delia Mably,Female,55,Doylebury,Victoria,2021-06-13,2021-06-15,356,106,2,212,Trousers,Wool,M,orange,75,6,2
3757,Delia Mably,Female,55,Doylebury,Victoria,2021-06-13,2021-06-15,357,99,1,99,Trousers,High-Waisted,XS,blue,51,6,2
3758,Delia Mably,Female,55,Doylebury,Victoria,2021-06-13,2021-06-15,358,91,1,91,Shirt,Linen,M,red,78,6,2
3759,Delia Mably,Female,55,Doylebury,Victoria,2021-06-13,2021-06-15,359,91,3,273,Shirt,Linen,L,red,80,6,2
3760,Delia Mably,Female,55,Doylebury,Victoria,2021-06-13,2021-06-15,360,112,1,112,Jacket,Cardigan,S,violet,49,6,2
3761,Delia Mably,Female,55,Doylebury,Victoria,2021-01-02,2021-01-09,2862,109,2,218,Jacket,Peacoat,XL,yellow,53,1,7
3762,Delia Mably,Female,55,Doylebury,Victoria,2021-01-02,2021-01-09,2863,105,3,315,Shirt,Cuban Collar,M,violet,67,1,7
3763,Delia Mably,Female,55,Doylebury,Victoria,2021-01-02,2021-01-09,2864,92,1,92,Shirt,Denim,L,violet,78,1,7
3764,Delia Mably,Female,55,Doylebury,Victoria,2021-04-03,2021-04-21,4656,107,2,214,Jacket,Denim,L,violet,50,4,18
3765,Delia Mably,Female,55,Doylebury,Victoria,2021-04-03,2021-04-21,4657,98,1,98,Shirt,Camp Collared,M,indigo,52,4,18
3766,Delia Mably,Female,55,Doylebury,Victoria,2021-04-03,2021-04-21,4658,99,1,99,Trousers,High-Waisted,XS,yellow,64,4,18
3767,Delia Mably,Female,55,Doylebury,Victoria,2021-04-03,2021-04-21,4659,105,1,105,Trousers,Pleated,XL,red,58,4,18
3768,Delia Mably,Female,55,Doylebury,Victoria,2021-04-03,2021-04-21,4660,118,3,354,Shirt,Flannel,M,yellow,59,4,18
3769,Delia Mably,Female,55,Doylebury,Victoria,2021-04-03,2021-04-21,4661,92,2,184,Shirt,Denim,L,orange,45,4,18
3770,Zebulen Zannotti,Genderqueer,60,Harveyside,Tasmania,2021-08-17,2021-08-27,2500,90,3,270,Trousers,Relaxed Leg,XL,orange,80,8,10
3771,Zebulen Zannotti,Genderqueer,60,Harveyside,Tasmania,2021-08-17,2021-08-27,2501,106,3,318,Shirt,Chambray,XS,red,48,8,10
3772,Zebulen Zannotti,Genderqueer,60,Harveyside,Tasmania,2021-08-17,2021-08-27,2502,106,2,212,Trousers,Wool,XL,indigo,51,8,10
3773,Zebulen Zannotti,Genderqueer,60,Harveyside,Tasmania,2021-08-17,2021-08-27,2503,118,2,236,Jacket,Puffer,XS,violet,74,8,10
3774,Zebulen Zannotti,Genderqueer,60,Harveyside,Tasmania,2021-08-17,2021-08-27,2504,109,1,109,Jacket,Peacoat,S,red,67,8,10
3775,Zebulen Zannotti,Genderqueer,60,Harveyside,Tasmania,2021-08-17,2021-08-27,2505,119,2,238,Shirt,Casual Slim Fit,L,indigo,60,8,10
3776,Zebulen Zannotti,Genderqueer,60,Harveyside,Tasmania,2021-03-23,2021-03-28,3303,97,1,97,Trousers,Slim-Fit,L,violet,58,3,5
3777,Zebulen Zannotti,Genderqueer,60,Harveyside,Tasmania,2021-03-23,2021-03-28,3304,98,1,98,Jacket,Leather,M,blue,60,3,5
3778,Zebulen Zannotti,Genderqueer,60,Harveyside,Tasmania,2021-03-23,2021-03-28,3305,96,3,288,Trousers,Drawstring,S,green,73,3,5
3779,Zebulen Zannotti,Genderqueer,60,Harveyside,Tasmania,2021-03-23,2021-03-28,3306,96,1,96,Shirt,Oxford Cloth,L,red,69,3,5
3780,Zebulen Zannotti,Genderqueer,60,Harveyside,Tasmania,2021-03-23,2021-03-28,3307,113,3,339,Jacket,Parka,L,violet,53,3,5
3781,Zebulen Zannotti,Genderqueer,60,Harveyside,Tasmania,2021-03-23,2021-03-28,3308,93,2,186,Trousers,Joggers,M,indigo,66,3,5
3782,Zebulen Zannotti,Genderqueer,60,Harveyside,Tasmania,2021-03-23,2021-03-28,3309,106,2,212,Shirt,Chambray,S,green,63,3,5
3783,Lilyan Pirt,Genderqueer,55,Hollyfort,Northern Territory,2021-01-27,2021-02-06,4567,118,3,354,Jacket,Puffer,XS,yellow,55,1,10
3784,Lilyan Pirt,Genderqueer,55,Hollyfort,Northern Territory,2021-01-27,2021-02-06,4568,94,2,188,Trousers,Cords,L,violet,74,1,10
3785,Lilyan Pirt,Genderqueer,55,Hollyfort,Northern Territory,2021-01-27,2021-02-06,4569,105,2,210,Shirt,Cuban Collar,L,yellow,77,1,10
3786,Lilyan Pirt,Genderqueer,55,Hollyfort,Northern Territory,2021-01-27,2021-02-06,4570,96,2,192,Shirt,Oxford Cloth,S,blue,51,1,10
3787,Lilyan Pirt,Genderqueer,55,Hollyfort,Northern Territory,2021-01-27,2021-02-06,4571,96,2,192,Shirt,Oxford Cloth,XL,violet,54,1,10
3788,Kristel Klaaassen,Female,57,East Matthewville,New South Wales,2021-03-23,2021-04-06,1692,94,1,94,Shirt,Henley,L,violet,51,3,14
3789,Kristel Klaaassen,Female,57,East Matthewville,New South Wales,2021-03-23,2021-04-06,1693,119,1,119,Jacket,Trench Coat,XS,violet,64,3,14
3790,Kristel Klaaassen,Female,57,East Matthewville,New South Wales,2021-03-23,2021-04-06,1694,96,3,288,Shirt,Oxford Cloth,XS,green,68,3,14
3791,Kristel Klaaassen,Female,57,East Matthewville,New South Wales,2021-03-23,2021-04-06,1695,102,3,306,Trousers,Cargo Pants,XS,indigo,51,3,14
3792,Kristel Klaaassen,Female,57,East Matthewville,New South Wales,2021-03-23,2021-04-06,1696,98,1,98,Shirt,Camp Collared,XL,green,61,3,14
3793,Kristel Klaaassen,Female,57,East Matthewville,New South Wales,2021-03-23,2021-04-06,1697,100,1,100,Jacket,Bomber,S,violet,45,3,14
3794,Kristel Klaaassen,Female,57,East Matthewville,New South Wales,2021-03-23,2021-04-06,1698,118,2,236,Shirt,Flannel,XL,red,72,3,14
3795,Kristel Klaaassen,Female,57,East Matthewville,New South Wales,2021-03-23,2021-04-06,1699,91,1,91,Jacket,Pullover,S,orange,77,3,14
3796,Kristel Klaaassen,Female,57,East Matthewville,New South Wales,2021-03-23,2021-04-06,1700,105,2,210,Trousers,Pleated,XS,blue,62,3,14
3797,Kristel Klaaassen,Female,57,East Matthewville,New South Wales,2021-08-17,2021-09-10,2164,100,3,300,Jacket,Bomber,L,blue,64,8,24
3798,Kristel Klaaassen,Female,57,East Matthewville,New South Wales,2021-08-17,2021-09-10,2165,100,1,100,Jacket,Bomber,XL,green,79,8,24
3799,Kristel Klaaassen,Female,57,East Matthewville,New South Wales,2021-01-02,2021-01-15,3224,97,2,194,Trousers,Slim-Fit,XS,violet,70,1,13
3800,Kristel Klaaassen,Female,57,East Matthewville,New South Wales,2021-01-02,2021-01-15,3225,100,1,100,Jacket,Bomber,XL,green,79,1,13
3801,Kristel Klaaassen,Female,57,East Matthewville,New South Wales,2021-01-02,2021-01-15,3226,91,1,91,Shirt,Linen,S,green,58,1,13
3802,Kristel Klaaassen,Female,57,East Matthewville,New South Wales,2021-01-02,2021-01-15,3227,97,1,97,Trousers,Slim-Fit,L,orange,66,1,13
3803,Kristel Klaaassen,Female,57,East Matthewville,New South Wales,2021-01-02,2021-01-15,3228,97,1,97,Trousers,Slim-Fit,S,orange,55,1,13
3804,Kristel Klaaassen,Female,57,East Matthewville,New South Wales,2021-01-02,2021-01-15,3229,119,2,238,Shirt,Casual Slim Fit,M,blue,61,1,13
3805,Kristel Klaaassen,Female,57,East Matthewville,New South Wales,2021-01-02,2021-01-15,3230,105,3,315,Trousers,Pleated,XS,green,58,1,13
3806,Meryl Neeson,Non-binary,73,Port Molly,Tasmania,2021-07-31,2021-08-15,2434,119,3,357,Shirt,Casual Slim Fit,XL,blue,68,7,15
3807,Meryl Neeson,Non-binary,73,Port Molly,Tasmania,2021-07-31,2021-08-15,2435,118,3,354,Jacket,Puffer,XS,blue,57,7,15
3808,Meryl Neeson,Non-binary,73,Port Molly,Tasmania,2021-07-31,2021-08-15,2436,118,3,354,Jacket,Puffer,XL,yellow,65,7,15
3809,Meryl Neeson,Non-binary,73,Port Molly,Tasmania,2021-07-31,2021-08-15,2437,112,2,224,Jacket,Cardigan,L,yellow,50,7,15
3810,Meryl Neeson,Non-binary,73,Port Molly,Tasmania,2021-07-31,2021-08-15,2438,102,1,102,Jacket,Windbreaker,S,red,54,7,15
3811,Meryl Neeson,Non-binary,73,Port Molly,Tasmania,2021-07-31,2021-08-15,2439,102,3,306,Jacket,Windbreaker,M,yellow,52,7,15
3812,Meryl Neeson,Non-binary,73,Port Molly,Tasmania,2021-07-31,2021-08-15,2440,107,2,214,Jacket,Denim,XS,violet,65,7,15
3813,Meryl Neeson,Non-binary,73,Port Molly,Tasmania,2021-07-31,2021-08-15,2441,119,3,357,Shirt,Casual Slim Fit,XL,red,47,7,15
3814,Meryl Neeson,Non-binary,73,Port Molly,Tasmania,2021-07-12,2021-07-22,2550,106,1,106,Shirt,Chambray,XL,indigo,61,7,10
3815,Meryl Neeson,Non-binary,73,Port Molly,Tasmania,2021-07-12,2021-07-22,2551,117,1,117,Jacket,Shearling,S,yellow,48,7,10
3816,Meryl Neeson,Non-binary,73,Port Molly,Tasmania,2021-07-12,2021-07-22,2552,106,2,212,Shirt,Chambray,XS,red,48,7,10
3817,Meryl Neeson,Non-binary,73,Port Molly,Tasmania,2021-08-20,2021-08-30,4776,104,1,104,Shirt,Dress,L,yellow,56,8,10
3818,Meryl Neeson,Non-binary,73,Port Molly,Tasmania,2021-08-20,2021-08-30,4777,92,2,184,Shirt,Denim,M,red,49,8,10
3819,Selestina Dauber,Polygender,44,Port Aliview,Western Australia,2021-10-21,2021-11-13,1246,113,1,113,Trousers,Chinos,S,blue,51,10,23
3820,Selestina Dauber,Polygender,44,Port Aliview,Western Australia,2021-10-21,2021-11-13,1247,113,1,113,Jacket,Parka,XL,red,64,10,23
3821,Selestina Dauber,Polygender,44,Port Aliview,Western Australia,2021-10-21,2021-11-13,1248,104,2,208,Shirt,Dress,XS,violet,63,10,23
3822,Selestina Dauber,Polygender,44,Port Aliview,Western Australia,2021-10-21,2021-11-13,1249,104,1,104,Shirt,Dress,XS,red,63,10,23
3823,Selestina Dauber,Polygender,44,Port Aliview,Western Australia,2021-10-21,2021-11-13,1250,113,2,226,Trousers,Chinos,L,red,44,10,23
3824,Selestina Dauber,Polygender,44,Port Aliview,Western Australia,2021-10-21,2021-11-13,1251,109,3,327,Shirt,Mandarin Collar,L,violet,54,10,23
3825,Selestina Dauber,Polygender,44,Port Aliview,Western Australia,2021-03-15,2021-03-20,2382,98,1,98,Jacket,Leather,M,yellow,77,3,5
3826,Selestina Dauber,Polygender,44,Port Aliview,Western Australia,2021-03-15,2021-03-20,2383,105,1,105,Trousers,Pleated,XL,green,55,3,5
3827,Selestina Dauber,Polygender,44,Port Aliview,Western Australia,2021-03-15,2021-03-20,2384,91,3,273,Jacket,Pullover,XL,orange,69,3,5
3828,Selestina Dauber,Polygender,44,Port Aliview,Western Australia,2021-03-15,2021-03-20,2385,117,1,117,Jacket,Shearling,M,orange,45,3,5
3829,Selestina Dauber,Polygender,44,Port Aliview,Western Australia,2021-03-15,2021-03-20,2386,99,1,99,Trousers,High-Waisted,L,violet,68,3,5
3830,Selestina Dauber,Polygender,44,Port Aliview,Western Australia,2021-03-15,2021-03-20,2387,119,1,119,Shirt,Casual Slim Fit,XS,violet,55,3,5
3831,Selestina Dauber,Polygender,44,Port Aliview,Western Australia,2021-03-15,2021-03-20,2388,102,2,204,Jacket,Windbreaker,XS,green,57,3,5
3832,Selestina Dauber,Polygender,44,Port Aliview,Western Australia,2021-01-14,2021-02-08,2657,112,2,224,Jacket,Cardigan,S,green,62,1,25
3833,Selestina Dauber,Polygender,44,Port Aliview,Western Australia,2021-01-14,2021-02-08,2658,117,2,234,Jacket,Shearling,XL,blue,79,1,25
3834,Selestina Dauber,Polygender,44,Port Aliview,Western Australia,2021-01-14,2021-02-08,2659,118,2,236,Jacket,Puffer,S,yellow,48,1,25
3835,Selestina Dauber,Polygender,44,Port Aliview,Western Australia,2021-01-14,2021-02-08,2660,99,3,297,Trousers,High-Waisted,XS,red,74,1,25
3836,Lindy Saltrese,Non-binary,31,North Matthewfort,Northern Territory,2021-10-20,2021-11-10,2081,106,3,318,Trousers,Wool,XL,orange,56,10,21
3837,Lindy Saltrese,Non-binary,31,North Matthewfort,Northern Territory,2021-10-20,2021-11-10,2082,102,2,204,Trousers,Cargo Pants,XS,green,63,10,21
3838,Lindy Saltrese,Non-binary,31,North Matthewfort,Northern Territory,2021-10-20,2021-11-10,2083,113,2,226,Jacket,Parka,XL,red,64,10,21
3839,Lindy Saltrese,Non-binary,31,North Matthewfort,Northern Territory,2021-10-20,2021-11-10,2084,113,3,339,Jacket,Parka,S,indigo,53,10,21
3840,Lindy Saltrese,Non-binary,31,North Matthewfort,Northern Territory,2021-10-20,2021-11-10,2085,100,2,200,Jacket,Bomber,S,blue,50,10,21
3841,Lindy Saltrese,Non-binary,31,North Matthewfort,Northern Territory,2021-10-20,2021-11-10,2086,96,2,192,Shirt,Oxford Cloth,XL,violet,54,10,21
3842,Cristen Hagley,Bigender,25,Lake Gabriella,Victoria,2021-10-16,2021-10-19,1497,109,3,327,Jacket,Peacoat,L,violet,65,10,3
3843,Mirabelle Vaney,Polygender,42,Baumbachton,Victoria,2021-10-21,2021-11-01,3704,94,3,282,Trousers,Cords,L,green,62,10,11
3844,Mirabelle Vaney,Polygender,42,Baumbachton,Victoria,2021-10-21,2021-11-01,3705,106,2,212,Shirt,Chambray,L,yellow,53,10,11
3845,Mirabelle Vaney,Polygender,42,Baumbachton,Victoria,2021-10-21,2021-11-01,3706,112,2,224,Jacket,Cardigan,XS,indigo,70,10,11
3846,Mirabelle Vaney,Polygender,42,Baumbachton,Victoria,2021-10-21,2021-11-01,3707,112,1,112,Jacket,Cardigan,S,yellow,79,10,11
3847,Mirabelle Vaney,Polygender,42,Baumbachton,Victoria,2021-10-21,2021-11-01,3708,92,1,92,Shirt,Denim,L,indigo,58,10,11
3848,Mirabelle Vaney,Polygender,42,Baumbachton,Victoria,2021-10-21,2021-11-01,3709,115,2,230,Trousers,Cropped,XS,green,48,10,11
3849,Mirabelle Vaney,Polygender,42,Baumbachton,Victoria,2021-01-02,2021-01-12,4592,109,1,109,Shirt,Mandarin Collar,XS,violet,52,1,10
3850,Ninnetta Lammin,Bigender,74,Lake Jesse,New South Wales,2021-02-08,2021-02-22,2135,119,2,238,Shirt,Casual Slim Fit,M,yellow,76,2,14
3851,Ninnetta Lammin,Bigender,74,Lake Jesse,New South Wales,2021-02-08,2021-02-22,2136,95,2,190,Shirt,Polo,XS,indigo,47,2,14
3852,Ninnetta Lammin,Bigender,74,Lake Jesse,New South Wales,2021-01-04,2021-01-26,2678,95,1,95,Shirt,Polo,XL,violet,79,1,22
3853,Ninnetta Lammin,Bigender,74,Lake Jesse,New South Wales,2021-01-04,2021-01-26,2679,102,1,102,Jacket,Windbreaker,XL,red,48,1,22
3854,Ninnetta Lammin,Bigender,74,Lake Jesse,New South Wales,2021-01-04,2021-01-26,2680,94,3,282,Shirt,Henley,S,red,60,1,22
3855,Ninnetta Lammin,Bigender,74,Lake Jesse,New South Wales,2021-01-04,2021-01-26,2681,118,2,236,Shirt,Flannel,XL,red,72,1,22
3856,Ninnetta Lammin,Bigender,74,Lake Jesse,New South Wales,2021-01-04,2021-01-26,2682,96,1,96,Shirt,Oxford Cloth,L,violet,73,1,22
3857,Ninnetta Lammin,Bigender,74,Lake Jesse,New South Wales,2021-01-04,2021-01-26,2683,90,1,90,Trousers,Relaxed Leg,L,orange,78,1,22
3858,Ninnetta Lammin,Bigender,74,Lake Jesse,New South Wales,2021-01-04,2021-01-26,2684,106,1,106,Shirt,Chambray,L,red,44,1,22
3859,Ninnetta Lammin,Bigender,74,Lake Jesse,New South Wales,2021-01-04,2021-01-26,2685,117,2,234,Jacket,Shearling,XS,orange,54,1,22
3860,Ninnetta Lammin,Bigender,74,Lake Jesse,New South Wales,2021-10-03,2021-10-16,3669,118,3,354,Jacket,Puffer,S,indigo,62,10,13
3861,Ninnetta Lammin,Bigender,74,Lake Jesse,New South Wales,2021-10-03,2021-10-16,3670,96,1,96,Trousers,Drawstring,L,indigo,77,10,13
3862,Ninnetta Lammin,Bigender,74,Lake Jesse,New South Wales,2021-10-03,2021-10-16,3671,107,3,321,Jacket,Denim,L,blue,42,10,13
3863,Ninnetta Lammin,Bigender,74,Lake Jesse,New South Wales,2021-10-03,2021-10-16,3672,119,2,238,Jacket,Trench Coat,XL,orange,71,10,13
3864,Ninnetta Lammin,Bigender,74,Lake Jesse,New South Wales,2021-10-03,2021-10-16,3673,98,3,294,Shirt,Camp Collared,XL,orange,48,10,13
3865,Herbert Rock,Female,79,West Aaron,New South Wales,2021-08-28,2021-09-04,3604,113,3,339,Trousers,Chinos,XS,green,75,8,7
3866,Herbert Rock,Female,79,West Aaron,New South Wales,2021-08-28,2021-09-04,3605,118,3,354,Jacket,Puffer,L,indigo,61,8,7
3867,Herbert Rock,Female,79,West Aaron,New South Wales,2021-08-28,2021-09-04,3606,98,1,98,Jacket,Leather,L,green,71,8,7
3868,Herbert Rock,Female,79,West Aaron,New South Wales,2021-08-28,2021-09-04,3607,99,1,99,Trousers,High-Waisted,M,orange,69,8,7
3869,Herbert Rock,Female,79,West Aaron,New South Wales,2021-08-28,2021-09-04,3608,96,3,288,Trousers,Drawstring,S,yellow,74,8,7
3870,Taffy Quimby,Non-binary,31,East Xavier,New South Wales,2021-10-21,2021-11-10,2254,96,3,288,Trousers,Drawstring,M,green,52,10,20
3871,Taffy Quimby,Non-binary,31,East Xavier,New South Wales,2021-10-21,2021-11-10,2255,92,3,276,Shirt,Denim,XL,yellow,74,10,20
3872,Taffy Quimby,Non-binary,31,East Xavier,New South Wales,2021-10-21,2021-11-10,2256,118,3,354,Jacket,Puffer,XL,red,41,10,20
3873,Taffy Quimby,Non-binary,31,East Xavier,New South Wales,2021-10-21,2021-11-10,2257,94,2,188,Shirt,Henley,XL,green,64,10,20
3874,Taffy Quimby,Non-binary,31,East Xavier,New South Wales,2021-10-21,2021-11-10,2258,94,1,94,Trousers,Cords,S,indigo,60,10,20
3875,Taffy Quimby,Non-binary,31,East Xavier,New South Wales,2021-10-21,2021-11-10,2259,109,3,327,Shirt,Mandarin Collar,XL,red,64,10,20
3876,Taffy Quimby,Non-binary,31,East Xavier,New South Wales,2021-10-07,2021-11-02,2344,94,2,188,Shirt,Henley,L,green,41,10,26
3877,Taffy Quimby,Non-binary,31,East Xavier,New South Wales,2021-10-07,2021-11-02,2345,95,1,95,Shirt,Polo,L,orange,63,10,26
3878,Taffy Quimby,Non-binary,31,East Xavier,New South Wales,2021-10-07,2021-11-02,2346,93,3,279,Jacket,Coach,S,blue,47,10,26
3879,Taffy Quimby,Non-binary,31,East Xavier,New South Wales,2021-10-07,2021-11-02,2347,113,2,226,Jacket,Parka,S,violet,67,10,26
3880,Taffy Quimby,Non-binary,31,East Xavier,New South Wales,2021-10-07,2021-11-02,2348,119,2,238,Shirt,Casual Slim Fit,XS,green,69,10,26
3881,Taffy Quimby,Non-binary,31,East Xavier,New South Wales,2021-10-07,2021-11-02,2349,106,3,318,Trousers,Wool,M,red,58,10,26
3882,Taffy Quimby,Non-binary,31,East Xavier,New South Wales,2021-03-16,2021-04-06,2840,98,3,294,Shirt,Camp Collared,XL,green,61,3,21
3883,Taffy Quimby,Non-binary,31,East Xavier,New South Wales,2021-03-16,2021-04-06,2841,113,3,339,Jacket,Parka,L,blue,61,3,21
3884,Taffy Quimby,Non-binary,31,East Xavier,New South Wales,2021-03-16,2021-04-06,2842,98,1,98,Jacket,Leather,L,blue,62,3,21
3885,Taffy Quimby,Non-binary,31,East Xavier,New South Wales,2021-03-16,2021-04-06,2843,112,2,224,Trousers,Tracksuit Bottoms,XS,green,69,3,21
3886,Mallissa Lawdham,Genderfluid,44,East Madison,New South Wales,2021-09-02,2021-09-11,1484,112,2,224,Jacket,Cardigan,XS,red,51,9,9
3887,Mallissa Lawdham,Genderfluid,44,East Madison,New South Wales,2021-09-02,2021-09-11,1485,100,1,100,Jacket,Bomber,XL,indigo,50,9,9
3888,Mallissa Lawdham,Genderfluid,44,East Madison,New South Wales,2021-09-02,2021-09-11,1486,96,2,192,Shirt,Oxford Cloth,L,red,69,9,9
3889,Mallissa Lawdham,Genderfluid,44,East Madison,New South Wales,2021-09-02,2021-09-11,1487,119,3,357,Shirt,Casual Slim Fit,XL,yellow,78,9,9
3890,Mallissa Lawdham,Genderfluid,44,East Madison,New South Wales,2021-02-19,2021-03-01,3751,107,2,214,Jacket,Denim,M,green,79,2,10
3891,Mallissa Lawdham,Genderfluid,44,East Madison,New South Wales,2021-02-19,2021-03-01,3752,94,2,188,Trousers,Cords,XL,orange,72,2,10
3892,Mallissa Lawdham,Genderfluid,44,East Madison,New South Wales,2021-02-19,2021-03-01,3753,109,1,109,Shirt,Mandarin Collar,L,green,67,2,10
3893,Mallissa Lawdham,Genderfluid,44,East Madison,New South Wales,2021-02-19,2021-03-01,3754,94,1,94,Shirt,Henley,M,violet,44,2,10
3894,Mallissa Lawdham,Genderfluid,44,East Madison,New South Wales,2021-02-19,2021-03-01,3755,99,2,198,Trousers,High-Waisted,XL,red,80,2,10
3895,Mallissa Lawdham,Genderfluid,44,East Madison,New South Wales,2021-02-19,2021-03-01,3756,102,2,204,Jacket,Windbreaker,XL,green,71,2,10
3896,Mallissa Lawdham,Genderfluid,44,East Madison,New South Wales,2021-02-19,2021-03-01,3757,118,1,118,Shirt,Flannel,S,blue,43,2,10
3897,Mallissa Lawdham,Genderfluid,44,East Madison,New South Wales,2021-02-19,2021-03-01,3758,119,1,119,Jacket,Trench Coat,L,orange,70,2,10
3898,Mallissa Lawdham,Genderfluid,44,East Madison,New South Wales,2021-02-19,2021-03-01,3759,100,2,200,Jacket,Bomber,L,blue,64,2,10
3899,Mallissa Lawdham,Genderfluid,44,East Madison,New South Wales,2021-02-19,2021-03-01,3760,102,1,102,Jacket,Windbreaker,M,green,63,2,10
3900,Mallissa Lawdham,Genderfluid,44,East Madison,New South Wales,2021-02-19,2021-03-01,3761,115,3,345,Trousers,Cropped,L,indigo,63,2,10
3901,Jan Gligori,Non-binary,52,West Aidanton,Victoria,2021-03-19,2021-04-05,2605,107,3,321,Jacket,Denim,L,yellow,44,3,17
3902,Jan Gligori,Non-binary,52,West Aidanton,Victoria,2021-03-19,2021-04-05,2606,96,2,192,Trousers,Drawstring,XL,yellow,48,3,17
3903,Jan Gligori,Non-binary,52,West Aidanton,Victoria,2021-03-19,2021-04-05,2607,119,2,238,Jacket,Trench Coat,L,yellow,77,3,17
3904,Eloise Ondrusek,Polygender,43,South Codyhaven,Tasmania,2021-10-11,2021-11-03,3954,106,2,212,Trousers,Wool,S,indigo,45,10,23
3905,Eloise Ondrusek,Polygender,43,South Codyhaven,Tasmania,2021-10-11,2021-11-03,3955,117,2,234,Jacket,Shearling,L,orange,58,10,23
3906,Eloise Ondrusek,Polygender,43,South Codyhaven,Tasmania,2021-10-11,2021-11-03,3956,96,1,96,Trousers,Drawstring,S,blue,48,10,23
3907,Eloise Ondrusek,Polygender,43,South Codyhaven,Tasmania,2021-10-11,2021-11-03,3957,97,2,194,Trousers,Slim-Fit,M,indigo,67,10,23
3908,Brod Phifer,Polygender,32,Hettingerfort,Western Australia,2021-02-15,2021-03-13,2802,93,3,279,Trousers,Joggers,M,green,54,2,26
3909,Brod Phifer,Polygender,32,Hettingerfort,Western Australia,2021-02-15,2021-03-13,2803,94,1,94,Trousers,Cords,L,red,53,2,26
3910,Brod Phifer,Polygender,32,Hettingerfort,Western Australia,2021-02-15,2021-03-13,2804,113,3,339,Jacket,Parka,M,orange,51,2,26
3911,Brod Phifer,Polygender,32,Hettingerfort,Western Australia,2021-10-22,2021-10-24,4075,97,1,97,Trousers,Slim-Fit,S,violet,46,10,2
3912,Brod Phifer,Polygender,32,Hettingerfort,Western Australia,2021-10-22,2021-10-24,4076,102,2,204,Jacket,Windbreaker,S,violet,46,10,2
3913,Brod Phifer,Polygender,32,Hettingerfort,Western Australia,2021-10-22,2021-10-24,4077,105,3,315,Shirt,Cuban Collar,M,orange,49,10,2
3914,Marni Figiovanni,Non-binary,59,Eveside,New South Wales,2021-03-14,2021-04-03,4831,100,2,200,Jacket,Bomber,XS,green,48,3,20
3915,Marni Figiovanni,Non-binary,59,Eveside,New South Wales,2021-03-14,2021-04-03,4832,119,3,357,Shirt,Casual Slim Fit,L,green,54,3,20
3916,Marni Figiovanni,Non-binary,59,Eveside,New South Wales,2021-03-14,2021-04-03,4833,96,2,192,Trousers,Drawstring,M,orange,76,3,20
3917,Marni Figiovanni,Non-binary,59,Eveside,New South Wales,2021-03-14,2021-04-03,4834,107,3,321,Jacket,Denim,M,indigo,52,3,20
3918,Marni Figiovanni,Non-binary,59,Eveside,New South Wales,2021-03-14,2021-04-03,4835,93,3,279,Trousers,Joggers,M,indigo,66,3,20
3919,Marni Figiovanni,Non-binary,59,Eveside,New South Wales,2021-03-14,2021-04-03,4836,106,3,318,Shirt,Chambray,M,blue,66,3,20
3920,Waylin Gasson,Genderqueer,37,West Kai,South Australia,2021-09-28,2021-10-12,1136,105,3,315,Trousers,Pleated,L,blue,79,9,14
3921,Waylin Gasson,Genderqueer,37,West Kai,South Australia,2021-09-28,2021-10-12,1137,91,3,273,Shirt,Linen,XS,red,61,9,14
3922,Waylin Gasson,Genderqueer,37,West Kai,South Australia,2021-09-28,2021-10-12,1138,118,2,236,Shirt,Flannel,L,orange,59,9,14
3923,Waylin Gasson,Genderqueer,37,West Kai,South Australia,2021-09-28,2021-10-12,1139,97,2,194,Trousers,Slim-Fit,XS,orange,69,9,14
3924,Waylin Gasson,Genderqueer,37,West Kai,South Australia,2021-09-28,2021-10-12,1140,91,3,273,Jacket,Pullover,S,violet,74,9,14
3925,Waylin Gasson,Genderqueer,37,West Kai,South Australia,2021-01-10,2021-01-19,2643,105,2,210,Shirt,Cuban Collar,S,yellow,41,1,9
3926,Waylin Gasson,Genderqueer,37,West Kai,South Australia,2021-01-10,2021-01-19,2644,96,3,288,Trousers,Drawstring,M,indigo,58,1,9
3927,Waylin Gasson,Genderqueer,37,West Kai,South Australia,2021-01-10,2021-01-19,2645,105,2,210,Trousers,Pleated,XL,red,58,1,9
3928,Waylin Gasson,Genderqueer,37,West Kai,South Australia,2021-07-05,2021-07-26,4608,93,3,279,Jacket,Coach,XS,indigo,42,7,21
3929,Waylin Gasson,Genderqueer,37,West Kai,South Australia,2021-07-05,2021-07-26,4609,107,2,214,Jacket,Denim,XS,indigo,75,7,21
3930,Waylin Gasson,Genderqueer,37,West Kai,South Australia,2021-07-05,2021-07-26,4610,118,3,354,Jacket,Puffer,M,orange,61,7,21
3931,Waylin Gasson,Genderqueer,37,West Kai,South Australia,2021-07-05,2021-07-26,4611,109,2,218,Jacket,Peacoat,XL,red,58,7,21
3932,Waylin Gasson,Genderqueer,37,West Kai,South Australia,2021-07-05,2021-07-26,4612,106,1,106,Shirt,Chambray,M,yellow,62,7,21
3933,Waylin Gasson,Genderqueer,37,West Kai,South Australia,2021-07-05,2021-07-26,4613,107,3,321,Jacket,Denim,M,orange,48,7,21
3934,Aida Warsap,Bigender,52,Port Isabel,Northern Territory,2021-03-22,2021-04-04,4066,105,2,210,Trousers,Pleated,S,violet,50,3,13
3935,Aida Warsap,Bigender,52,Port Isabel,Northern Territory,2021-03-22,2021-04-04,4067,94,1,94,Shirt,Henley,S,orange,46,3,13
3936,Aida Warsap,Bigender,52,Port Isabel,Northern Territory,2021-03-22,2021-04-04,4068,113,2,226,Jacket,Parka,XL,blue,47,3,13
3937,Aida Warsap,Bigender,52,Port Isabel,Northern Territory,2021-03-22,2021-04-04,4069,109,1,109,Jacket,Peacoat,M,indigo,52,3,13
3938,Aida Warsap,Bigender,52,Port Isabel,Northern Territory,2021-03-22,2021-04-04,4070,105,3,315,Trousers,Pleated,M,yellow,54,3,13
3939,Aida Warsap,Bigender,52,Port Isabel,Northern Territory,2021-03-22,2021-04-04,4071,92,3,276,Shirt,Denim,XS,indigo,79,3,13
3940,Aida Warsap,Bigender,52,Port Isabel,Northern Territory,2021-03-22,2021-04-04,4072,113,3,339,Jacket,Parka,S,indigo,53,3,13
3941,Aida Warsap,Bigender,52,Port Isabel,Northern Territory,2021-03-22,2021-04-04,4073,99,3,297,Trousers,High-Waisted,S,yellow,56,3,13
3942,Aida Warsap,Bigender,52,Port Isabel,Northern Territory,2021-03-22,2021-04-04,4074,90,3,270,Trousers,Relaxed Leg,XS,yellow,44,3,13
3943,Sigmund Bothen,Male,21,West Grace,Australian Capital Territory,2021-01-31,2021-02-20,2274,91,2,182,Jacket,Pullover,L,orange,56,1,20
3944,Sigmund Bothen,Male,21,West Grace,Australian Capital Territory,2021-01-31,2021-02-20,2275,102,3,306,Jacket,Windbreaker,L,red,40,1,20
3945,Sigmund Bothen,Male,21,West Grace,Australian Capital Territory,2021-01-31,2021-02-20,2276,93,3,279,Trousers,Joggers,L,violet,60,1,20
3946,Sigmund Bothen,Male,21,West Grace,Australian Capital Territory,2021-01-31,2021-02-20,2277,95,3,285,Shirt,Polo,M,green,62,1,20
3947,Sigmund Bothen,Male,21,West Grace,Australian Capital Territory,2021-01-31,2021-02-20,2278,105,1,105,Trousers,Pleated,L,yellow,62,1,20
3948,Sigmund Bothen,Male,21,West Grace,Australian Capital Territory,2021-01-31,2021-02-20,2279,98,1,98,Shirt,Camp Collared,XS,violet,72,1,20
3949,Sigmund Bothen,Male,21,West Grace,Australian Capital Territory,2021-07-28,2021-08-09,2707,96,1,96,Shirt,Oxford Cloth,M,green,60,7,12
3950,Sigmund Bothen,Male,21,West Grace,Australian Capital Territory,2021-07-28,2021-08-09,2708,115,1,115,Trousers,Cropped,M,orange,56,7,12
3951,Sigmund Bothen,Male,21,West Grace,Australian Capital Territory,2021-07-28,2021-08-09,2709,115,2,230,Trousers,Cropped,S,blue,62,7,12
3952,Sigmund Bothen,Male,21,West Grace,Australian Capital Territory,2021-07-28,2021-08-09,2710,90,2,180,Trousers,Relaxed Leg,S,violet,75,7,12
3953,Sigmund Bothen,Male,21,West Grace,Australian Capital Territory,2021-07-28,2021-08-09,2711,105,1,105,Trousers,Pleated,XS,green,58,7,12
3954,Sigmund Bothen,Male,21,West Grace,Australian Capital Territory,2021-07-28,2021-08-09,2712,105,2,210,Trousers,Pleated,XL,yellow,52,7,12
3955,Sigmund Bothen,Male,21,West Grace,Australian Capital Territory,2021-07-28,2021-08-09,2713,115,2,230,Trousers,Cropped,L,blue,45,7,12
3956,Thorsten Sowrey,Polygender,50,Port Isabelle,South Australia,2021-07-23,2021-08-14,4961,105,2,210,Trousers,Pleated,XL,blue,55,7,22
3957,Thorsten Sowrey,Polygender,50,Port Isabelle,South Australia,2021-07-23,2021-08-14,4962,96,3,288,Shirt,Oxford Cloth,S,red,53,7,22
3958,Thorsten Sowrey,Polygender,50,Port Isabelle,South Australia,2021-07-23,2021-08-14,4963,105,1,105,Shirt,Cuban Collar,XL,green,60,7,22
3959,Thorsten Sowrey,Polygender,50,Port Isabelle,South Australia,2021-07-23,2021-08-14,4964,118,1,118,Jacket,Puffer,XS,violet,74,7,22
3960,Thorsten Sowrey,Polygender,50,Port Isabelle,South Australia,2021-07-23,2021-08-14,4965,98,3,294,Jacket,Leather,XL,yellow,67,7,22
3961,Paul McGavigan,Genderfluid,74,Kuhntown,Victoria,2021-03-17,2021-04-08,2036,100,3,300,Jacket,Bomber,XL,red,62,3,22
3962,Paul McGavigan,Genderfluid,74,Kuhntown,Victoria,2021-03-17,2021-04-08,2037,117,1,117,Jacket,Shearling,S,blue,72,3,22
3963,Paul McGavigan,Genderfluid,74,Kuhntown,Victoria,2021-03-17,2021-04-08,2038,102,1,102,Jacket,Windbreaker,L,green,62,3,22
3964,Paul McGavigan,Genderfluid,74,Kuhntown,Victoria,2021-03-17,2021-04-08,2039,113,2,226,Trousers,Chinos,XS,blue,69,3,22
3965,Paul McGavigan,Genderfluid,74,Kuhntown,Victoria,2021-03-17,2021-04-08,2040,119,1,119,Shirt,Casual Slim Fit,XS,indigo,57,3,22
3966,Paul McGavigan,Genderfluid,74,Kuhntown,Victoria,2021-03-17,2021-04-08,2041,107,2,214,Jacket,Denim,S,violet,73,3,22
3967,Marlee Edser,Genderqueer,71,Oscarberg,South Australia,2021-03-21,2021-03-30,2691,118,2,236,Shirt,Flannel,S,yellow,42,3,9
3968,Marlee Edser,Genderqueer,71,Oscarberg,South Australia,2021-03-21,2021-03-30,2692,119,2,238,Shirt,Casual Slim Fit,S,blue,75,3,9
3969,Marlee Edser,Genderqueer,71,Oscarberg,South Australia,2021-03-21,2021-03-30,2693,109,2,218,Jacket,Peacoat,S,green,41,3,9
3970,Marlee Edser,Genderqueer,71,Oscarberg,South Australia,2021-03-21,2021-03-30,2694,98,1,98,Jacket,Leather,XL,indigo,52,3,9
3971,Marlee Edser,Genderqueer,71,Oscarberg,South Australia,2021-03-21,2021-03-30,2695,91,2,182,Jacket,Pullover,S,green,69,3,9
3972,Marlee Edser,Genderqueer,71,Oscarberg,South Australia,2021-03-21,2021-03-30,2696,93,3,279,Jacket,Coach,S,red,76,3,9
3973,Marlee Edser,Genderqueer,71,Oscarberg,South Australia,2021-06-17,2021-07-13,3525,92,2,184,Shirt,Denim,XS,orange,45,6,26
3974,Marlee Edser,Genderqueer,71,Oscarberg,South Australia,2021-06-17,2021-07-13,3526,118,2,236,Shirt,Flannel,XS,indigo,46,6,26
3975,Marlee Edser,Genderqueer,71,Oscarberg,South Australia,2021-06-17,2021-07-13,3527,93,1,93,Jacket,Coach,S,yellow,67,6,26
3976,Marlee Edser,Genderqueer,71,Oscarberg,South Australia,2021-06-17,2021-07-13,3528,119,1,119,Shirt,Casual Slim Fit,M,yellow,76,6,26
3977,Marlee Edser,Genderqueer,71,Oscarberg,South Australia,2021-06-17,2021-07-13,3529,98,1,98,Shirt,Camp Collared,XL,orange,48,6,26
3978,Marlee Edser,Genderqueer,71,Oscarberg,South Australia,2021-06-17,2021-07-13,3530,97,2,194,Trousers,Slim-Fit,S,orange,55,6,26
3979,Paxon O'Shiel,Genderfluid,55,Thomasborough,New South Wales,2021-01-06,2021-01-17,1108,118,3,354,Jacket,Puffer,L,blue,48,1,11
3980,Paxon O'Shiel,Genderfluid,55,Thomasborough,New South Wales,2021-01-06,2021-01-17,1109,94,1,94,Trousers,Cords,XL,indigo,70,1,11
3981,Paxon O'Shiel,Genderfluid,55,Thomasborough,New South Wales,2021-01-06,2021-01-17,1110,92,1,92,Shirt,Denim,L,green,71,1,11
3982,Paxon O'Shiel,Genderfluid,55,Thomasborough,New South Wales,2021-01-06,2021-01-17,1111,90,3,270,Trousers,Relaxed Leg,S,yellow,43,1,11
3983,Paxon O'Shiel,Genderfluid,55,Thomasborough,New South Wales,2021-01-06,2021-01-17,1112,94,2,188,Shirt,Henley,S,violet,43,1,11
3984,Ellynn Korba,Genderqueer,34,West Jonathanshire,Tasmania,2021-10-08,2021-11-03,12,104,1,104,Shirt,Dress,XL,green,52,10,26
3985,Ellynn Korba,Genderqueer,34,West Jonathanshire,Tasmania,2021-10-08,2021-11-03,13,96,2,192,Shirt,Oxford Cloth,S,orange,72,10,26
3986,Ellynn Korba,Genderqueer,34,West Jonathanshire,Tasmania,2021-10-08,2021-11-03,14,106,2,212,Trousers,Wool,XS,violet,80,10,26
3987,Ellynn Korba,Genderqueer,34,West Jonathanshire,Tasmania,2021-03-30,2021-04-05,1738,96,2,192,Shirt,Oxford Cloth,L,green,52,3,6
3988,Ellynn Korba,Genderqueer,34,West Jonathanshire,Tasmania,2021-03-30,2021-04-05,1739,119,1,119,Shirt,Casual Slim Fit,S,yellow,45,3,6
3989,Ellynn Korba,Genderqueer,34,West Jonathanshire,Tasmania,2021-03-30,2021-04-05,1740,91,3,273,Shirt,Linen,XL,violet,73,3,6
3990,Ellynn Korba,Genderqueer,34,West Jonathanshire,Tasmania,2021-03-30,2021-04-05,1741,96,3,288,Shirt,Oxford Cloth,S,red,53,3,6
3991,Ellynn Korba,Genderqueer,34,West Jonathanshire,Tasmania,2021-03-30,2021-04-05,1742,118,3,354,Shirt,Flannel,M,green,66,3,6
3992,Ellynn Korba,Genderqueer,34,West Jonathanshire,Tasmania,2021-03-30,2021-04-05,1743,97,1,97,Trousers,Slim-Fit,L,red,80,3,6
3993,Ellynn Korba,Genderqueer,34,West Jonathanshire,Tasmania,2021-03-30,2021-04-05,1744,100,1,100,Jacket,Bomber,XL,violet,53,3,6
3994,Ellynn Korba,Genderqueer,34,West Jonathanshire,Tasmania,2021-07-17,2021-08-09,4713,117,2,234,Jacket,Shearling,XS,green,74,7,23
3995,Edee Wildt,Bigender,56,East Charlesfurt,Northern Territory,2021-06-20,2021-06-24,1329,102,3,306,Trousers,Cargo Pants,XL,yellow,52,6,4
3996,Edee Wildt,Bigender,56,East Charlesfurt,Northern Territory,2021-06-20,2021-06-24,1330,97,1,97,Trousers,Slim-Fit,S,orange,55,6,4
3997,Edee Wildt,Bigender,56,East Charlesfurt,Northern Territory,2021-06-20,2021-06-24,1331,99,1,99,Trousers,High-Waisted,L,blue,57,6,4
3998,Edee Wildt,Bigender,56,East Charlesfurt,Northern Territory,2021-06-20,2021-06-24,1332,93,3,279,Trousers,Joggers,XS,yellow,62,6,4
3999,Felice Dumbleton,Genderfluid,24,Harveyville,Australian Capital Territory,2021-07-06,2021-07-15,580,94,2,188,Shirt,Henley,M,red,52,7,9
4000,Felice Dumbleton,Genderfluid,24,Harveyville,Australian Capital Territory,2021-07-06,2021-07-15,581,100,1,100,Jacket,Bomber,L,red,50,7,9
4001,Felice Dumbleton,Genderfluid,24,Harveyville,Australian Capital Territory,2021-07-06,2021-07-15,582,93,1,93,Jacket,Coach,M,green,63,7,9
4002,Felice Dumbleton,Genderfluid,24,Harveyville,Australian Capital Territory,2021-07-06,2021-07-15,583,100,2,200,Jacket,Bomber,M,yellow,71,7,9
4003,Felice Dumbleton,Genderfluid,24,Harveyville,Australian Capital Territory,2021-07-06,2021-07-15,584,96,3,288,Shirt,Oxford Cloth,M,violet,65,7,9
4004,Felice Dumbleton,Genderfluid,24,Harveyville,Australian Capital Territory,2021-07-06,2021-07-15,585,98,3,294,Shirt,Camp Collared,XS,indigo,64,7,9
4005,Felice Dumbleton,Genderfluid,24,Harveyville,Australian Capital Territory,2021-07-06,2021-07-15,586,105,2,210,Trousers,Pleated,XL,orange,69,7,9
4006,Felice Dumbleton,Genderfluid,24,Harveyville,Australian Capital Territory,2021-07-06,2021-07-15,587,92,3,276,Shirt,Denim,M,violet,55,7,9
4007,Felice Dumbleton,Genderfluid,24,Harveyville,Australian Capital Territory,2021-07-06,2021-07-15,588,93,3,279,Trousers,Joggers,L,orange,49,7,9
4008,Felice Dumbleton,Genderfluid,24,Harveyville,Australian Capital Territory,2021-07-06,2021-07-15,589,93,1,93,Jacket,Coach,XS,yellow,52,7,9
4009,Felice Dumbleton,Genderfluid,24,Harveyville,Australian Capital Territory,2021-09-26,2021-10-16,2122,90,2,180,Trousers,Relaxed Leg,S,green,51,9,20
4010,Chastity Daniaud,Genderfluid,20,Blakemouth,Northern Territory,2021-05-18,2021-05-24,3191,105,2,210,Trousers,Pleated,S,orange,72,5,6
4011,Chastity Daniaud,Genderfluid,20,Blakemouth,Northern Territory,2021-05-18,2021-05-24,3192,93,2,186,Jacket,Coach,S,yellow,67,5,6
4012,Chastity Daniaud,Genderfluid,20,Blakemouth,Northern Territory,2021-05-18,2021-05-24,3193,113,3,339,Jacket,Parka,M,green,71,5,6
4013,Chastity Daniaud,Genderfluid,20,Blakemouth,Northern Territory,2021-05-18,2021-05-24,3194,118,3,354,Jacket,Puffer,L,red,44,5,6
4014,Chastity Daniaud,Genderfluid,20,Blakemouth,Northern Territory,2021-05-18,2021-05-24,3195,97,1,97,Trousers,Slim-Fit,XL,orange,78,5,6
4015,Chastity Daniaud,Genderfluid,20,Blakemouth,Northern Territory,2021-05-18,2021-05-24,3196,95,2,190,Shirt,Polo,S,indigo,50,5,6
4016,Chastity Daniaud,Genderfluid,20,Blakemouth,Northern Territory,2021-05-18,2021-05-24,3197,109,1,109,Shirt,Mandarin Collar,XS,orange,68,5,6
4017,Chastity Daniaud,Genderfluid,20,Blakemouth,Northern Territory,2021-05-18,2021-05-24,3198,99,3,297,Trousers,High-Waisted,XL,violet,74,5,6
4018,Chastity Daniaud,Genderfluid,20,Blakemouth,Northern Territory,2021-06-30,2021-07-23,3776,117,1,117,Jacket,Shearling,M,indigo,74,6,23
4019,Chastity Daniaud,Genderfluid,20,Blakemouth,Northern Territory,2021-06-30,2021-07-23,3777,92,1,92,Shirt,Denim,S,blue,47,6,23
4020,Chastity Daniaud,Genderfluid,20,Blakemouth,Northern Territory,2021-06-30,2021-07-23,3778,96,2,192,Trousers,Drawstring,XL,blue,60,6,23
4021,Chastity Daniaud,Genderfluid,20,Blakemouth,Northern Territory,2021-06-30,2021-07-23,3779,92,2,184,Shirt,Denim,M,indigo,56,6,23
4022,Chastity Daniaud,Genderfluid,20,Blakemouth,Northern Territory,2021-06-30,2021-07-23,3780,119,3,357,Shirt,Casual Slim Fit,S,blue,75,6,23
4023,Chastity Daniaud,Genderfluid,20,Blakemouth,Northern Territory,2021-06-30,2021-07-23,3781,104,2,208,Shirt,Dress,L,red,79,6,23
4024,Chastity Daniaud,Genderfluid,20,Blakemouth,Northern Territory,2021-06-30,2021-07-23,3782,102,1,102,Trousers,Cargo Pants,M,red,52,6,23
4025,Chastity Daniaud,Genderfluid,20,Blakemouth,Northern Territory,2021-06-30,2021-07-23,3783,95,1,95,Shirt,Polo,L,yellow,46,6,23
4026,Chastity Daniaud,Genderfluid,20,Blakemouth,Northern Territory,2021-10-15,2021-11-04,4878,94,1,94,Shirt,Henley,XL,red,59,10,20
4027,Chastity Daniaud,Genderfluid,20,Blakemouth,Northern Territory,2021-10-15,2021-11-04,4879,94,3,282,Trousers,Cords,L,indigo,62,10,20
4028,Chastity Daniaud,Genderfluid,20,Blakemouth,Northern Territory,2021-10-15,2021-11-04,4880,113,2,226,Jacket,Parka,L,orange,77,10,20
4029,Chastity Daniaud,Genderfluid,20,Blakemouth,Northern Territory,2021-10-15,2021-11-04,4881,97,1,97,Trousers,Slim-Fit,XL,green,67,10,20
4030,Chastity Daniaud,Genderfluid,20,Blakemouth,Northern Territory,2021-10-15,2021-11-04,4882,119,1,119,Shirt,Casual Slim Fit,M,green,67,10,20
4031,Cinda Alleyne,Genderfluid,55,Caitlinview,Victoria,2021-08-23,2021-09-09,4576,93,3,279,Trousers,Joggers,XS,yellow,62,8,17
4032,Denny Parlour,Genderfluid,36,Madisonland,Victoria,2021-03-27,2021-04-21,3796,113,1,113,Trousers,Chinos,XS,yellow,41,3,25
4033,Denny Parlour,Genderfluid,36,Madisonland,Victoria,2021-03-27,2021-04-21,3797,96,3,288,Trousers,Drawstring,S,yellow,74,3,25
4034,Denny Parlour,Genderfluid,36,Madisonland,Victoria,2021-03-27,2021-04-21,3798,102,1,102,Trousers,Cargo Pants,S,yellow,48,3,25
4035,Denny Parlour,Genderfluid,36,Madisonland,Victoria,2021-03-27,2021-04-21,3799,119,3,357,Shirt,Casual Slim Fit,XL,orange,53,3,25
4036,Gusty Smallacombe,Female,49,North Avabury,South Australia,2021-02-24,2021-03-18,2416,96,1,96,Trousers,Drawstring,L,yellow,68,2,22
4037,Gusty Smallacombe,Female,49,North Avabury,South Australia,2021-02-24,2021-03-18,2417,93,2,186,Jacket,Coach,L,violet,80,2,22
4038,Gusty Smallacombe,Female,49,North Avabury,South Australia,2021-02-24,2021-03-18,2418,113,1,113,Trousers,Chinos,L,red,44,2,22
4039,Gusty Smallacombe,Female,49,North Avabury,South Australia,2021-02-24,2021-03-18,2419,117,3,351,Jacket,Shearling,S,yellow,48,2,22
4040,Gusty Smallacombe,Female,49,North Avabury,South Australia,2021-02-24,2021-03-18,2420,112,2,224,Trousers,Tracksuit Bottoms,S,violet,48,2,22
4041,Gusty Smallacombe,Female,49,North Avabury,South Australia,2021-01-09,2021-01-22,2836,117,2,234,Jacket,Shearling,XL,green,51,1,13
4042,Gusty Smallacombe,Female,49,North Avabury,South Australia,2021-01-09,2021-01-22,2837,106,2,212,Trousers,Wool,XL,orange,56,1,13
4043,Gusty Smallacombe,Female,49,North Avabury,South Australia,2021-01-09,2021-01-22,2838,94,1,94,Shirt,Henley,S,green,68,1,13
4044,Gusty Smallacombe,Female,49,North Avabury,South Australia,2021-01-09,2021-01-22,2839,112,3,336,Jacket,Cardigan,S,red,47,1,13
4045,Gusty Smallacombe,Female,49,North Avabury,South Australia,2021-09-03,2021-09-18,2908,106,3,318,Shirt,Chambray,S,orange,69,9,15
4046,Gusty Smallacombe,Female,49,North Avabury,South Australia,2021-09-03,2021-09-18,2909,96,2,192,Shirt,Oxford Cloth,S,blue,51,9,15
4047,Gusty Smallacombe,Female,49,North Avabury,South Australia,2021-09-03,2021-09-18,2910,109,2,218,Shirt,Mandarin Collar,S,orange,52,9,15
4048,Gusty Smallacombe,Female,49,North Avabury,South Australia,2021-09-03,2021-09-18,2911,109,1,109,Shirt,Mandarin Collar,M,orange,78,9,15
4049,Gusty Smallacombe,Female,49,North Avabury,South Australia,2021-09-03,2021-09-18,2912,112,1,112,Jacket,Cardigan,L,blue,68,9,15
4050,Gusty Smallacombe,Female,49,North Avabury,South Australia,2021-09-03,2021-09-18,2913,113,2,226,Jacket,Parka,M,blue,54,9,15
4051,Jillana Blankau,Genderfluid,54,Port Adamburgh,Northern Territory,2021-06-15,2021-06-30,46,94,2,188,Trousers,Cords,M,red,68,6,15
4052,Jillana Blankau,Genderfluid,54,Port Adamburgh,Northern Territory,2021-06-15,2021-06-30,47,91,3,273,Jacket,Pullover,XS,yellow,65,6,15
4053,Lorine McLugish,Agender,23,Graceville,New South Wales,2021-04-04,2021-04-18,4614,104,2,208,Shirt,Dress,L,red,79,4,14
4054,Lorine McLugish,Agender,23,Graceville,New South Wales,2021-04-04,2021-04-18,4615,99,1,99,Trousers,High-Waisted,S,blue,75,4,14
4055,Lorine McLugish,Agender,23,Graceville,New South Wales,2021-04-04,2021-04-18,4616,106,2,212,Shirt,Chambray,L,orange,44,4,14
4056,Sharl Izzett,Female,31,Davidshire,South Australia,2021-08-16,2021-08-25,3273,105,2,210,Shirt,Cuban Collar,S,blue,62,8,9
4057,Sharl Izzett,Female,31,Davidshire,South Australia,2021-08-16,2021-08-25,3274,118,2,236,Jacket,Puffer,L,orange,66,8,9
4058,Sharl Izzett,Female,31,Davidshire,South Australia,2021-08-16,2021-08-25,3275,117,3,351,Jacket,Shearling,M,red,49,8,9
4059,Sharl Izzett,Female,31,Davidshire,South Australia,2021-01-27,2021-02-22,4141,100,1,100,Jacket,Bomber,L,red,50,1,26
4060,Sharl Izzett,Female,31,Davidshire,South Australia,2021-01-27,2021-02-22,4142,102,1,102,Trousers,Cargo Pants,L,indigo,46,1,26
4061,Sharl Izzett,Female,31,Davidshire,South Australia,2021-01-27,2021-02-22,4143,91,1,91,Shirt,Linen,XL,blue,47,1,26
4062,Sharl Izzett,Female,31,Davidshire,South Australia,2021-01-27,2021-02-22,4144,106,2,212,Trousers,Wool,L,indigo,41,1,26
4063,Sharl Izzett,Female,31,Davidshire,South Australia,2021-01-27,2021-02-22,4145,115,2,230,Trousers,Cropped,XS,violet,65,1,26
4064,Sharl Izzett,Female,31,Davidshire,South Australia,2021-01-27,2021-02-22,4146,92,2,184,Shirt,Denim,XL,red,63,1,26
4065,Sharl Izzett,Female,31,Davidshire,South Australia,2021-01-27,2021-02-22,4147,96,1,96,Trousers,Drawstring,S,indigo,46,1,26
4066,Gwenette Kahen,Male,71,Phoebeberg,Queensland,2021-07-01,2021-07-26,3475,91,1,91,Shirt,Linen,M,violet,44,7,25
4067,Gwenette Kahen,Male,71,Phoebeberg,Queensland,2021-07-01,2021-07-26,3476,97,2,194,Trousers,Slim-Fit,XL,violet,48,7,25
4068,Gwenette Kahen,Male,71,Phoebeberg,Queensland,2021-07-01,2021-07-26,3477,98,3,294,Jacket,Leather,XL,orange,64,7,25
4069,Gwenette Kahen,Male,71,Phoebeberg,Queensland,2021-07-01,2021-07-26,3478,102,3,306,Trousers,Cargo Pants,XS,indigo,51,7,25
4070,Gwenette Kahen,Male,71,Phoebeberg,Queensland,2021-07-01,2021-07-26,3479,115,2,230,Trousers,Cropped,S,blue,62,7,25
4071,Gwenette Kahen,Male,71,Phoebeberg,Queensland,2021-07-01,2021-07-26,3480,98,2,196,Shirt,Camp Collared,M,red,64,7,25
4072,Bone Perche,Genderqueer,36,Aliceland,Western Australia,2021-01-13,2021-01-20,92,112,2,224,Jacket,Cardigan,S,red,47,1,7
4073,Bone Perche,Genderqueer,36,Aliceland,Western Australia,2021-01-13,2021-01-20,93,118,3,354,Shirt,Flannel,XS,green,55,1,7
4074,Bone Perche,Genderqueer,36,Aliceland,Western Australia,2021-01-13,2021-01-20,94,100,1,100,Jacket,Bomber,S,yellow,64,1,7
4075,Bone Perche,Genderqueer,36,Aliceland,Western Australia,2021-01-13,2021-01-20,95,115,3,345,Trousers,Cropped,XL,indigo,58,1,7
4076,Bone Perche,Genderqueer,36,Aliceland,Western Australia,2021-01-13,2021-01-20,96,102,3,306,Jacket,Windbreaker,XL,blue,59,1,7
4077,Bone Perche,Genderqueer,36,Aliceland,Western Australia,2021-01-13,2021-01-20,97,113,1,113,Jacket,Parka,S,green,62,1,7
4078,Bone Perche,Genderqueer,36,Aliceland,Western Australia,2021-01-13,2021-01-20,98,115,1,115,Trousers,Cropped,XL,indigo,58,1,7
4079,Bone Perche,Genderqueer,36,Aliceland,Western Australia,2021-01-05,2021-01-21,4529,102,2,204,Jacket,Windbreaker,S,indigo,62,1,16
4080,Bone Perche,Genderqueer,36,Aliceland,Western Australia,2021-01-05,2021-01-21,4530,92,1,92,Shirt,Denim,S,green,49,1,16
4081,Bone Perche,Genderqueer,36,Aliceland,Western Australia,2021-01-05,2021-01-21,4531,93,2,186,Jacket,Coach,S,blue,47,1,16
4082,Bone Perche,Genderqueer,36,Aliceland,Western Australia,2021-01-05,2021-01-21,4532,106,2,212,Trousers,Wool,M,yellow,43,1,16
4083,Bone Perche,Genderqueer,36,Aliceland,Western Australia,2021-01-05,2021-01-21,4533,107,3,321,Jacket,Denim,XS,red,60,1,16
4084,Bone Perche,Genderqueer,36,Aliceland,Western Australia,2021-01-05,2021-01-21,4534,102,1,102,Trousers,Cargo Pants,M,yellow,72,1,16
4085,Drake Ivanilov,Genderqueer,67,Nathanfort,Australian Capital Territory,2021-01-03,2021-01-09,195,106,1,106,Trousers,Wool,M,violet,51,1,6
4086,Drake Ivanilov,Genderqueer,67,Nathanfort,Australian Capital Territory,2021-01-03,2021-01-09,196,119,1,119,Jacket,Trench Coat,XS,violet,64,1,6
4087,Drake Ivanilov,Genderqueer,67,Nathanfort,Australian Capital Territory,2021-01-03,2021-01-09,197,100,3,300,Jacket,Bomber,XL,green,79,1,6
4088,Jojo Toffanini,Agender,34,Elijahshire,Queensland,2021-04-21,2021-04-23,219,93,2,186,Jacket,Coach,XL,violet,60,4,2
4089,Jojo Toffanini,Agender,34,Elijahshire,Queensland,2021-04-21,2021-04-23,220,117,2,234,Jacket,Shearling,L,green,66,4,2
4090,Jojo Toffanini,Agender,34,Elijahshire,Queensland,2021-04-21,2021-04-23,221,91,1,91,Jacket,Pullover,M,orange,60,4,2
4091,Jojo Toffanini,Agender,34,Elijahshire,Queensland,2021-04-21,2021-04-23,222,118,2,236,Shirt,Flannel,L,orange,59,4,2
4092,Jojo Toffanini,Agender,34,Elijahshire,Queensland,2021-04-21,2021-04-23,223,115,3,345,Trousers,Cropped,XL,red,78,4,2
4093,Jojo Toffanini,Agender,34,Elijahshire,Queensland,2021-05-04,2021-05-15,1906,97,2,194,Trousers,Slim-Fit,S,indigo,41,5,11
4094,Jojo Toffanini,Agender,34,Elijahshire,Queensland,2021-05-04,2021-05-15,1907,93,3,279,Jacket,Coach,XS,blue,51,5,11
4095,Jojo Toffanini,Agender,34,Elijahshire,Queensland,2021-05-04,2021-05-15,1908,90,1,90,Trousers,Relaxed Leg,M,orange,74,5,11
4096,Jojo Toffanini,Agender,34,Elijahshire,Queensland,2021-05-04,2021-05-15,1909,94,1,94,Trousers,Cords,XL,green,49,5,11
4097,Tressa Cunnane,Agender,70,Lake Rose,Western Australia,2021-04-02,2021-04-07,3157,118,1,118,Shirt,Flannel,XL,indigo,57,4,5
4098,Tressa Cunnane,Agender,70,Lake Rose,Western Australia,2021-04-02,2021-04-07,3158,92,2,184,Shirt,Denim,XS,red,52,4,5
4099,Tressa Cunnane,Agender,70,Lake Rose,Western Australia,2021-04-02,2021-04-07,3159,91,2,182,Jacket,Pullover,S,indigo,44,4,5
4100,Tressa Cunnane,Agender,70,Lake Rose,Western Australia,2021-04-02,2021-04-07,3160,92,2,184,Shirt,Denim,M,red,49,4,5
4101,Tressa Cunnane,Agender,70,Lake Rose,Western Australia,2021-04-10,2021-05-03,3674,113,1,113,Trousers,Chinos,XL,blue,48,4,23
4102,Tressa Cunnane,Agender,70,Lake Rose,Western Australia,2021-04-10,2021-05-03,3675,112,1,112,Trousers,Tracksuit Bottoms,XS,blue,42,4,23
4103,Tressa Cunnane,Agender,70,Lake Rose,Western Australia,2021-04-10,2021-05-03,3676,94,2,188,Shirt,Henley,L,indigo,44,4,23
4104,Tressa Cunnane,Agender,70,Lake Rose,Western Australia,2021-04-10,2021-05-03,3677,99,3,297,Trousers,High-Waisted,XL,orange,47,4,23
4105,Tressa Cunnane,Agender,70,Lake Rose,Western Australia,2021-04-10,2021-05-03,3678,94,1,94,Trousers,Cords,S,red,67,4,23
4106,Tressa Cunnane,Agender,70,Lake Rose,Western Australia,2021-04-10,2021-05-03,3679,99,3,297,Trousers,High-Waisted,XL,indigo,57,4,23
4107,Tressa Cunnane,Agender,70,Lake Rose,Western Australia,2021-04-10,2021-05-03,3680,92,2,184,Shirt,Denim,XS,orange,45,4,23
4108,Elizabet Pippin,Non-binary,72,Port Anna,South Australia,2021-03-30,2021-04-14,504,105,1,105,Shirt,Cuban Collar,S,indigo,41,3,15
4109,Elizabet Pippin,Non-binary,72,Port Anna,South Australia,2021-03-30,2021-04-14,505,98,1,98,Shirt,Camp Collared,S,yellow,66,3,15
4110,Elizabet Pippin,Non-binary,72,Port Anna,South Australia,2021-03-30,2021-04-14,506,93,2,186,Trousers,Joggers,S,orange,43,3,15
4111,Elizabet Pippin,Non-binary,72,Port Anna,South Australia,2021-03-30,2021-04-14,507,90,3,270,Trousers,Relaxed Leg,S,green,51,3,15
4112,Elizabet Pippin,Non-binary,72,Port Anna,South Australia,2021-03-30,2021-04-14,508,93,3,279,Jacket,Coach,XS,violet,58,3,15
4113,Elizabet Pippin,Non-binary,72,Port Anna,South Australia,2021-03-30,2021-04-14,509,115,1,115,Trousers,Cropped,S,orange,78,3,15
4114,Elizabet Pippin,Non-binary,72,Port Anna,South Australia,2021-08-19,2021-09-13,3203,107,2,214,Jacket,Denim,XL,blue,80,8,25
4115,Elizabet Pippin,Non-binary,72,Port Anna,South Australia,2021-08-19,2021-09-13,3204,100,2,200,Jacket,Bomber,S,indigo,41,8,25
4116,Elizabet Pippin,Non-binary,72,Port Anna,South Australia,2021-08-19,2021-09-13,3205,100,3,300,Jacket,Bomber,XS,blue,44,8,25
4117,Elizabet Pippin,Non-binary,72,Port Anna,South Australia,2021-08-19,2021-09-13,3206,118,2,236,Jacket,Puffer,XS,red,67,8,25
4118,Elizabet Pippin,Non-binary,72,Port Anna,South Australia,2021-08-19,2021-09-13,3207,96,3,288,Trousers,Drawstring,XL,indigo,41,8,25
4119,Elizabet Pippin,Non-binary,72,Port Anna,South Australia,2021-08-19,2021-09-13,3208,98,2,196,Jacket,Leather,XS,red,67,8,25
4120,Elizabet Pippin,Non-binary,72,Port Anna,South Australia,2021-08-19,2021-09-13,3209,118,2,236,Jacket,Puffer,XS,green,41,8,25
4121,Berri O' Clovan,Agender,49,East Hayden,Australian Capital Territory,2021-02-14,2021-02-16,310,115,1,115,Trousers,Cropped,XS,green,48,2,2
4122,Berri O' Clovan,Agender,49,East Hayden,Australian Capital Territory,2021-02-14,2021-02-16,311,106,2,212,Shirt,Chambray,XS,blue,76,2,2
4123,Perry McAless,Polygender,26,New Leah,Queensland,2021-04-07,2021-04-12,1765,112,1,112,Jacket,Cardigan,XS,indigo,70,4,5
4124,Perry McAless,Polygender,26,New Leah,Queensland,2021-04-07,2021-04-12,1766,119,3,357,Shirt,Casual Slim Fit,XS,red,49,4,5
4125,Perry McAless,Polygender,26,New Leah,Queensland,2021-04-07,2021-04-12,1767,96,2,192,Shirt,Oxford Cloth,L,orange,48,4,5
4126,Perry McAless,Polygender,26,New Leah,Queensland,2021-04-07,2021-04-12,1768,109,2,218,Shirt,Mandarin Collar,M,yellow,58,4,5
4127,Perry McAless,Polygender,26,New Leah,Queensland,2021-04-07,2021-04-12,1769,95,1,95,Shirt,Polo,XL,yellow,46,4,5
4128,Perry McAless,Polygender,26,New Leah,Queensland,2021-04-07,2021-04-12,1770,105,2,210,Shirt,Cuban Collar,L,orange,65,4,5
4129,Perry McAless,Polygender,26,New Leah,Queensland,2021-04-07,2021-04-12,1771,98,3,294,Jacket,Leather,L,yellow,45,4,5
4130,Perry McAless,Polygender,26,New Leah,Queensland,2021-04-07,2021-04-12,1772,118,3,354,Shirt,Flannel,XL,blue,61,4,5
4131,Perry McAless,Polygender,26,New Leah,Queensland,2021-04-07,2021-04-12,1773,96,2,192,Shirt,Oxford Cloth,S,orange,72,4,5
4132,Rachelle Jelf,Female,32,Marcusshire,Queensland,2021-06-23,2021-06-30,2564,98,2,196,Shirt,Camp Collared,M,orange,65,6,7
4133,Rachelle Jelf,Female,32,Marcusshire,Queensland,2021-06-23,2021-06-30,2565,90,3,270,Trousers,Relaxed Leg,L,green,62,6,7
4134,Rachelle Jelf,Female,32,Marcusshire,Queensland,2021-06-23,2021-06-30,2566,95,3,285,Shirt,Polo,XL,blue,70,6,7
4135,Rachelle Jelf,Female,32,Marcusshire,Queensland,2021-06-23,2021-06-30,2567,94,3,282,Trousers,Cords,XL,orange,72,6,7
4136,Rachelle Jelf,Female,32,Marcusshire,Queensland,2021-06-23,2021-06-30,2568,118,3,354,Jacket,Puffer,XS,yellow,55,6,7
4137,Rachelle Jelf,Female,32,Marcusshire,Queensland,2021-06-23,2021-06-30,2569,106,3,318,Trousers,Wool,XS,yellow,67,6,7
4138,Rachelle Jelf,Female,32,Marcusshire,Queensland,2021-06-23,2021-06-30,2570,102,3,306,Trousers,Cargo Pants,XL,indigo,64,6,7
4139,Rachelle Jelf,Female,32,Marcusshire,Queensland,2021-06-23,2021-06-30,2571,91,2,182,Jacket,Pullover,XS,orange,79,6,7
4140,Rachelle Jelf,Female,32,Marcusshire,Queensland,2021-06-23,2021-06-30,2572,105,1,105,Trousers,Pleated,XL,green,55,6,7
4141,Gibbie Beardall,Polygender,67,South Levi,New South Wales,2021-09-09,2021-10-03,1392,97,1,97,Trousers,Slim-Fit,M,violet,51,9,24
4142,Gibbie Beardall,Polygender,67,South Levi,New South Wales,2021-09-09,2021-10-03,1393,112,3,336,Jacket,Cardigan,M,yellow,64,9,24
4143,Gibbie Beardall,Polygender,67,South Levi,New South Wales,2021-09-09,2021-10-03,1394,109,3,327,Jacket,Peacoat,XS,blue,48,9,24
4144,Gibbie Beardall,Polygender,67,South Levi,New South Wales,2021-06-14,2021-06-15,3400,106,2,212,Shirt,Chambray,S,orange,69,6,1
4145,Gibbie Beardall,Polygender,67,South Levi,New South Wales,2021-06-14,2021-06-15,3401,104,2,208,Shirt,Dress,M,red,57,6,1
4146,Gibbie Beardall,Polygender,67,South Levi,New South Wales,2021-06-14,2021-06-15,3402,96,3,288,Trousers,Drawstring,M,red,70,6,1
4147,Katusha Ceney,Bigender,49,Daughertyport,Queensland,2021-09-09,2021-10-05,28,104,2,208,Shirt,Dress,L,red,79,9,26
4148,Katusha Ceney,Bigender,49,Daughertyport,Queensland,2021-09-09,2021-10-05,29,118,2,236,Jacket,Puffer,L,green,43,9,26
4149,Katusha Ceney,Bigender,49,Daughertyport,Queensland,2021-09-09,2021-10-05,30,106,1,106,Shirt,Chambray,M,violet,72,9,26
4150,Katusha Ceney,Bigender,49,Daughertyport,Queensland,2021-09-09,2021-10-05,31,91,2,182,Jacket,Pullover,XL,violet,69,9,26
4151,Katusha Ceney,Bigender,49,Daughertyport,Queensland,2021-05-04,2021-05-22,3377,107,3,321,Jacket,Denim,M,red,43,5,18
4152,Katusha Ceney,Bigender,49,Daughertyport,Queensland,2021-05-04,2021-05-22,3378,95,2,190,Shirt,Polo,L,blue,77,5,18
4153,Morgana Weymouth,Female,64,Blakeborough,Australian Capital Territory,2021-09-25,2021-10-03,4123,105,2,210,Shirt,Cuban Collar,M,yellow,49,9,8
4154,Morgana Weymouth,Female,64,Blakeborough,Australian Capital Territory,2021-09-25,2021-10-03,4124,115,1,115,Trousers,Cropped,L,violet,40,9,8
4155,Morgana Weymouth,Female,64,Blakeborough,Australian Capital Territory,2021-09-25,2021-10-03,4125,99,1,99,Trousers,High-Waisted,L,orange,78,9,8
4156,Morgana Weymouth,Female,64,Blakeborough,Australian Capital Territory,2021-09-25,2021-10-03,4126,115,2,230,Trousers,Cropped,XS,red,75,9,8
4157,Morgana Weymouth,Female,64,Blakeborough,Australian Capital Territory,2021-09-25,2021-10-03,4127,109,1,109,Jacket,Peacoat,L,yellow,63,9,8
4158,Morgana Weymouth,Female,64,Blakeborough,Australian Capital Territory,2021-09-25,2021-10-03,4128,100,2,200,Jacket,Bomber,S,violet,45,9,8
4159,Morgana Weymouth,Female,64,Blakeborough,Australian Capital Territory,2021-09-25,2021-10-03,4129,99,1,99,Trousers,High-Waisted,XS,yellow,64,9,8
4160,Morgana Weymouth,Female,64,Blakeborough,Australian Capital Territory,2021-10-14,2021-10-19,4633,96,1,96,Shirt,Oxford Cloth,M,blue,57,10,5
4161,Morgana Weymouth,Female,64,Blakeborough,Australian Capital Territory,2021-10-14,2021-10-19,4634,119,1,119,Shirt,Casual Slim Fit,XS,green,69,10,5
4162,Morgana Weymouth,Female,64,Blakeborough,Australian Capital Territory,2021-10-14,2021-10-19,4635,104,1,104,Shirt,Dress,M,violet,41,10,5
4163,Morgana Weymouth,Female,64,Blakeborough,Australian Capital Territory,2021-10-14,2021-10-19,4636,107,1,107,Jacket,Denim,S,red,69,10,5
4164,Morgana Weymouth,Female,64,Blakeborough,Australian Capital Territory,2021-10-14,2021-10-19,4637,105,1,105,Shirt,Cuban Collar,XS,yellow,78,10,5
4165,Morgana Weymouth,Female,64,Blakeborough,Australian Capital Territory,2021-10-14,2021-10-19,4638,115,2,230,Trousers,Cropped,XS,blue,47,10,5
4166,Morgana Weymouth,Female,64,Blakeborough,Australian Capital Territory,2021-10-14,2021-10-19,4639,96,2,192,Trousers,Drawstring,M,yellow,55,10,5
4167,Amaleta Beange,Female,72,Imogenmouth,Northern Territory,2021-05-15,2021-05-26,309,100,1,100,Jacket,Bomber,L,violet,68,5,11
4168,Gertrude Harriott,Bigender,68,Amyton,Australian Capital Territory,2021-09-02,2021-09-15,399,102,1,102,Trousers,Cargo Pants,L,orange,78,9,13
4169,Gertrude Harriott,Bigender,68,Amyton,Australian Capital Territory,2021-09-02,2021-09-15,400,94,1,94,Shirt,Henley,S,blue,75,9,13
4170,Gertrude Harriott,Bigender,68,Amyton,Australian Capital Territory,2021-09-02,2021-09-15,401,106,3,318,Shirt,Chambray,XL,yellow,53,9,13
4171,Gertrude Harriott,Bigender,68,Amyton,Australian Capital Territory,2021-09-02,2021-09-15,402,102,3,306,Jacket,Windbreaker,L,orange,68,9,13
4172,Gertrude Harriott,Bigender,68,Amyton,Australian Capital Territory,2021-09-02,2021-09-15,403,90,3,270,Trousers,Relaxed Leg,XS,violet,49,9,13
4173,Gertrude Harriott,Bigender,68,Amyton,Australian Capital Territory,2021-05-06,2021-05-27,1956,119,2,238,Shirt,Casual Slim Fit,S,yellow,45,5,21
4174,Gertrude Harriott,Bigender,68,Amyton,Australian Capital Territory,2021-05-06,2021-05-27,1957,102,3,306,Trousers,Cargo Pants,L,blue,77,5,21
4175,Gertrude Harriott,Bigender,68,Amyton,Australian Capital Territory,2021-05-06,2021-05-27,1958,118,2,236,Shirt,Flannel,L,violet,76,5,21
4176,Gertrude Harriott,Bigender,68,Amyton,Australian Capital Territory,2021-05-06,2021-05-27,1959,105,3,315,Trousers,Pleated,M,green,41,5,21
4177,Gertrude Harriott,Bigender,68,Amyton,Australian Capital Territory,2021-05-06,2021-05-27,1960,93,2,186,Jacket,Coach,XL,green,48,5,21
4178,Dena Banbrick,Polygender,26,Tylershire,Queensland,2021-01-31,2021-02-27,456,93,3,279,Jacket,Coach,L,yellow,53,1,27
4179,Dena Banbrick,Polygender,26,Tylershire,Queensland,2021-01-31,2021-02-27,457,105,1,105,Trousers,Pleated,S,indigo,41,1,27
4180,Dena Banbrick,Polygender,26,Tylershire,Queensland,2021-01-31,2021-02-27,458,115,1,115,Trousers,Cropped,L,indigo,63,1,27
4181,Dena Banbrick,Polygender,26,Tylershire,Queensland,2021-01-31,2021-02-27,459,118,3,354,Jacket,Puffer,XL,green,42,1,27
4182,Dena Banbrick,Polygender,26,Tylershire,Queensland,2021-01-31,2021-02-27,460,115,3,345,Trousers,Cropped,XL,violet,64,1,27
4183,Dena Banbrick,Polygender,26,Tylershire,Queensland,2021-03-07,2021-03-25,1512,109,2,218,Shirt,Mandarin Collar,M,red,60,3,18
4184,Dena Banbrick,Polygender,26,Tylershire,Queensland,2021-03-07,2021-03-25,1513,104,3,312,Shirt,Dress,XL,red,47,3,18
4185,Dena Banbrick,Polygender,26,Tylershire,Queensland,2021-03-07,2021-03-25,1514,119,1,119,Shirt,Casual Slim Fit,XL,yellow,78,3,18
4186,Dena Banbrick,Polygender,26,Tylershire,Queensland,2021-03-07,2021-03-25,1515,105,1,105,Trousers,Pleated,S,red,78,3,18
4187,Marvin Van Hault,Bigender,35,Robertstown,Western Australia,2021-10-20,2021-10-30,3091,96,1,96,Trousers,Drawstring,L,red,73,10,10
4188,Marvin Van Hault,Bigender,35,Robertstown,Western Australia,2021-10-20,2021-10-30,3092,106,1,106,Trousers,Wool,M,green,41,10,10
4189,Marvin Van Hault,Bigender,35,Robertstown,Western Australia,2021-10-20,2021-10-30,3093,94,2,188,Shirt,Henley,L,red,62,10,10
4190,Winn Siemandl,Bigender,76,South Tyler,Tasmania,2021-02-03,2021-02-19,178,90,2,180,Trousers,Relaxed Leg,XS,red,52,2,16
4191,Winn Siemandl,Bigender,76,South Tyler,Tasmania,2021-02-03,2021-02-19,179,102,1,102,Jacket,Windbreaker,L,yellow,70,2,16
4192,Winn Siemandl,Bigender,76,South Tyler,Tasmania,2021-02-03,2021-02-19,180,92,2,184,Shirt,Denim,L,violet,78,2,16
4193,Winn Siemandl,Bigender,76,South Tyler,Tasmania,2021-06-13,2021-07-07,393,92,3,276,Shirt,Denim,XL,indigo,58,6,24
4194,Winn Siemandl,Bigender,76,South Tyler,Tasmania,2021-06-13,2021-07-07,394,96,2,192,Shirt,Oxford Cloth,XL,green,42,6,24
4195,Winn Siemandl,Bigender,76,South Tyler,Tasmania,2021-06-13,2021-07-07,395,109,2,218,Jacket,Peacoat,S,yellow,49,6,24
4196,Winn Siemandl,Bigender,76,South Tyler,Tasmania,2021-06-13,2021-07-07,396,102,3,306,Trousers,Cargo Pants,XL,orange,61,6,24
4197,Winn Siemandl,Bigender,76,South Tyler,Tasmania,2021-06-13,2021-07-07,397,104,3,312,Shirt,Dress,XS,green,51,6,24
4198,Winn Siemandl,Bigender,76,South Tyler,Tasmania,2021-06-13,2021-07-07,398,93,1,93,Jacket,Coach,S,yellow,67,6,24
4199,Charles Duffitt,Non-binary,21,South Maxland,Australian Capital Territory,2021-09-11,2021-10-04,2314,96,3,288,Trousers,Drawstring,L,orange,54,9,23
4200,Charles Duffitt,Non-binary,21,South Maxland,Australian Capital Territory,2021-09-11,2021-10-04,2315,115,2,230,Trousers,Cropped,XS,yellow,41,9,23
4201,Else Bicheno,Male,28,Lucyport,Western Australia,2021-05-22,2021-05-24,1265,93,3,279,Trousers,Joggers,M,yellow,72,5,2
4202,Else Bicheno,Male,28,Lucyport,Western Australia,2021-05-22,2021-05-24,1266,117,1,117,Jacket,Shearling,XL,orange,60,5,2
4203,Else Bicheno,Male,28,Lucyport,Western Australia,2021-05-22,2021-05-24,1267,102,2,204,Jacket,Windbreaker,M,green,63,5,2
4204,Else Bicheno,Male,28,Lucyport,Western Australia,2021-05-22,2021-05-24,1268,98,2,196,Jacket,Leather,L,indigo,79,5,2
4205,Saul Franklyn,Male,62,Tillmanview,New South Wales,2021-09-24,2021-10-14,4255,96,3,288,Shirt,Oxford Cloth,L,indigo,70,9,20
4206,Saul Franklyn,Male,62,Tillmanview,New South Wales,2021-09-24,2021-10-14,4256,104,2,208,Shirt,Dress,S,violet,69,9,20
4207,Saul Franklyn,Male,62,Tillmanview,New South Wales,2021-09-24,2021-10-14,4257,93,2,186,Jacket,Coach,M,yellow,48,9,20
4208,Saul Franklyn,Male,62,Tillmanview,New South Wales,2021-09-24,2021-10-14,4258,94,1,94,Shirt,Henley,XS,indigo,58,9,20
4209,Saul Franklyn,Male,62,Tillmanview,New South Wales,2021-09-24,2021-10-14,4259,98,3,294,Shirt,Camp Collared,S,indigo,50,9,20
4210,Saul Franklyn,Male,62,Tillmanview,New South Wales,2021-09-24,2021-10-14,4260,117,3,351,Jacket,Shearling,XS,indigo,68,9,20
4211,Saul Franklyn,Male,62,Tillmanview,New South Wales,2021-09-24,2021-10-14,4261,105,3,315,Shirt,Cuban Collar,S,orange,50,9,20
4212,Saul Franklyn,Male,62,Tillmanview,New South Wales,2021-09-24,2021-10-14,4262,100,3,300,Jacket,Bomber,L,blue,64,9,20
4213,Saul Franklyn,Male,62,Tillmanview,New South Wales,2021-09-24,2021-10-14,4263,100,2,200,Jacket,Bomber,S,violet,45,9,20
4214,Saul Franklyn,Male,62,Tillmanview,New South Wales,2021-09-11,2021-10-04,4693,105,3,315,Trousers,Pleated,S,yellow,71,9,23
4215,Saul Franklyn,Male,62,Tillmanview,New South Wales,2021-09-11,2021-10-04,4694,100,1,100,Jacket,Bomber,XS,green,48,9,23
4216,Saul Franklyn,Male,62,Tillmanview,New South Wales,2021-09-11,2021-10-04,4695,97,2,194,Trousers,Slim-Fit,XS,yellow,59,9,23
4217,Saul Franklyn,Male,62,Tillmanview,New South Wales,2021-09-11,2021-10-04,4696,106,1,106,Shirt,Chambray,M,red,48,9,23
4218,Saul Franklyn,Male,62,Tillmanview,New South Wales,2021-09-11,2021-10-04,4697,104,2,208,Shirt,Dress,XL,red,47,9,23
4219,Saul Franklyn,Male,62,Tillmanview,New South Wales,2021-09-11,2021-10-04,4698,119,2,238,Shirt,Casual Slim Fit,XS,orange,43,9,23
4220,Saul Franklyn,Male,62,Tillmanview,New South Wales,2021-09-11,2021-10-04,4699,98,3,294,Shirt,Camp Collared,M,red,64,9,23
4221,Saul Franklyn,Male,62,Tillmanview,New South Wales,2021-09-11,2021-10-04,4700,112,3,336,Trousers,Tracksuit Bottoms,XS,violet,67,9,23
4222,Saul Franklyn,Male,62,Tillmanview,New South Wales,2021-09-11,2021-10-04,4701,102,2,204,Jacket,Windbreaker,XL,blue,59,9,23
4223,Saul Franklyn,Male,62,Tillmanview,New South Wales,2021-09-11,2021-10-04,4702,98,3,294,Jacket,Leather,XS,green,57,9,23
4224,Saul Franklyn,Male,62,Tillmanview,New South Wales,2021-04-07,2021-04-21,4892,90,1,90,Trousers,Relaxed Leg,M,violet,46,4,14
4225,Saul Franklyn,Male,62,Tillmanview,New South Wales,2021-04-07,2021-04-21,4893,118,3,354,Jacket,Puffer,S,violet,46,4,14
4226,Edithe Yitshak,Genderfluid,23,Kaifort,Victoria,2021-09-15,2021-09-29,2413,95,3,285,Shirt,Polo,S,red,60,9,14
4227,Edithe Yitshak,Genderfluid,23,Kaifort,Victoria,2021-09-15,2021-09-29,2414,90,2,180,Trousers,Relaxed Leg,S,red,70,9,14
4228,Edithe Yitshak,Genderfluid,23,Kaifort,Victoria,2021-09-15,2021-09-29,2415,105,2,210,Trousers,Pleated,S,green,55,9,14
4229,Joella Tiddeman,Polygender,45,Johnsonstad,Tasmania,2021-03-30,2021-04-16,448,118,2,236,Jacket,Puffer,L,red,44,3,17
4230,Joella Tiddeman,Polygender,45,Johnsonstad,Tasmania,2021-03-30,2021-04-16,449,93,2,186,Trousers,Joggers,L,violet,60,3,17
4231,Joella Tiddeman,Polygender,45,Johnsonstad,Tasmania,2021-03-30,2021-04-16,450,118,2,236,Jacket,Puffer,S,green,54,3,17
4232,Joella Tiddeman,Polygender,45,Johnsonstad,Tasmania,2021-03-30,2021-04-16,451,92,3,276,Shirt,Denim,L,violet,78,3,17
4233,Joella Tiddeman,Polygender,45,Johnsonstad,Tasmania,2021-03-30,2021-04-16,452,118,1,118,Jacket,Puffer,XS,green,41,3,17
4234,Joella Tiddeman,Polygender,45,Johnsonstad,Tasmania,2021-03-30,2021-04-16,453,94,2,188,Shirt,Henley,L,blue,60,3,17
4235,Joella Tiddeman,Polygender,45,Johnsonstad,Tasmania,2021-03-30,2021-04-16,454,119,3,357,Shirt,Casual Slim Fit,M,orange,47,3,17
4236,Joella Tiddeman,Polygender,45,Johnsonstad,Tasmania,2021-03-30,2021-04-16,455,112,1,112,Trousers,Tracksuit Bottoms,M,green,47,3,17
4237,Nathaniel McCandless,Polygender,59,West Eviebury,Western Australia,2021-09-28,2021-10-16,693,112,1,112,Trousers,Tracksuit Bottoms,XS,indigo,63,9,18
4238,Normy Anlay,Male,26,Alexanderland,Queensland,2021-04-30,2021-05-24,1610,90,2,180,Trousers,Relaxed Leg,S,indigo,40,4,24
4239,Normy Anlay,Male,26,Alexanderland,Queensland,2021-04-30,2021-05-24,1611,115,1,115,Trousers,Cropped,XS,indigo,55,4,24
4240,Normy Anlay,Male,26,Alexanderland,Queensland,2021-04-30,2021-05-24,1612,94,1,94,Trousers,Cords,M,yellow,58,4,24
4241,Normy Anlay,Male,26,Alexanderland,Queensland,2021-04-30,2021-05-24,1613,109,1,109,Jacket,Peacoat,S,green,41,4,24
4242,Normy Anlay,Male,26,Alexanderland,Queensland,2021-04-30,2021-05-24,1614,98,3,294,Shirt,Camp Collared,S,yellow,66,4,24
4243,Normy Anlay,Male,26,Alexanderland,Queensland,2021-04-30,2021-05-24,1615,106,1,106,Shirt,Chambray,XS,yellow,57,4,24
4244,Errol Berkley,Agender,74,Haleybury,Australian Capital Territory,2021-05-19,2021-06-13,3459,117,3,351,Jacket,Shearling,XS,green,74,5,25
4245,Errol Berkley,Agender,74,Haleybury,Australian Capital Territory,2021-05-19,2021-06-13,3460,94,2,188,Shirt,Henley,S,indigo,45,5,25
4246,Errol Berkley,Agender,74,Haleybury,Australian Capital Territory,2021-05-19,2021-06-13,3461,107,1,107,Jacket,Denim,XL,green,59,5,25
4247,Errol Berkley,Agender,74,Haleybury,Australian Capital Territory,2021-05-19,2021-06-13,3462,115,2,230,Trousers,Cropped,L,yellow,60,5,25
4248,Errol Berkley,Agender,74,Haleybury,Australian Capital Territory,2021-05-19,2021-06-13,3463,102,2,204,Jacket,Windbreaker,M,violet,64,5,25
4249,Errol Berkley,Agender,74,Haleybury,Australian Capital Territory,2021-05-19,2021-06-13,3464,96,3,288,Shirt,Oxford Cloth,XL,red,47,5,25
4250,Errol Berkley,Agender,74,Haleybury,Australian Capital Territory,2021-05-19,2021-06-13,3465,105,3,315,Trousers,Pleated,M,violet,45,5,25
4251,Errol Berkley,Agender,74,Haleybury,Australian Capital Territory,2021-07-05,2021-07-07,4416,94,2,188,Trousers,Cords,XL,red,80,7,2
4252,Errol Berkley,Agender,74,Haleybury,Australian Capital Territory,2021-07-05,2021-07-07,4417,106,1,106,Shirt,Chambray,XS,violet,47,7,2
4253,Errol Berkley,Agender,74,Haleybury,Australian Capital Territory,2021-07-05,2021-07-07,4418,106,1,106,Trousers,Wool,L,violet,61,7,2
4254,Errol Berkley,Agender,74,Haleybury,Australian Capital Territory,2021-07-05,2021-07-07,4419,112,1,112,Jacket,Cardigan,XL,orange,75,7,2
4255,Errol Berkley,Agender,74,Haleybury,Australian Capital Territory,2021-07-05,2021-07-07,4420,109,2,218,Shirt,Mandarin Collar,S,orange,52,7,2
4256,Errol Berkley,Agender,74,Haleybury,Australian Capital Territory,2021-07-05,2021-07-07,4421,94,3,282,Shirt,Henley,L,violet,51,7,2
4257,Errol Berkley,Agender,74,Haleybury,Australian Capital Territory,2021-07-05,2021-07-07,4422,113,3,339,Jacket,Parka,S,green,62,7,2
4258,Judith Plimmer,Male,46,Thomaschester,Tasmania,2021-03-17,2021-04-01,4006,97,2,194,Trousers,Slim-Fit,XL,violet,48,3,15
4259,Judith Plimmer,Male,46,Thomaschester,Tasmania,2021-03-17,2021-04-01,4007,100,2,200,Jacket,Bomber,XS,red,76,3,15
4260,Judith Plimmer,Male,46,Thomaschester,Tasmania,2021-03-17,2021-04-01,4008,113,1,113,Jacket,Parka,S,blue,72,3,15
4261,Judith Plimmer,Male,46,Thomaschester,Tasmania,2021-03-17,2021-04-01,4009,96,2,192,Trousers,Drawstring,S,orange,58,3,15
4262,Judith Plimmer,Male,46,Thomaschester,Tasmania,2021-03-17,2021-04-01,4010,91,2,182,Jacket,Pullover,S,blue,73,3,15
4263,Eryn Harcus,Agender,37,Lake Alicefurt,Tasmania,2021-04-24,2021-05-18,4887,112,3,336,Trousers,Tracksuit Bottoms,M,green,47,4,24
4264,Eryn Harcus,Agender,37,Lake Alicefurt,Tasmania,2021-04-24,2021-05-18,4888,96,2,192,Trousers,Drawstring,XS,red,57,4,24
4265,Eryn Harcus,Agender,37,Lake Alicefurt,Tasmania,2021-04-24,2021-05-18,4889,109,1,109,Shirt,Mandarin Collar,L,orange,56,4,24
4266,Eryn Harcus,Agender,37,Lake Alicefurt,Tasmania,2021-04-24,2021-05-18,4890,102,3,306,Jacket,Windbreaker,XS,red,79,4,24
4267,Eryn Harcus,Agender,37,Lake Alicefurt,Tasmania,2021-04-24,2021-05-18,4891,119,2,238,Jacket,Trench Coat,L,indigo,71,4,24
4268,Tucky Kitchaside,Female,57,East Zacharystad,Queensland,2021-02-08,2021-02-11,677,109,2,218,Jacket,Peacoat,XS,orange,78,2,3
4269,Tucky Kitchaside,Female,57,East Zacharystad,Queensland,2021-02-08,2021-02-11,678,118,2,236,Shirt,Flannel,XL,blue,61,2,3
4270,Tucky Kitchaside,Female,57,East Zacharystad,Queensland,2021-02-08,2021-02-11,679,93,1,93,Trousers,Joggers,L,violet,60,2,3
4271,Tucky Kitchaside,Female,57,East Zacharystad,Queensland,2021-02-08,2021-02-11,680,119,1,119,Shirt,Casual Slim Fit,M,red,67,2,3
4272,Tucky Kitchaside,Female,57,East Zacharystad,Queensland,2021-02-08,2021-02-11,681,102,3,306,Trousers,Cargo Pants,L,red,61,2,3
4273,Tucky Kitchaside,Female,57,East Zacharystad,Queensland,2021-02-08,2021-02-11,682,117,1,117,Jacket,Shearling,M,violet,74,2,3
4274,Tucky Kitchaside,Female,57,East Zacharystad,Queensland,2021-07-13,2021-08-04,740,99,2,198,Trousers,High-Waisted,L,green,75,7,22
4275,Tucky Kitchaside,Female,57,East Zacharystad,Queensland,2021-07-13,2021-08-04,741,97,2,194,Trousers,Slim-Fit,XS,violet,70,7,22
4276,Tucky Kitchaside,Female,57,East Zacharystad,Queensland,2021-07-13,2021-08-04,742,106,1,106,Shirt,Chambray,L,indigo,79,7,22
4277,Tucky Kitchaside,Female,57,East Zacharystad,Queensland,2021-07-13,2021-08-04,743,92,2,184,Shirt,Denim,XS,indigo,79,7,22
4278,Tucky Kitchaside,Female,57,East Zacharystad,Queensland,2021-07-13,2021-08-04,744,95,2,190,Shirt,Polo,M,yellow,52,7,22
4279,Tucky Kitchaside,Female,57,East Zacharystad,Queensland,2021-07-13,2021-08-04,745,118,3,354,Shirt,Flannel,XS,violet,72,7,22
4280,Tucky Kitchaside,Female,57,East Zacharystad,Queensland,2021-10-07,2021-11-03,1314,94,2,188,Trousers,Cords,XL,yellow,65,10,27
4281,Tucky Kitchaside,Female,57,East Zacharystad,Queensland,2021-10-07,2021-11-03,1315,109,1,109,Jacket,Peacoat,XL,yellow,53,10,27
4282,Tucky Kitchaside,Female,57,East Zacharystad,Queensland,2021-10-07,2021-11-03,1316,112,3,336,Jacket,Cardigan,S,red,47,10,27
4283,Tucky Kitchaside,Female,57,East Zacharystad,Queensland,2021-10-07,2021-11-03,1317,102,1,102,Jacket,Windbreaker,M,violet,64,10,27
4284,Marget Kells,Non-binary,39,Baumbachtown,Victoria,2021-03-16,2021-04-06,1147,96,2,192,Shirt,Oxford Cloth,M,green,60,3,21
4285,Marget Kells,Non-binary,39,Baumbachtown,Victoria,2021-03-16,2021-04-06,1148,106,1,106,Trousers,Wool,XL,indigo,51,3,21
4286,Marget Kells,Non-binary,39,Baumbachtown,Victoria,2021-03-16,2021-04-06,1149,95,2,190,Shirt,Polo,L,blue,77,3,21
4287,Marget Kells,Non-binary,39,Baumbachtown,Victoria,2021-03-16,2021-04-06,1150,102,2,204,Jacket,Windbreaker,M,yellow,52,3,21
4288,Marget Kells,Non-binary,39,Baumbachtown,Victoria,2021-03-16,2021-04-06,1151,118,3,354,Shirt,Flannel,XL,red,72,3,21
4289,Gertrudis Pergens,Male,46,New Ruby,South Australia,2021-07-20,2021-07-28,3453,94,2,188,Trousers,Cords,M,blue,47,7,8
4290,Gertrudis Pergens,Male,46,New Ruby,South Australia,2021-07-20,2021-07-28,3454,109,1,109,Shirt,Mandarin Collar,XS,green,63,7,8
4291,Gertrudis Pergens,Male,46,New Ruby,South Australia,2021-07-20,2021-07-28,3455,118,3,354,Jacket,Puffer,M,red,62,7,8
4292,Gertrudis Pergens,Male,46,New Ruby,South Australia,2021-07-20,2021-07-28,3456,104,2,208,Shirt,Dress,S,blue,46,7,8
4293,Gertrudis Pergens,Male,46,New Ruby,South Australia,2021-07-20,2021-07-28,3457,100,1,100,Jacket,Bomber,XS,violet,75,7,8
4294,Gertrudis Pergens,Male,46,New Ruby,South Australia,2021-07-20,2021-07-28,3458,90,3,270,Trousers,Relaxed Leg,S,blue,57,7,8
4295,Gertrudis Pergens,Male,46,New Ruby,South Australia,2021-10-02,2021-10-12,4900,95,2,190,Shirt,Polo,XS,orange,75,10,10
4296,Gertrudis Pergens,Male,46,New Ruby,South Australia,2021-10-02,2021-10-12,4901,102,1,102,Trousers,Cargo Pants,XS,violet,40,10,10
4297,Gertrudis Pergens,Male,46,New Ruby,South Australia,2021-10-02,2021-10-12,4902,113,3,339,Trousers,Chinos,XS,green,75,10,10
4298,Gertrudis Pergens,Male,46,New Ruby,South Australia,2021-10-02,2021-10-12,4903,113,2,226,Jacket,Parka,XS,indigo,57,10,10
4299,Gertrudis Pergens,Male,46,New Ruby,South Australia,2021-10-02,2021-10-12,4904,94,2,188,Shirt,Henley,XL,violet,77,10,10
4300,Gertrudis Pergens,Male,46,New Ruby,South Australia,2021-10-02,2021-10-12,4905,94,3,282,Trousers,Cords,XS,orange,70,10,10
4301,Gertrudis Pergens,Male,46,New Ruby,South Australia,2021-10-02,2021-10-12,4906,93,1,93,Trousers,Joggers,XL,indigo,66,10,10
4302,Hilliard Papes,Genderqueer,27,Jaspermouth,Western Australia,2021-09-26,2021-10-14,905,109,2,218,Shirt,Mandarin Collar,S,red,48,9,18
4303,Hilliard Papes,Genderqueer,27,Jaspermouth,Western Australia,2021-09-26,2021-10-14,906,93,2,186,Jacket,Coach,M,yellow,48,9,18
4304,Hilliard Papes,Genderqueer,27,Jaspermouth,Western Australia,2021-09-26,2021-10-14,907,109,2,218,Jacket,Peacoat,XL,blue,77,9,18
4305,Hilliard Papes,Genderqueer,27,Jaspermouth,Western Australia,2021-09-26,2021-10-14,908,105,2,210,Trousers,Pleated,L,green,47,9,18
4306,Hilliard Papes,Genderqueer,27,Jaspermouth,Western Australia,2021-09-26,2021-10-14,909,112,1,112,Jacket,Cardigan,M,blue,57,9,18
4307,Hilliard Papes,Genderqueer,27,Jaspermouth,Western Australia,2021-09-26,2021-10-14,910,90,1,90,Trousers,Relaxed Leg,L,blue,61,9,18
4308,Hilliard Papes,Genderqueer,27,Jaspermouth,Western Australia,2021-08-26,2021-08-31,1565,118,2,236,Jacket,Puffer,M,red,62,8,5
4309,Hilliard Papes,Genderqueer,27,Jaspermouth,Western Australia,2021-08-26,2021-08-31,1566,96,3,288,Trousers,Drawstring,L,blue,50,8,5
4310,Hilliard Papes,Genderqueer,27,Jaspermouth,Western Australia,2021-08-26,2021-08-31,1567,113,1,113,Jacket,Parka,L,orange,77,8,5
4311,Hilliard Papes,Genderqueer,27,Jaspermouth,Western Australia,2021-08-26,2021-08-31,1568,112,2,224,Jacket,Cardigan,XS,blue,54,8,5
4312,Hilliard Papes,Genderqueer,27,Jaspermouth,Western Australia,2021-08-26,2021-08-31,1569,90,1,90,Trousers,Relaxed Leg,XS,orange,64,8,5
4313,Hilliard Papes,Genderqueer,27,Jaspermouth,Western Australia,2021-08-26,2021-08-31,1570,94,1,94,Trousers,Cords,M,green,76,8,5
4314,Hilliard Papes,Genderqueer,27,Jaspermouth,Western Australia,2021-08-26,2021-08-31,1571,112,1,112,Jacket,Cardigan,M,green,46,8,5
4315,Hilliard Papes,Genderqueer,27,Jaspermouth,Western Australia,2021-08-26,2021-08-31,1572,94,2,188,Trousers,Cords,M,yellow,58,8,5
4316,Hilliard Papes,Genderqueer,27,Jaspermouth,Western Australia,2021-08-26,2021-08-31,1573,96,2,192,Trousers,Drawstring,XL,violet,80,8,5
4317,Glenn Keri,Non-binary,61,Port Ellaside,New South Wales,2021-06-30,2021-07-18,730,102,1,102,Jacket,Windbreaker,M,blue,70,6,18
4318,Glenn Keri,Non-binary,61,Port Ellaside,New South Wales,2021-07-17,2021-08-01,2516,90,1,90,Trousers,Relaxed Leg,M,violet,46,7,15
4319,Glenn Keri,Non-binary,61,Port Ellaside,New South Wales,2021-07-17,2021-08-01,2517,91,2,182,Jacket,Pullover,L,red,69,7,15
4320,Glenn Keri,Non-binary,61,Port Ellaside,New South Wales,2021-07-17,2021-08-01,2518,119,3,357,Shirt,Casual Slim Fit,XS,green,69,7,15
4321,Glenn Keri,Non-binary,61,Port Ellaside,New South Wales,2021-07-17,2021-08-01,2519,93,2,186,Jacket,Coach,M,red,76,7,15
4322,Glenn Keri,Non-binary,61,Port Ellaside,New South Wales,2021-07-17,2021-08-01,2520,90,2,180,Trousers,Relaxed Leg,M,red,56,7,15
4323,Glenn Keri,Non-binary,61,Port Ellaside,New South Wales,2021-07-17,2021-08-01,2521,96,2,192,Shirt,Oxford Cloth,S,green,56,7,15
4324,Glenn Keri,Non-binary,61,Port Ellaside,New South Wales,2021-07-17,2021-08-01,2522,119,1,119,Jacket,Trench Coat,L,green,73,7,15
4325,Glenn Keri,Non-binary,61,Port Ellaside,New South Wales,2021-07-17,2021-08-01,2523,96,1,96,Shirt,Oxford Cloth,XL,blue,60,7,15
4326,Glenn Keri,Non-binary,61,Port Ellaside,New South Wales,2021-07-17,2021-08-01,2524,102,1,102,Jacket,Windbreaker,S,green,65,7,15
4327,Randell Shorte,Polygender,25,North Lachlanfurt,South Australia,2021-01-09,2021-01-20,2018,105,2,210,Shirt,Cuban Collar,M,indigo,58,1,11
4328,Randell Shorte,Polygender,25,North Lachlanfurt,South Australia,2021-01-09,2021-01-20,2019,112,1,112,Jacket,Cardigan,M,orange,54,1,11
4329,Randell Shorte,Polygender,25,North Lachlanfurt,South Australia,2021-01-09,2021-01-20,2020,91,3,273,Jacket,Pullover,XS,indigo,78,1,11
4330,Randell Shorte,Polygender,25,North Lachlanfurt,South Australia,2021-01-11,2021-01-26,3182,105,3,315,Trousers,Pleated,M,violet,45,1,15
4331,Randell Shorte,Polygender,25,North Lachlanfurt,South Australia,2021-01-11,2021-01-26,3183,118,2,236,Shirt,Flannel,S,indigo,74,1,15
4332,Randell Shorte,Polygender,25,North Lachlanfurt,South Australia,2021-01-11,2021-01-26,3184,96,3,288,Trousers,Drawstring,M,violet,73,1,15
4333,Randell Shorte,Polygender,25,North Lachlanfurt,South Australia,2021-01-11,2021-01-26,3185,105,2,210,Trousers,Pleated,S,yellow,71,1,15
4334,Randell Shorte,Polygender,25,North Lachlanfurt,South Australia,2021-01-11,2021-01-26,3186,96,2,192,Trousers,Drawstring,XS,indigo,61,1,15
4335,Randell Shorte,Polygender,25,North Lachlanfurt,South Australia,2021-01-11,2021-01-26,3187,107,1,107,Jacket,Denim,L,blue,42,1,15
4336,Randell Shorte,Polygender,25,North Lachlanfurt,South Australia,2021-01-11,2021-01-26,3188,109,2,218,Jacket,Peacoat,XS,blue,48,1,15
4337,Randell Shorte,Polygender,25,North Lachlanfurt,South Australia,2021-01-11,2021-01-26,3189,102,1,102,Jacket,Windbreaker,S,orange,55,1,15
4338,Randell Shorte,Polygender,25,North Lachlanfurt,South Australia,2021-01-11,2021-01-26,3190,113,1,113,Jacket,Parka,S,orange,72,1,15
4339,Nixie Fraczak,Genderqueer,29,Ryanberg,Queensland,2021-04-09,2021-04-10,3288,93,1,93,Trousers,Joggers,XL,indigo,66,4,1
4340,Nixie Fraczak,Genderqueer,29,Ryanberg,Queensland,2021-04-09,2021-04-10,3289,99,1,99,Trousers,High-Waisted,S,green,73,4,1
4341,Nixie Fraczak,Genderqueer,29,Ryanberg,Queensland,2021-04-09,2021-04-10,3290,106,1,106,Trousers,Wool,XS,green,73,4,1
4342,Nixie Fraczak,Genderqueer,29,Ryanberg,Queensland,2021-04-09,2021-04-10,3291,100,2,200,Jacket,Bomber,XL,green,79,4,1
4343,Nixie Fraczak,Genderqueer,29,Ryanberg,Queensland,2021-04-09,2021-04-10,3292,105,1,105,Shirt,Cuban Collar,XS,indigo,50,4,1
4344,Ellene Dedam,Agender,25,Islamouth,Western Australia,2021-01-12,2021-01-25,1952,99,3,297,Trousers,High-Waisted,S,indigo,79,1,13
4345,Ellene Dedam,Agender,25,Islamouth,Western Australia,2021-01-12,2021-01-25,1953,118,1,118,Shirt,Flannel,XL,orange,50,1,13
4346,Ellene Dedam,Agender,25,Islamouth,Western Australia,2021-01-12,2021-01-25,1954,99,2,198,Trousers,High-Waisted,S,red,80,1,13
4347,Ellene Dedam,Agender,25,Islamouth,Western Australia,2021-01-12,2021-01-25,1955,93,1,93,Trousers,Joggers,S,orange,43,1,13
4348,Ellene Dedam,Agender,25,Islamouth,Western Australia,2021-02-20,2021-03-12,2877,91,3,273,Jacket,Pullover,L,orange,56,2,20
4349,Ellene Dedam,Agender,25,Islamouth,Western Australia,2021-02-20,2021-03-12,2878,112,2,224,Trousers,Tracksuit Bottoms,XL,blue,68,2,20
4350,Ellene Dedam,Agender,25,Islamouth,Western Australia,2021-02-20,2021-03-12,2879,94,2,188,Shirt,Henley,M,blue,42,2,20
4351,Ellene Dedam,Agender,25,Islamouth,Western Australia,2021-02-20,2021-03-12,2880,93,3,279,Trousers,Joggers,S,orange,43,2,20
4352,Ellene Dedam,Agender,25,Islamouth,Western Australia,2021-02-20,2021-03-12,2881,93,3,279,Trousers,Joggers,M,indigo,66,2,20
4353,Ellene Dedam,Agender,25,Islamouth,Western Australia,2021-02-20,2021-03-12,2882,98,3,294,Shirt,Camp Collared,L,indigo,72,2,20
4354,Ellene Dedam,Agender,25,Islamouth,Western Australia,2021-02-20,2021-03-12,2883,109,2,218,Jacket,Peacoat,S,indigo,49,2,20
4355,Ellene Dedam,Agender,25,Islamouth,Western Australia,2021-07-28,2021-08-16,3219,96,2,192,Trousers,Drawstring,M,yellow,55,7,19
4356,Ellene Dedam,Agender,25,Islamouth,Western Australia,2021-07-28,2021-08-16,3220,119,3,357,Shirt,Casual Slim Fit,L,indigo,60,7,19
4357,Ellene Dedam,Agender,25,Islamouth,Western Australia,2021-07-28,2021-08-16,3221,105,1,105,Trousers,Pleated,XS,indigo,52,7,19
4358,Ellene Dedam,Agender,25,Islamouth,Western Australia,2021-07-28,2021-08-16,3222,105,3,315,Shirt,Cuban Collar,XL,yellow,76,7,19
4359,Ellene Dedam,Agender,25,Islamouth,Western Australia,2021-07-28,2021-08-16,3223,95,2,190,Shirt,Polo,XL,indigo,56,7,19
4360,Rorie Hof,Polygender,23,Kulasmouth,Western Australia,2021-07-17,2021-08-13,1666,99,3,297,Trousers,High-Waisted,XL,yellow,78,7,27
4361,Rorie Hof,Polygender,23,Kulasmouth,Western Australia,2021-07-17,2021-08-13,1667,106,2,212,Trousers,Wool,S,blue,55,7,27
4362,Rorie Hof,Polygender,23,Kulasmouth,Western Australia,2021-07-17,2021-08-13,1668,113,2,226,Jacket,Parka,S,violet,67,7,27
4363,Millicent Stedson,Polygender,70,Port Kiara,Western Australia,2021-02-06,2021-02-19,930,113,2,226,Trousers,Chinos,L,blue,46,2,13
4364,Millicent Stedson,Polygender,70,Port Kiara,Western Australia,2021-02-06,2021-02-19,931,119,3,357,Shirt,Casual Slim Fit,XS,orange,43,2,13
4365,Millicent Stedson,Polygender,70,Port Kiara,Western Australia,2021-02-06,2021-02-19,932,106,3,318,Trousers,Wool,XS,yellow,67,2,13
4366,Millicent Stedson,Polygender,70,Port Kiara,Western Australia,2021-02-06,2021-02-19,933,96,3,288,Trousers,Drawstring,XS,yellow,41,2,13
4367,Millicent Stedson,Polygender,70,Port Kiara,Western Australia,2021-02-06,2021-02-19,934,96,3,288,Shirt,Oxford Cloth,XL,orange,43,2,13
4368,Millicent Stedson,Polygender,70,Port Kiara,Western Australia,2021-02-06,2021-02-19,935,93,1,93,Jacket,Coach,XL,violet,60,2,13
4369,Millicent Stedson,Polygender,70,Port Kiara,Western Australia,2021-02-06,2021-02-19,936,100,3,300,Jacket,Bomber,L,yellow,54,2,13
4370,Millicent Stedson,Polygender,70,Port Kiara,Western Australia,2021-05-07,2021-05-26,2767,102,3,306,Trousers,Cargo Pants,M,orange,51,5,19
4371,Millicent Stedson,Polygender,70,Port Kiara,Western Australia,2021-05-07,2021-05-26,2768,113,2,226,Trousers,Chinos,XS,violet,72,5,19
4372,Sheela Dovey,Genderqueer,23,Lake Addisonland,South Australia,2021-01-31,2021-02-27,260,96,1,96,Trousers,Drawstring,L,green,43,1,27
4373,Sheela Dovey,Genderqueer,23,Lake Addisonland,South Australia,2021-01-31,2021-02-27,261,113,2,226,Jacket,Parka,M,green,71,1,27
4374,Sheela Dovey,Genderqueer,23,Lake Addisonland,South Australia,2021-01-31,2021-02-27,262,91,1,91,Jacket,Pullover,S,green,69,1,27
4375,Lorelle Lancastle,Genderqueer,63,Alexandraville,South Australia,2021-03-20,2021-03-23,2929,107,2,214,Jacket,Denim,M,indigo,52,3,3
4376,Lorelle Lancastle,Genderqueer,63,Alexandraville,South Australia,2021-03-20,2021-03-23,2930,94,2,188,Trousers,Cords,S,yellow,68,3,3
4377,Lorelle Lancastle,Genderqueer,63,Alexandraville,South Australia,2021-03-20,2021-03-23,2931,118,3,354,Jacket,Puffer,S,red,62,3,3
4378,Lorelle Lancastle,Genderqueer,63,Alexandraville,South Australia,2021-03-20,2021-03-23,2932,119,2,238,Shirt,Casual Slim Fit,S,green,72,3,3
4379,Lorelle Lancastle,Genderqueer,63,Alexandraville,South Australia,2021-03-20,2021-03-23,2933,109,1,109,Shirt,Mandarin Collar,L,yellow,78,3,3
4380,Lorelle Lancastle,Genderqueer,63,Alexandraville,South Australia,2021-07-20,2021-07-21,3508,102,1,102,Jacket,Windbreaker,XL,red,48,7,1
4381,Lorelle Lancastle,Genderqueer,63,Alexandraville,South Australia,2021-07-20,2021-07-21,3509,90,2,180,Trousers,Relaxed Leg,XS,green,80,7,1
4382,Lorelle Lancastle,Genderqueer,63,Alexandraville,South Australia,2021-07-20,2021-07-21,3510,94,1,94,Shirt,Henley,S,orange,46,7,1
4383,Lorelle Lancastle,Genderqueer,63,Alexandraville,South Australia,2021-07-20,2021-07-21,3511,106,2,212,Shirt,Chambray,XL,red,42,7,1
4384,Lorelle Lancastle,Genderqueer,63,Alexandraville,South Australia,2021-07-20,2021-07-21,3512,97,1,97,Trousers,Slim-Fit,XL,orange,78,7,1
4385,Isidore Bleasdille,Genderfluid,72,Davidtown,Victoria,2021-05-07,2021-05-26,461,109,3,327,Shirt,Mandarin Collar,M,green,57,5,19
4386,Isidore Bleasdille,Genderfluid,72,Davidtown,Victoria,2021-06-06,2021-06-07,937,93,2,186,Trousers,Joggers,XL,violet,40,6,1
4387,Isidore Bleasdille,Genderfluid,72,Davidtown,Victoria,2021-06-06,2021-06-07,938,104,3,312,Shirt,Dress,L,indigo,71,6,1
4388,Isidore Bleasdille,Genderfluid,72,Davidtown,Victoria,2021-06-06,2021-06-07,939,119,2,238,Shirt,Casual Slim Fit,S,yellow,45,6,1
4389,Isidore Bleasdille,Genderfluid,72,Davidtown,Victoria,2021-06-06,2021-06-07,940,109,1,109,Jacket,Peacoat,M,indigo,52,6,1
4390,Isidore Bleasdille,Genderfluid,72,Davidtown,Victoria,2021-06-06,2021-06-07,941,100,2,200,Jacket,Bomber,L,violet,68,6,1
4391,Isidore Bleasdille,Genderfluid,72,Davidtown,Victoria,2021-06-06,2021-06-07,942,93,2,186,Trousers,Joggers,S,yellow,76,6,1
4392,Isidore Bleasdille,Genderfluid,72,Davidtown,Victoria,2021-06-06,2021-06-07,943,93,3,279,Jacket,Coach,S,indigo,78,6,1
4393,Isidore Bleasdille,Genderfluid,72,Davidtown,Victoria,2021-06-06,2021-06-07,944,119,1,119,Jacket,Trench Coat,M,indigo,42,6,1
4394,Rowena Soall,Agender,61,Zacville,Western Australia,2021-04-13,2021-04-29,1711,92,1,92,Shirt,Denim,XS,violet,73,4,16
4395,Rowena Soall,Agender,61,Zacville,Western Australia,2021-04-13,2021-04-29,1712,92,2,184,Shirt,Denim,M,orange,50,4,16
4396,Rowena Soall,Agender,61,Zacville,Western Australia,2021-04-13,2021-04-29,1713,118,1,118,Shirt,Flannel,S,red,59,4,16
4397,Rowena Soall,Agender,61,Zacville,Western Australia,2021-04-13,2021-04-29,1714,91,1,91,Jacket,Pullover,XL,red,65,4,16
4398,Rowena Soall,Agender,61,Zacville,Western Australia,2021-04-13,2021-04-29,1715,100,2,200,Jacket,Bomber,M,yellow,71,4,16
4399,Rowena Soall,Agender,61,Zacville,Western Australia,2021-04-13,2021-04-29,1716,118,3,354,Jacket,Puffer,S,green,54,4,16
4400,Gina Pollen,Male,29,Lake Gabrielview,New South Wales,2021-09-07,2021-09-22,205,94,2,188,Shirt,Henley,L,green,41,9,15
4401,Gina Pollen,Male,29,Lake Gabrielview,New South Wales,2021-09-07,2021-09-22,206,102,2,204,Trousers,Cargo Pants,M,orange,51,9,15
4402,Gina Pollen,Male,29,Lake Gabrielview,New South Wales,2021-09-07,2021-09-22,207,112,1,112,Jacket,Cardigan,XS,red,51,9,15
4403,Gina Pollen,Male,29,Lake Gabrielview,New South Wales,2021-09-07,2021-09-22,208,93,1,93,Trousers,Joggers,S,indigo,56,9,15
4404,Gina Pollen,Male,29,Lake Gabrielview,New South Wales,2021-09-07,2021-09-22,209,119,1,119,Jacket,Trench Coat,XL,red,40,9,15
4405,Worthy Pardoe,Non-binary,71,North Emmashire,Australian Capital Territory,2021-08-06,2021-08-21,3398,95,1,95,Shirt,Polo,XS,violet,67,8,15
4406,Worthy Pardoe,Non-binary,71,North Emmashire,Australian Capital Territory,2021-08-06,2021-08-21,3399,96,3,288,Shirt,Oxford Cloth,L,violet,73,8,15
4407,Lucas Cromly,Polygender,67,O'connertown,Tasmania,2021-05-01,2021-05-11,36,98,1,98,Shirt,Camp Collared,L,indigo,72,5,10
4408,Lucas Cromly,Polygender,67,O'connertown,Tasmania,2021-05-01,2021-05-11,37,118,2,236,Jacket,Puffer,S,violet,46,5,10
4409,Lucas Cromly,Polygender,67,O'connertown,Tasmania,2021-05-01,2021-05-11,38,119,1,119,Jacket,Trench Coat,L,orange,70,5,10
4410,Lucas Cromly,Polygender,67,O'connertown,Tasmania,2021-05-01,2021-05-11,39,90,2,180,Trousers,Relaxed Leg,XS,indigo,60,5,10
4411,Lucas Cromly,Polygender,67,O'connertown,Tasmania,2021-05-01,2021-05-11,40,96,3,288,Trousers,Drawstring,M,orange,76,5,10
4412,Lucas Cromly,Polygender,67,O'connertown,Tasmania,2021-05-01,2021-05-11,41,93,2,186,Trousers,Joggers,S,yellow,76,5,10
4413,Lucas Cromly,Polygender,67,O'connertown,Tasmania,2021-05-01,2021-05-11,42,104,2,208,Shirt,Dress,XS,red,63,5,10
4414,Lucas Cromly,Polygender,67,O'connertown,Tasmania,2021-03-23,2021-04-13,1581,96,2,192,Trousers,Drawstring,L,violet,62,3,21
4415,Lucas Cromly,Polygender,67,O'connertown,Tasmania,2021-03-23,2021-04-13,1582,93,3,279,Jacket,Coach,XS,orange,42,3,21
4416,Lucas Cromly,Polygender,67,O'connertown,Tasmania,2021-03-23,2021-04-13,1583,106,3,318,Trousers,Wool,XS,blue,58,3,21
4417,Lucas Cromly,Polygender,67,O'connertown,Tasmania,2021-03-23,2021-04-13,1584,107,1,107,Jacket,Denim,XL,blue,80,3,21
4418,Lucas Cromly,Polygender,67,O'connertown,Tasmania,2021-03-23,2021-04-13,1585,91,2,182,Jacket,Pullover,M,green,47,3,21
4419,Lucas Cromly,Polygender,67,O'connertown,Tasmania,2021-03-23,2021-04-13,1586,94,3,282,Shirt,Henley,M,orange,70,3,21
4420,Lucas Cromly,Polygender,67,O'connertown,Tasmania,2021-03-23,2021-04-13,1587,104,2,208,Shirt,Dress,S,orange,69,3,21
4421,Lucas Cromly,Polygender,67,O'connertown,Tasmania,2021-03-23,2021-04-13,1588,93,2,186,Trousers,Joggers,S,green,76,3,21
4422,Lucas Cromly,Polygender,67,O'connertown,Tasmania,2021-05-01,2021-05-18,3631,91,2,182,Shirt,Linen,XS,indigo,70,5,17
4423,Lucas Cromly,Polygender,67,O'connertown,Tasmania,2021-05-01,2021-05-18,3632,91,1,91,Jacket,Pullover,S,indigo,44,5,17
4424,Brenden Roast,Genderfluid,54,Siennabury,New South Wales,2021-06-18,2021-07-06,2260,112,2,224,Jacket,Cardigan,XS,red,51,6,18
4425,Brenden Roast,Genderfluid,54,Siennabury,New South Wales,2021-06-18,2021-07-06,2261,109,2,218,Jacket,Peacoat,M,green,49,6,18
4426,Brenden Roast,Genderfluid,54,Siennabury,New South Wales,2021-06-18,2021-07-06,2262,104,1,104,Shirt,Dress,XS,red,63,6,18
4427,Brenden Roast,Genderfluid,54,Siennabury,New South Wales,2021-06-18,2021-07-06,2263,112,2,224,Jacket,Cardigan,L,green,63,6,18
4428,Brenden Roast,Genderfluid,54,Siennabury,New South Wales,2021-06-18,2021-07-06,2264,98,1,98,Jacket,Leather,XS,yellow,73,6,18
4429,Lisle Worthing,Female,74,Walkertown,Victoria,2021-03-06,2021-03-14,4472,115,3,345,Trousers,Cropped,L,violet,40,3,8
4430,Lisle Worthing,Female,74,Walkertown,Victoria,2021-03-06,2021-03-14,4473,112,2,224,Trousers,Tracksuit Bottoms,L,green,66,3,8
4431,Lisle Worthing,Female,74,Walkertown,Victoria,2021-03-06,2021-03-14,4474,117,1,117,Jacket,Shearling,L,violet,61,3,8
4432,Lisle Worthing,Female,74,Walkertown,Victoria,2021-03-06,2021-03-14,4475,92,3,276,Shirt,Denim,M,indigo,56,3,8
4433,Lisle Worthing,Female,74,Walkertown,Victoria,2021-03-06,2021-03-14,4476,96,2,192,Trousers,Drawstring,M,green,52,3,8
4434,Dianemarie Neicho,Agender,27,West Joelmouth,Western Australia,2021-06-06,2021-07-03,3800,98,2,196,Jacket,Leather,S,yellow,41,6,27
4435,Dianemarie Neicho,Agender,27,West Joelmouth,Western Australia,2021-06-06,2021-07-03,3801,112,1,112,Trousers,Tracksuit Bottoms,S,green,72,6,27
4436,Dianemarie Neicho,Agender,27,West Joelmouth,Western Australia,2021-06-06,2021-07-03,3802,95,3,285,Shirt,Polo,XL,orange,43,6,27
4437,Dianemarie Neicho,Agender,27,West Joelmouth,Western Australia,2021-06-06,2021-07-03,3803,95,2,190,Shirt,Polo,S,blue,76,6,27
4438,Dianemarie Neicho,Agender,27,West Joelmouth,Western Australia,2021-06-06,2021-07-03,3804,95,3,285,Shirt,Polo,S,indigo,50,6,27
4439,Ondrea Apark,Agender,44,North Riley,Victoria,2021-04-16,2021-05-04,1052,94,1,94,Shirt,Henley,XS,blue,61,4,18
4440,Ondrea Apark,Agender,44,North Riley,Victoria,2021-04-16,2021-05-04,1053,92,1,92,Shirt,Denim,L,yellow,75,4,18
4441,Ondrea Apark,Agender,44,North Riley,Victoria,2021-04-16,2021-05-04,1054,119,2,238,Jacket,Trench Coat,S,violet,69,4,18
4442,Ondrea Apark,Agender,44,North Riley,Victoria,2021-04-16,2021-05-04,1055,105,1,105,Shirt,Cuban Collar,L,blue,65,4,18
4443,Ondrea Apark,Agender,44,North Riley,Victoria,2021-04-16,2021-05-04,1056,102,3,306,Jacket,Windbreaker,L,red,40,4,18
4444,Ondrea Apark,Agender,44,North Riley,Victoria,2021-03-15,2021-04-10,4117,112,1,112,Trousers,Tracksuit Bottoms,XS,green,69,3,26
4445,Ondrea Apark,Agender,44,North Riley,Victoria,2021-03-15,2021-04-10,4118,96,3,288,Trousers,Drawstring,S,blue,48,3,26
4446,Hunfredo Peyto,Bigender,36,Port Davidburgh,Tasmania,2021-08-17,2021-09-03,817,113,3,339,Jacket,Parka,L,orange,77,8,17
4447,Hunfredo Peyto,Bigender,36,Port Davidburgh,Tasmania,2021-08-17,2021-09-03,818,94,1,94,Shirt,Henley,M,orange,70,8,17
4448,Hunfredo Peyto,Bigender,36,Port Davidburgh,Tasmania,2021-08-17,2021-09-03,819,109,1,109,Shirt,Mandarin Collar,XS,violet,52,8,17
4449,Hunfredo Peyto,Bigender,36,Port Davidburgh,Tasmania,2021-08-17,2021-09-03,820,105,2,210,Trousers,Pleated,XL,violet,65,8,17
4450,Hunfredo Peyto,Bigender,36,Port Davidburgh,Tasmania,2021-08-17,2021-09-03,821,94,2,188,Trousers,Cords,XL,blue,65,8,17
4451,Berry Rosiello,Agender,28,New Charlieville,Western Australia,2021-02-06,2021-02-28,3850,105,3,315,Trousers,Pleated,XL,green,55,2,22
4452,Berry Rosiello,Agender,28,New Charlieville,Western Australia,2021-02-06,2021-02-28,3851,113,1,113,Jacket,Parka,XS,red,65,2,22
4453,Berry Rosiello,Agender,28,New Charlieville,Western Australia,2021-02-06,2021-02-28,3852,113,2,226,Trousers,Chinos,XL,indigo,78,2,22
4454,Vladimir Jandourek,Non-binary,26,New Jackson,South Australia,2021-02-14,2021-03-02,1717,105,3,315,Shirt,Cuban Collar,XL,violet,44,2,16
4455,Vladimir Jandourek,Non-binary,26,New Jackson,South Australia,2021-02-14,2021-03-02,1718,119,3,357,Shirt,Casual Slim Fit,XS,red,49,2,16
4456,Vladimir Jandourek,Non-binary,26,New Jackson,South Australia,2021-02-14,2021-03-02,1719,106,1,106,Trousers,Wool,M,green,41,2,16
4457,Vladimir Jandourek,Non-binary,26,New Jackson,South Australia,2021-02-14,2021-03-02,1720,109,1,109,Shirt,Mandarin Collar,S,blue,44,2,16
4458,Vladimir Jandourek,Non-binary,26,New Jackson,South Australia,2021-02-14,2021-03-02,1721,102,2,204,Jacket,Windbreaker,S,yellow,66,2,16
4459,Vladimir Jandourek,Non-binary,26,New Jackson,South Australia,2021-02-14,2021-03-02,1722,105,1,105,Shirt,Cuban Collar,L,indigo,65,2,16
4460,Lorenzo Dutch,Genderfluid,49,Lake Ashleyhaven,Queensland,2021-08-03,2021-08-08,1778,93,2,186,Trousers,Joggers,L,red,63,8,5
4461,Lorenzo Dutch,Genderfluid,49,Lake Ashleyhaven,Queensland,2021-08-03,2021-08-08,1779,96,2,192,Trousers,Drawstring,L,red,73,8,5
4462,Lorenzo Dutch,Genderfluid,49,Lake Ashleyhaven,Queensland,2021-08-03,2021-08-08,1780,118,2,236,Shirt,Flannel,L,indigo,62,8,5
4463,Lorenzo Dutch,Genderfluid,49,Lake Ashleyhaven,Queensland,2021-01-21,2021-02-04,4543,118,1,118,Shirt,Flannel,M,indigo,69,1,14
4464,Lorenzo Dutch,Genderfluid,49,Lake Ashleyhaven,Queensland,2021-01-21,2021-02-04,4544,100,2,200,Jacket,Bomber,XL,orange,69,1,14
4465,Lorenzo Dutch,Genderfluid,49,Lake Ashleyhaven,Queensland,2021-01-21,2021-02-04,4545,98,1,98,Jacket,Leather,L,green,71,1,14
4466,Lorenzo Dutch,Genderfluid,49,Lake Ashleyhaven,Queensland,2021-01-21,2021-02-04,4546,119,3,357,Jacket,Trench Coat,M,indigo,42,1,14
4467,Lorenzo Dutch,Genderfluid,49,Lake Ashleyhaven,Queensland,2021-01-21,2021-02-04,4547,90,1,90,Trousers,Relaxed Leg,M,yellow,68,1,14
4468,Calypso Ellaway,Bigender,48,Port Joshualand,Western Australia,2021-06-15,2021-06-28,654,102,2,204,Jacket,Windbreaker,S,violet,46,6,13
4469,Calypso Ellaway,Bigender,48,Port Joshualand,Western Australia,2021-06-15,2021-06-28,655,107,1,107,Jacket,Denim,L,orange,73,6,13
4470,Calypso Ellaway,Bigender,48,Port Joshualand,Western Australia,2021-06-15,2021-06-28,656,105,1,105,Shirt,Cuban Collar,XS,red,56,6,13
4471,Calypso Ellaway,Bigender,48,Port Joshualand,Western Australia,2021-06-15,2021-06-28,657,115,3,345,Trousers,Cropped,XS,indigo,55,6,13
4472,Calypso Ellaway,Bigender,48,Port Joshualand,Western Australia,2021-02-02,2021-02-10,687,102,1,102,Trousers,Cargo Pants,L,green,42,2,8
4473,Calypso Ellaway,Bigender,48,Port Joshualand,Western Australia,2021-02-02,2021-02-10,688,112,3,336,Jacket,Cardigan,L,indigo,40,2,8
4474,Calypso Ellaway,Bigender,48,Port Joshualand,Western Australia,2021-02-02,2021-02-10,689,93,2,186,Jacket,Coach,XS,indigo,42,2,8
4475,Calypso Ellaway,Bigender,48,Port Joshualand,Western Australia,2021-02-02,2021-02-10,690,118,3,354,Jacket,Puffer,M,green,72,2,8
4476,Brendis Blackboro,Non-binary,74,West Lukeshire,New South Wales,2021-04-26,2021-05-20,353,96,2,192,Shirt,Oxford Cloth,S,blue,51,4,24
4477,Brendis Blackboro,Non-binary,74,West Lukeshire,New South Wales,2021-04-26,2021-05-20,354,97,2,194,Trousers,Slim-Fit,L,violet,58,4,24
4478,Brendis Blackboro,Non-binary,74,West Lukeshire,New South Wales,2021-03-07,2021-03-23,3910,91,3,273,Shirt,Linen,S,violet,44,3,16
4479,Brendis Blackboro,Non-binary,74,West Lukeshire,New South Wales,2021-03-07,2021-03-23,3911,98,1,98,Shirt,Camp Collared,S,red,67,3,16
4480,Brendis Blackboro,Non-binary,74,West Lukeshire,New South Wales,2021-03-07,2021-03-23,3912,102,1,102,Jacket,Windbreaker,XS,orange,70,3,16
4481,Brendis Blackboro,Non-binary,74,West Lukeshire,New South Wales,2021-03-07,2021-03-23,3913,100,2,200,Jacket,Bomber,XS,violet,75,3,16
4482,Brendis Blackboro,Non-binary,74,West Lukeshire,New South Wales,2021-03-07,2021-03-23,3914,98,3,294,Shirt,Camp Collared,M,yellow,49,3,16
4483,Brendis Blackboro,Non-binary,74,West Lukeshire,New South Wales,2021-03-07,2021-03-23,3915,118,1,118,Shirt,Flannel,L,blue,44,3,16
4484,Brendis Blackboro,Non-binary,74,West Lukeshire,New South Wales,2021-02-19,2021-03-16,4400,119,2,238,Jacket,Trench Coat,XL,blue,69,2,25
4485,Brendis Blackboro,Non-binary,74,West Lukeshire,New South Wales,2021-02-19,2021-03-16,4401,91,2,182,Shirt,Linen,S,red,67,2,25
4486,Brendis Blackboro,Non-binary,74,West Lukeshire,New South Wales,2021-02-19,2021-03-16,4402,91,3,273,Shirt,Linen,S,blue,77,2,25
4487,Brendis Blackboro,Non-binary,74,West Lukeshire,New South Wales,2021-02-19,2021-03-16,4403,104,1,104,Shirt,Dress,M,green,65,2,25
4488,Brendis Blackboro,Non-binary,74,West Lukeshire,New South Wales,2021-02-19,2021-03-16,4404,113,1,113,Trousers,Chinos,XS,blue,69,2,25
4489,Brendis Blackboro,Non-binary,74,West Lukeshire,New South Wales,2021-02-19,2021-03-16,4405,117,1,117,Jacket,Shearling,L,green,66,2,25
4490,Brendis Blackboro,Non-binary,74,West Lukeshire,New South Wales,2021-02-19,2021-03-16,4406,105,2,210,Trousers,Pleated,XS,indigo,52,2,25
4491,Cecilla Pigford,Non-binary,38,Samanthatown,Western Australia,2021-04-08,2021-04-25,249,119,1,119,Jacket,Trench Coat,M,green,67,4,17
4492,Cecilla Pigford,Non-binary,38,Samanthatown,Western Australia,2021-01-23,2021-01-26,3176,106,1,106,Trousers,Wool,S,violet,59,1,3
4493,Prissie Kondratovich,Genderqueer,65,South Zacmouth,Western Australia,2021-08-05,2021-08-11,376,100,2,200,Jacket,Bomber,M,yellow,71,8,6
4494,Glynda Dodshon,Male,20,New Aidenfurt,Northern Territory,2021-04-23,2021-04-26,1549,95,3,285,Shirt,Polo,XL,orange,43,4,3
4495,Glynda Dodshon,Male,20,New Aidenfurt,Northern Territory,2021-04-23,2021-04-26,1550,119,2,238,Shirt,Casual Slim Fit,XL,indigo,40,4,3
4496,Elianore Syphas,Genderfluid,54,Lake William,Victoria,2021-07-07,2021-07-17,627,102,1,102,Jacket,Windbreaker,L,violet,72,7,10
4497,Elianore Syphas,Genderfluid,54,Lake William,Victoria,2021-07-07,2021-07-17,628,96,2,192,Trousers,Drawstring,M,violet,73,7,10
4498,Elianore Syphas,Genderfluid,54,Lake William,Victoria,2021-07-07,2021-07-17,629,94,3,282,Shirt,Henley,XL,blue,75,7,10
4499,Elianore Syphas,Genderfluid,54,Lake William,Victoria,2021-08-16,2021-09-07,1252,109,1,109,Shirt,Mandarin Collar,M,red,60,8,22
4500,Elianore Syphas,Genderfluid,54,Lake William,Victoria,2021-08-16,2021-09-07,1253,91,3,273,Jacket,Pullover,M,orange,60,8,22
4501,Elianore Syphas,Genderfluid,54,Lake William,Victoria,2021-08-16,2021-09-07,1254,91,2,182,Shirt,Linen,M,blue,58,8,22
4502,Bartel Clemendet,Genderqueer,43,Kiehnfurt,South Australia,2021-09-25,2021-10-20,1384,105,2,210,Trousers,Pleated,L,violet,48,9,25
4503,Bartel Clemendet,Genderqueer,43,Kiehnfurt,South Australia,2021-09-25,2021-10-20,1385,97,2,194,Trousers,Slim-Fit,L,red,80,9,25
4504,Bartel Clemendet,Genderqueer,43,Kiehnfurt,South Australia,2021-01-25,2021-02-21,1791,106,3,318,Trousers,Wool,L,blue,79,1,27
4505,Bartel Clemendet,Genderqueer,43,Kiehnfurt,South Australia,2021-01-25,2021-02-21,1792,119,2,238,Shirt,Casual Slim Fit,S,orange,54,1,27
4506,Bartel Clemendet,Genderqueer,43,Kiehnfurt,South Australia,2021-08-11,2021-09-01,4264,118,2,236,Shirt,Flannel,L,red,77,8,21
4507,Bartel Clemendet,Genderqueer,43,Kiehnfurt,South Australia,2021-08-11,2021-09-01,4265,93,3,279,Trousers,Joggers,XL,blue,52,8,21
4508,Bartel Clemendet,Genderqueer,43,Kiehnfurt,South Australia,2021-08-11,2021-09-01,4266,106,3,318,Trousers,Wool,L,yellow,46,8,21
4509,Bartel Clemendet,Genderqueer,43,Kiehnfurt,South Australia,2021-08-11,2021-09-01,4267,115,1,115,Trousers,Cropped,M,violet,47,8,21
4510,Noel Siviour,Polygender,43,Beahantown,South Australia,2021-08-05,2021-08-25,4742,113,1,113,Trousers,Chinos,XL,green,50,8,20
4511,Noel Siviour,Polygender,43,Beahantown,South Australia,2021-08-05,2021-08-25,4743,119,2,238,Jacket,Trench Coat,S,blue,64,8,20
4512,Noel Siviour,Polygender,43,Beahantown,South Australia,2021-08-05,2021-08-25,4744,113,1,113,Trousers,Chinos,XS,orange,53,8,20
4513,Noel Siviour,Polygender,43,Beahantown,South Australia,2021-08-05,2021-08-25,4745,119,3,357,Jacket,Trench Coat,M,orange,43,8,20
4514,Noel Siviour,Polygender,43,Beahantown,South Australia,2021-08-05,2021-08-25,4746,105,2,210,Shirt,Cuban Collar,XL,blue,73,8,20
4515,Noel Siviour,Polygender,43,Beahantown,South Australia,2021-08-05,2021-08-25,4747,105,1,105,Trousers,Pleated,L,violet,48,8,20
4516,Noel Siviour,Polygender,43,Beahantown,South Australia,2021-08-05,2021-08-25,4748,118,2,236,Shirt,Flannel,L,orange,59,8,20
4517,Frederique Hopkins,Bigender,43,Macdonaldtown,Northern Territory,2021-10-03,2021-10-28,3413,99,1,99,Trousers,High-Waisted,XL,yellow,78,10,25
4518,Frederique Hopkins,Bigender,43,Macdonaldtown,Northern Territory,2021-10-03,2021-10-28,3414,113,1,113,Jacket,Parka,XL,orange,68,10,25
4519,Frederique Hopkins,Bigender,43,Macdonaldtown,Northern Territory,2021-10-03,2021-10-28,3415,109,2,218,Shirt,Mandarin Collar,XL,blue,71,10,25
4520,Frederique Hopkins,Bigender,43,Macdonaldtown,Northern Territory,2021-10-03,2021-10-28,3416,95,2,190,Shirt,Polo,M,violet,77,10,25
4521,Frederique Hopkins,Bigender,43,Macdonaldtown,Northern Territory,2021-10-03,2021-10-28,3417,95,2,190,Shirt,Polo,XS,red,40,10,25
4522,Frederique Hopkins,Bigender,43,Macdonaldtown,Northern Territory,2021-10-03,2021-10-28,3418,105,2,210,Trousers,Pleated,M,indigo,48,10,25
4523,Frederique Hopkins,Bigender,43,Macdonaldtown,Northern Territory,2021-10-03,2021-10-28,3419,93,3,279,Jacket,Coach,L,yellow,53,10,25
4524,Emylee Buscher,Non-binary,69,Thompsonport,Northern Territory,2021-02-17,2021-02-22,2159,113,3,339,Jacket,Parka,L,yellow,72,2,5
4525,Emylee Buscher,Non-binary,69,Thompsonport,Northern Territory,2021-02-17,2021-02-22,2160,95,3,285,Shirt,Polo,XL,blue,70,2,5
4526,Emylee Buscher,Non-binary,69,Thompsonport,Northern Territory,2021-02-17,2021-02-22,2161,94,2,188,Trousers,Cords,XL,yellow,65,2,5
4527,Emylee Buscher,Non-binary,69,Thompsonport,Northern Territory,2021-02-17,2021-02-22,2162,118,2,236,Shirt,Flannel,M,orange,68,2,5
4528,Emylee Buscher,Non-binary,69,Thompsonport,Northern Territory,2021-02-17,2021-02-22,2163,109,2,218,Jacket,Peacoat,XL,green,68,2,5
4529,Emylee Buscher,Non-binary,69,Thompsonport,Northern Territory,2021-08-06,2021-08-18,3161,99,1,99,Trousers,High-Waisted,L,red,52,8,12
4530,Emylee Buscher,Non-binary,69,Thompsonport,Northern Territory,2021-08-06,2021-08-18,3162,99,2,198,Trousers,High-Waisted,XS,blue,51,8,12
4531,Emylee Buscher,Non-binary,69,Thompsonport,Northern Territory,2021-08-06,2021-08-18,3163,91,2,182,Shirt,Linen,M,green,42,8,12
4532,Emylee Buscher,Non-binary,69,Thompsonport,Northern Territory,2021-08-06,2021-08-18,3164,109,3,327,Jacket,Peacoat,XS,violet,54,8,12
4533,Killie Wigzell,Male,61,South Emilyborough,Victoria,2021-03-12,2021-04-08,1616,112,2,224,Trousers,Tracksuit Bottoms,S,red,57,3,27
4534,Killie Wigzell,Male,61,South Emilyborough,Victoria,2021-03-12,2021-04-08,1617,117,3,351,Jacket,Shearling,XL,red,42,3,27
4535,Killie Wigzell,Male,61,South Emilyborough,Victoria,2021-03-12,2021-04-08,1618,118,2,236,Shirt,Flannel,M,green,66,3,27
4536,Killie Wigzell,Male,61,South Emilyborough,Victoria,2021-03-12,2021-04-08,1619,102,2,204,Trousers,Cargo Pants,M,yellow,72,3,27
4537,Killie Wigzell,Male,61,South Emilyborough,Victoria,2021-03-12,2021-04-08,1620,93,2,186,Trousers,Joggers,S,blue,50,3,27
4538,Killie Wigzell,Male,61,South Emilyborough,Victoria,2021-03-12,2021-04-08,1621,95,1,95,Shirt,Polo,L,green,68,3,27
4539,Killie Wigzell,Male,61,South Emilyborough,Victoria,2021-03-12,2021-04-08,1622,100,1,100,Jacket,Bomber,XL,orange,69,3,27
4540,Killie Wigzell,Male,61,South Emilyborough,Victoria,2021-03-12,2021-04-08,1623,105,3,315,Trousers,Pleated,L,violet,48,3,27
4541,Kaitlin Jeanes,Genderqueer,69,Beahanport,Northern Territory,2021-09-24,2021-10-11,3361,117,3,351,Jacket,Shearling,XL,orange,60,9,17
4542,Kaitlin Jeanes,Genderqueer,69,Beahanport,Northern Territory,2021-09-24,2021-10-11,3362,105,2,210,Shirt,Cuban Collar,S,violet,43,9,17
4543,Kaitlin Jeanes,Genderqueer,69,Beahanport,Northern Territory,2021-09-24,2021-10-11,3363,117,3,351,Jacket,Shearling,XL,violet,70,9,17
4544,Jania Sailes,Non-binary,44,West Annaton,Australian Capital Territory,2021-07-25,2021-08-18,2012,117,3,351,Jacket,Shearling,L,violet,61,7,24
4545,Jania Sailes,Non-binary,44,West Annaton,Australian Capital Territory,2021-07-25,2021-08-18,2013,112,3,336,Trousers,Tracksuit Bottoms,L,violet,45,7,24
4546,Jania Sailes,Non-binary,44,West Annaton,Australian Capital Territory,2021-07-25,2021-08-18,2014,96,1,96,Shirt,Oxford Cloth,S,indigo,59,7,24
4547,Jania Sailes,Non-binary,44,West Annaton,Australian Capital Territory,2021-07-25,2021-08-18,2015,92,1,92,Shirt,Denim,S,green,49,7,24
4548,Jania Sailes,Non-binary,44,West Annaton,Australian Capital Territory,2021-07-25,2021-08-18,2016,118,3,354,Shirt,Flannel,M,blue,73,7,24
4549,Jania Sailes,Non-binary,44,West Annaton,Australian Capital Territory,2021-07-25,2021-08-18,2017,99,2,198,Trousers,High-Waisted,XL,indigo,57,7,24
4550,Angelle Huby,Genderfluid,57,Port Jettshire,Western Australia,2021-07-07,2021-07-27,2207,100,3,300,Jacket,Bomber,S,red,74,7,20
4551,Angelle Huby,Genderfluid,57,Port Jettshire,Western Australia,2021-07-07,2021-07-27,2208,115,2,230,Trousers,Cropped,S,yellow,65,7,20
4552,Robena Gilbert,Genderfluid,37,Lake Bellahaven,Queensland,2021-04-24,2021-05-03,2428,100,3,300,Jacket,Bomber,L,green,78,4,9
4553,Robena Gilbert,Genderfluid,37,Lake Bellahaven,Queensland,2021-04-24,2021-05-03,2429,118,3,354,Jacket,Puffer,S,yellow,48,4,9
4554,Robena Gilbert,Genderfluid,37,Lake Bellahaven,Queensland,2021-04-24,2021-05-03,2430,102,3,306,Trousers,Cargo Pants,XL,orange,61,4,9
4555,Robena Gilbert,Genderfluid,37,Lake Bellahaven,Queensland,2021-04-24,2021-05-03,2431,95,1,95,Shirt,Polo,XL,indigo,56,4,9
4556,Robena Gilbert,Genderfluid,37,Lake Bellahaven,Queensland,2021-04-24,2021-05-03,2432,91,3,273,Shirt,Linen,L,orange,73,4,9
4557,Robena Gilbert,Genderfluid,37,Lake Bellahaven,Queensland,2021-04-24,2021-05-03,2433,109,1,109,Jacket,Peacoat,S,blue,50,4,9
4558,Thoma Seaking,Genderqueer,67,Ryanberg,South Australia,2021-06-05,2021-06-13,3354,106,2,212,Trousers,Wool,M,violet,51,6,8
4559,Thoma Seaking,Genderqueer,67,Ryanberg,South Australia,2021-06-05,2021-06-13,3355,118,3,354,Shirt,Flannel,S,yellow,42,6,8
4560,Thoma Seaking,Genderqueer,67,Ryanberg,South Australia,2021-06-05,2021-06-13,3356,113,2,226,Jacket,Parka,L,orange,77,6,8
4561,Thoma Seaking,Genderqueer,67,Ryanberg,South Australia,2021-06-05,2021-06-13,3357,99,2,198,Trousers,High-Waisted,L,violet,68,6,8
4562,Thoma Seaking,Genderqueer,67,Ryanberg,South Australia,2021-06-05,2021-06-13,3358,104,2,208,Shirt,Dress,L,orange,73,6,8
4563,Thoma Seaking,Genderqueer,67,Ryanberg,South Australia,2021-06-05,2021-06-13,3359,96,2,192,Shirt,Oxford Cloth,L,blue,59,6,8
4564,Thoma Seaking,Genderqueer,67,Ryanberg,South Australia,2021-06-05,2021-06-13,3360,106,3,318,Trousers,Wool,M,indigo,56,6,8
4565,Jillian Sauven,Bigender,41,Angelinaport,New South Wales,2021-07-06,2021-07-15,2963,93,2,186,Trousers,Joggers,S,orange,43,7,9
4566,Jillian Sauven,Bigender,41,Angelinaport,New South Wales,2021-07-06,2021-07-15,2964,94,2,188,Shirt,Henley,XL,indigo,52,7,9
4567,Jillian Sauven,Bigender,41,Angelinaport,New South Wales,2021-07-06,2021-07-15,2965,96,2,192,Trousers,Drawstring,XL,violet,80,7,9
4568,Jillian Sauven,Bigender,41,Angelinaport,New South Wales,2021-07-06,2021-07-15,2966,119,1,119,Shirt,Casual Slim Fit,L,red,78,7,9
4569,Jillian Sauven,Bigender,41,Angelinaport,New South Wales,2021-09-22,2021-10-18,4444,92,2,184,Shirt,Denim,M,orange,50,9,26
4570,Jillian Sauven,Bigender,41,Angelinaport,New South Wales,2021-09-22,2021-10-18,4445,119,3,357,Shirt,Casual Slim Fit,M,blue,61,9,26
4571,Jillian Sauven,Bigender,41,Angelinaport,New South Wales,2021-09-22,2021-10-18,4446,118,3,354,Jacket,Puffer,S,yellow,48,9,26
4572,Jillian Sauven,Bigender,41,Angelinaport,New South Wales,2021-09-22,2021-10-18,4447,91,2,182,Jacket,Pullover,M,blue,44,9,26
4573,Jillian Sauven,Bigender,41,Angelinaport,New South Wales,2021-09-22,2021-10-18,4448,94,2,188,Shirt,Henley,M,orange,70,9,26
4574,Shelden Tinline,Agender,22,East Emily,Tasmania,2021-07-07,2021-07-09,2451,97,1,97,Trousers,Slim-Fit,L,blue,49,7,2
4575,Shelden Tinline,Agender,22,East Emily,Tasmania,2021-07-07,2021-07-09,2452,109,3,327,Shirt,Mandarin Collar,M,green,57,7,2
4576,Sutherlan Stepto,Genderfluid,48,West Dylanport,Tasmania,2021-08-07,2021-08-20,3117,119,1,119,Jacket,Trench Coat,XS,yellow,78,8,13
4577,Sutherlan Stepto,Genderfluid,48,West Dylanport,Tasmania,2021-08-07,2021-08-20,3118,117,3,351,Jacket,Shearling,XL,yellow,63,8,13
4578,Sutherlan Stepto,Genderfluid,48,West Dylanport,Tasmania,2021-08-07,2021-08-20,3119,95,2,190,Shirt,Polo,XS,orange,75,8,13
4579,Sutherlan Stepto,Genderfluid,48,West Dylanport,Tasmania,2021-08-07,2021-08-20,3120,118,3,354,Jacket,Puffer,XL,indigo,60,8,13
4580,Vincent Kiledal,Genderfluid,74,Ebertfurt,Australian Capital Territory,2021-03-30,2021-04-22,3171,113,1,113,Jacket,Parka,S,red,66,3,23
4581,Vincent Kiledal,Genderfluid,74,Ebertfurt,Australian Capital Territory,2021-03-30,2021-04-22,3172,102,2,204,Trousers,Cargo Pants,L,blue,77,3,23
4582,Vincent Kiledal,Genderfluid,74,Ebertfurt,Australian Capital Territory,2021-03-30,2021-04-22,3173,118,2,236,Shirt,Flannel,L,red,77,3,23
4583,Vincent Kiledal,Genderfluid,74,Ebertfurt,Australian Capital Territory,2021-03-30,2021-04-22,3174,113,2,226,Trousers,Chinos,XS,green,75,3,23
4584,Vincent Kiledal,Genderfluid,74,Ebertfurt,Australian Capital Territory,2021-03-30,2021-04-22,3175,97,1,97,Trousers,Slim-Fit,XL,red,67,3,23
4585,Aindrea Franzetti,Female,43,North Caitlin,South Australia,2021-07-02,2021-07-25,1988,104,3,312,Shirt,Dress,M,blue,48,7,23
4586,Aindrea Franzetti,Female,43,North Caitlin,South Australia,2021-07-02,2021-07-25,1989,90,2,180,Trousers,Relaxed Leg,M,blue,72,7,23
4587,Aindrea Franzetti,Female,43,North Caitlin,South Australia,2021-07-02,2021-07-25,1990,104,2,208,Shirt,Dress,S,orange,69,7,23
4588,Aindrea Franzetti,Female,43,North Caitlin,South Australia,2021-07-02,2021-07-25,1991,99,3,297,Trousers,High-Waisted,XS,yellow,64,7,23
4589,Aindrea Franzetti,Female,43,North Caitlin,South Australia,2021-07-02,2021-07-25,1992,106,1,106,Shirt,Chambray,S,indigo,59,7,23
4590,Aindrea Franzetti,Female,43,North Caitlin,South Australia,2021-07-02,2021-07-25,1993,102,1,102,Jacket,Windbreaker,XS,indigo,79,7,23
4591,Aindrea Franzetti,Female,43,North Caitlin,South Australia,2021-07-02,2021-07-25,1994,98,1,98,Shirt,Camp Collared,M,yellow,49,7,23
4592,Aindrea Franzetti,Female,43,North Caitlin,South Australia,2021-04-27,2021-05-04,2313,105,2,210,Shirt,Cuban Collar,M,violet,67,4,7
4593,Aindrea Franzetti,Female,43,North Caitlin,South Australia,2021-03-22,2021-03-23,3257,105,3,315,Shirt,Cuban Collar,M,red,53,3,1
4594,Aindrea Franzetti,Female,43,North Caitlin,South Australia,2021-03-22,2021-03-23,3258,104,3,312,Shirt,Dress,XS,blue,41,3,1
4595,Kakalina Ragge,Genderqueer,42,South Alexandraview,Queensland,2021-10-22,2021-11-11,408,112,3,336,Trousers,Tracksuit Bottoms,M,blue,61,10,20
4596,Kakalina Ragge,Genderqueer,42,South Alexandraview,Queensland,2021-10-22,2021-11-11,409,112,3,336,Trousers,Tracksuit Bottoms,XL,violet,60,10,20
4597,Kakalina Ragge,Genderqueer,42,South Alexandraview,Queensland,2021-07-25,2021-08-06,3999,94,1,94,Trousers,Cords,XL,indigo,70,7,12
4598,Kakalina Ragge,Genderqueer,42,South Alexandraview,Queensland,2021-07-25,2021-08-06,4000,104,1,104,Shirt,Dress,S,green,60,7,12
4599,Kakalina Ragge,Genderqueer,42,South Alexandraview,Queensland,2021-07-25,2021-08-06,4001,112,3,336,Jacket,Cardigan,XS,green,40,7,12
4600,Kakalina Ragge,Genderqueer,42,South Alexandraview,Queensland,2021-07-25,2021-08-06,4002,102,2,204,Jacket,Windbreaker,L,violet,72,7,12
4601,Kakalina Ragge,Genderqueer,42,South Alexandraview,Queensland,2021-07-25,2021-08-06,4003,106,1,106,Trousers,Wool,S,red,65,7,12
4602,Kakalina Ragge,Genderqueer,42,South Alexandraview,Queensland,2021-07-25,2021-08-06,4004,105,3,315,Shirt,Cuban Collar,M,yellow,49,7,12
4603,Kakalina Ragge,Genderqueer,42,South Alexandraview,Queensland,2021-07-25,2021-08-06,4005,104,2,208,Shirt,Dress,XL,indigo,75,7,12
4604,Kakalina Ragge,Genderqueer,42,South Alexandraview,Queensland,2021-08-11,2021-09-01,4082,95,2,190,Shirt,Polo,M,indigo,62,8,21
4605,Kakalina Ragge,Genderqueer,42,South Alexandraview,Queensland,2021-08-11,2021-09-01,4083,118,2,236,Jacket,Puffer,XL,green,42,8,21
4606,Kakalina Ragge,Genderqueer,42,South Alexandraview,Queensland,2021-08-11,2021-09-01,4084,100,3,300,Jacket,Bomber,M,orange,69,8,21
4607,Kakalina Ragge,Genderqueer,42,South Alexandraview,Queensland,2021-08-11,2021-09-01,4085,100,1,100,Jacket,Bomber,L,blue,64,8,21
4608,Kakalina Ragge,Genderqueer,42,South Alexandraview,Queensland,2021-08-11,2021-09-01,4086,95,3,285,Shirt,Polo,XL,yellow,46,8,21
4609,Kakalina Ragge,Genderqueer,42,South Alexandraview,Queensland,2021-08-11,2021-09-01,4087,95,3,285,Shirt,Polo,S,orange,78,8,21
4610,Kakalina Ragge,Genderqueer,42,South Alexandraview,Queensland,2021-08-11,2021-09-01,4088,107,3,321,Jacket,Denim,S,yellow,43,8,21
4611,Kakalina Ragge,Genderqueer,42,South Alexandraview,Queensland,2021-08-11,2021-09-01,4089,112,2,224,Trousers,Tracksuit Bottoms,L,blue,72,8,21
4612,Kakalina Ragge,Genderqueer,42,South Alexandraview,Queensland,2021-08-11,2021-09-01,4090,91,1,91,Shirt,Linen,XL,blue,47,8,21
4613,Patin Circuit,Genderqueer,62,Langfort,Tasmania,2021-04-07,2021-04-17,736,96,3,288,Trousers,Drawstring,L,orange,54,4,10
4614,Patin Circuit,Genderqueer,62,Langfort,Tasmania,2021-04-07,2021-04-17,737,100,1,100,Jacket,Bomber,XS,indigo,59,4,10
4615,Patin Circuit,Genderqueer,62,Langfort,Tasmania,2021-04-07,2021-04-17,738,102,2,204,Jacket,Windbreaker,L,red,40,4,10
4616,Patin Circuit,Genderqueer,62,Langfort,Tasmania,2021-04-07,2021-04-17,739,107,1,107,Jacket,Denim,M,blue,61,4,10
4617,Patin Circuit,Genderqueer,62,Langfort,Tasmania,2021-08-25,2021-09-13,1169,96,3,288,Shirt,Oxford Cloth,S,indigo,59,8,19
4618,Patin Circuit,Genderqueer,62,Langfort,Tasmania,2021-08-25,2021-09-13,1170,106,3,318,Trousers,Wool,M,blue,52,8,19
4619,Patin Circuit,Genderqueer,62,Langfort,Tasmania,2021-08-25,2021-09-13,1171,94,1,94,Trousers,Cords,M,red,68,8,19
4620,Patin Circuit,Genderqueer,62,Langfort,Tasmania,2021-08-25,2021-09-13,1172,97,1,97,Trousers,Slim-Fit,XS,orange,69,8,19
4621,Patin Circuit,Genderqueer,62,Langfort,Tasmania,2021-08-25,2021-09-13,1173,98,3,294,Shirt,Camp Collared,M,orange,65,8,19
4622,Patin Circuit,Genderqueer,62,Langfort,Tasmania,2021-08-25,2021-09-13,1174,119,3,357,Jacket,Trench Coat,XL,indigo,64,8,19
4623,Patin Circuit,Genderqueer,62,Langfort,Tasmania,2021-03-25,2021-03-27,3710,91,3,273,Shirt,Linen,M,red,78,3,2
4624,Patin Circuit,Genderqueer,62,Langfort,Tasmania,2021-03-25,2021-03-27,3711,115,3,345,Trousers,Cropped,XS,orange,78,3,2
4625,Patin Circuit,Genderqueer,62,Langfort,Tasmania,2021-03-25,2021-03-27,3712,98,2,196,Shirt,Camp Collared,XL,green,61,3,2
4626,Patin Circuit,Genderqueer,62,Langfort,Tasmania,2021-03-25,2021-03-27,3713,98,1,98,Jacket,Leather,XL,green,58,3,2
4627,Chancey Iacovozzo,Agender,60,West John,Tasmania,2021-08-30,2021-09-26,691,96,3,288,Shirt,Oxford Cloth,M,green,60,8,27
4628,Chancey Iacovozzo,Agender,60,West John,Tasmania,2021-08-30,2021-09-26,692,112,3,336,Jacket,Cardigan,XS,green,40,8,27
4629,Chancey Iacovozzo,Agender,60,West John,Tasmania,2021-09-30,2021-10-25,1474,102,2,204,Jacket,Windbreaker,L,violet,72,9,25
4630,Emmalee Camin,Bigender,39,South Alexview,South Australia,2021-02-12,2021-03-02,1241,97,2,194,Trousers,Slim-Fit,S,violet,46,2,18
4631,Emmalee Camin,Bigender,39,South Alexview,South Australia,2021-02-12,2021-03-02,1242,102,2,204,Trousers,Cargo Pants,XL,red,45,2,18
4632,Emmalee Camin,Bigender,39,South Alexview,South Australia,2021-02-12,2021-03-02,1243,104,1,104,Shirt,Dress,S,indigo,40,2,18
4633,Emmalee Camin,Bigender,39,South Alexview,South Australia,2021-02-12,2021-03-02,1244,97,2,194,Trousers,Slim-Fit,M,orange,44,2,18
4634,Emmalee Camin,Bigender,39,South Alexview,South Australia,2021-02-12,2021-03-02,1245,91,3,273,Jacket,Pullover,S,indigo,44,2,18
4635,Gabriella Nutman,Polygender,24,West Benjaminberg,Australian Capital Territory,2021-06-13,2021-06-28,3002,97,2,194,Trousers,Slim-Fit,S,indigo,41,6,15
4636,Gabriella Nutman,Polygender,24,West Benjaminberg,Australian Capital Territory,2021-06-13,2021-06-28,3003,95,1,95,Shirt,Polo,L,violet,76,6,15
4637,Gabriella Nutman,Polygender,24,West Benjaminberg,Australian Capital Territory,2021-06-13,2021-06-28,3004,113,3,339,Jacket,Parka,S,green,62,6,15
4638,Gabriella Nutman,Polygender,24,West Benjaminberg,Australian Capital Territory,2021-06-13,2021-06-28,3005,109,2,218,Shirt,Mandarin Collar,M,violet,76,6,15
4639,Gabriella Nutman,Polygender,24,West Benjaminberg,Australian Capital Territory,2021-06-13,2021-06-28,3006,102,3,306,Jacket,Windbreaker,L,indigo,67,6,15
4640,Tracie Okey,Polygender,69,Violetstad,Australian Capital Territory,2021-08-24,2021-09-15,2076,115,1,115,Trousers,Cropped,M,green,65,8,22
4641,Tracie Okey,Polygender,69,Violetstad,Australian Capital Territory,2021-08-24,2021-09-15,2077,97,3,291,Trousers,Slim-Fit,XS,indigo,74,8,22
4642,Tracie Okey,Polygender,69,Violetstad,Australian Capital Territory,2021-08-24,2021-09-15,2078,92,1,92,Shirt,Denim,L,yellow,75,8,22
4643,Tracie Okey,Polygender,69,Violetstad,Australian Capital Territory,2021-08-24,2021-09-15,2079,107,1,107,Jacket,Denim,S,green,49,8,22
4644,Tracie Okey,Polygender,69,Violetstad,Australian Capital Territory,2021-08-24,2021-09-15,2080,97,3,291,Trousers,Slim-Fit,XL,green,67,8,22
4645,Curcio Kiffin,Polygender,72,Rutherfordville,Northern Territory,2021-07-15,2021-07-17,4971,106,1,106,Trousers,Wool,S,green,43,7,2
4646,Curcio Kiffin,Polygender,72,Rutherfordville,Northern Territory,2021-07-15,2021-07-17,4972,97,3,291,Trousers,Slim-Fit,M,green,78,7,2
4647,Curcio Kiffin,Polygender,72,Rutherfordville,Northern Territory,2021-07-15,2021-07-17,4973,107,3,321,Jacket,Denim,S,blue,56,7,2
4648,Curcio Kiffin,Polygender,72,Rutherfordville,Northern Territory,2021-07-15,2021-07-17,4974,118,1,118,Shirt,Flannel,L,red,77,7,2
4649,Cindi McCague,Polygender,73,Port Zoeborough,Australian Capital Territory,2021-09-15,2021-09-16,2999,115,1,115,Trousers,Cropped,L,orange,79,9,1
4650,Cindi McCague,Polygender,73,Port Zoeborough,Australian Capital Territory,2021-09-15,2021-09-16,3000,91,2,182,Shirt,Linen,S,yellow,60,9,1
4651,Cindi McCague,Polygender,73,Port Zoeborough,Australian Capital Territory,2021-09-15,2021-09-16,3001,109,3,327,Jacket,Peacoat,XL,yellow,53,9,1
4652,Adena Venn,Polygender,53,Jordanburgh,Victoria,2021-06-22,2021-07-04,216,113,3,339,Jacket,Parka,S,red,66,6,12
4653,Adena Venn,Polygender,53,Jordanburgh,Victoria,2021-06-22,2021-07-04,217,102,1,102,Jacket,Windbreaker,L,orange,68,6,12
4654,Adena Venn,Polygender,53,Jordanburgh,Victoria,2021-06-22,2021-07-04,218,109,3,327,Shirt,Mandarin Collar,S,red,48,6,12
4655,Adena Venn,Polygender,53,Jordanburgh,Victoria,2021-09-03,2021-09-09,2769,105,2,210,Shirt,Cuban Collar,M,red,53,9,6
4656,Adena Venn,Polygender,53,Jordanburgh,Victoria,2021-09-03,2021-09-09,2770,94,2,188,Shirt,Henley,L,orange,77,9,6
4657,Adena Venn,Polygender,53,Jordanburgh,Victoria,2021-09-03,2021-09-09,2771,100,1,100,Jacket,Bomber,XS,green,48,9,6
4658,Adena Venn,Polygender,53,Jordanburgh,Victoria,2021-09-03,2021-09-09,2772,98,3,294,Jacket,Leather,S,red,80,9,6
4659,Adena Venn,Polygender,53,Jordanburgh,Victoria,2021-09-03,2021-09-09,2773,96,1,96,Shirt,Oxford Cloth,L,red,69,9,6
4660,Adena Venn,Polygender,53,Jordanburgh,Victoria,2021-09-03,2021-09-09,2774,96,1,96,Trousers,Drawstring,L,green,43,9,6
4661,Cherie Fairhead,Female,58,South Ellieburgh,Queensland,2021-09-19,2021-09-29,3282,106,3,318,Shirt,Chambray,M,yellow,62,9,10
4662,Cherie Fairhead,Female,58,South Ellieburgh,Queensland,2021-09-19,2021-09-29,3283,107,1,107,Jacket,Denim,XL,red,58,9,10
4663,Cherie Fairhead,Female,58,South Ellieburgh,Queensland,2021-09-19,2021-09-29,3284,113,1,113,Trousers,Chinos,XL,green,50,9,10
4664,Cherie Fairhead,Female,58,South Ellieburgh,Queensland,2021-09-19,2021-09-29,3285,94,2,188,Trousers,Cords,M,green,76,9,10
4665,Cherie Fairhead,Female,58,South Ellieburgh,Queensland,2021-09-19,2021-09-29,3286,97,3,291,Trousers,Slim-Fit,S,red,71,9,10
4666,Cherie Fairhead,Female,58,South Ellieburgh,Queensland,2021-09-19,2021-09-29,3287,90,3,270,Trousers,Relaxed Leg,XS,blue,54,9,10
4667,Deirdre Burle,Non-binary,70,Andersonchester,New South Wales,2021-03-13,2021-04-03,1793,118,3,354,Jacket,Puffer,XL,orange,66,3,21
4668,Deirdre Burle,Non-binary,70,Andersonchester,New South Wales,2021-03-13,2021-04-03,1794,94,2,188,Shirt,Henley,XS,green,61,3,21
4669,Deirdre Burle,Non-binary,70,Andersonchester,New South Wales,2021-03-13,2021-04-03,1795,119,2,238,Jacket,Trench Coat,L,red,70,3,21
4670,Deirdre Burle,Non-binary,70,Andersonchester,New South Wales,2021-03-13,2021-04-03,1796,100,1,100,Jacket,Bomber,S,blue,50,3,21
4671,Vittorio Rosenstengel,Genderqueer,68,East Jasper,Northern Territory,2021-05-05,2021-05-31,2389,106,3,318,Trousers,Wool,S,red,65,5,26
4672,Vittorio Rosenstengel,Genderqueer,68,East Jasper,Northern Territory,2021-01-09,2021-02-05,2395,109,2,218,Jacket,Peacoat,L,blue,64,1,27
4673,Vittorio Rosenstengel,Genderqueer,68,East Jasper,Northern Territory,2021-01-09,2021-02-05,2396,113,2,226,Trousers,Chinos,S,yellow,40,1,27
4674,Vittorio Rosenstengel,Genderqueer,68,East Jasper,Northern Territory,2021-01-09,2021-02-05,2397,94,2,188,Trousers,Cords,S,violet,65,1,27
4675,Vittorio Rosenstengel,Genderqueer,68,East Jasper,Northern Territory,2021-01-09,2021-02-05,2398,115,1,115,Trousers,Cropped,L,green,55,1,27
4676,Vittorio Rosenstengel,Genderqueer,68,East Jasper,Northern Territory,2021-01-09,2021-02-05,2399,113,1,113,Jacket,Parka,S,yellow,80,1,27
4677,Vittorio Rosenstengel,Genderqueer,68,East Jasper,Northern Territory,2021-01-09,2021-02-05,2400,109,1,109,Shirt,Mandarin Collar,XL,yellow,43,1,27
4678,Vittorio Rosenstengel,Genderqueer,68,East Jasper,Northern Territory,2021-01-09,2021-02-05,2401,117,2,234,Jacket,Shearling,XL,orange,60,1,27
4679,Vittorio Rosenstengel,Genderqueer,68,East Jasper,Northern Territory,2021-05-09,2021-05-12,2884,118,2,236,Jacket,Puffer,L,blue,48,5,3
4680,Vittorio Rosenstengel,Genderqueer,68,East Jasper,Northern Territory,2021-05-09,2021-05-12,2885,107,2,214,Jacket,Denim,M,blue,61,5,3
4681,Vittorio Rosenstengel,Genderqueer,68,East Jasper,Northern Territory,2021-05-09,2021-05-12,2886,106,1,106,Trousers,Wool,M,orange,75,5,3
4682,Vittorio Rosenstengel,Genderqueer,68,East Jasper,Northern Territory,2021-05-09,2021-05-12,2887,92,2,184,Shirt,Denim,XS,yellow,54,5,3
4683,Vittorio Rosenstengel,Genderqueer,68,East Jasper,Northern Territory,2021-05-09,2021-05-12,2888,94,1,94,Trousers,Cords,XL,indigo,70,5,3
4684,Vittorio Rosenstengel,Genderqueer,68,East Jasper,Northern Territory,2021-05-09,2021-05-12,2889,93,2,186,Trousers,Joggers,M,blue,78,5,3
4685,Vittorio Rosenstengel,Genderqueer,68,East Jasper,Northern Territory,2021-05-09,2021-05-12,2890,91,3,273,Jacket,Pullover,XL,yellow,67,5,3
4686,Vittorio Rosenstengel,Genderqueer,68,East Jasper,Northern Territory,2021-05-09,2021-05-12,2891,91,1,91,Jacket,Pullover,M,indigo,72,5,3
4687,Vittorio Rosenstengel,Genderqueer,68,East Jasper,Northern Territory,2021-05-09,2021-05-12,2892,102,1,102,Trousers,Cargo Pants,M,orange,51,5,3
4688,Vittorio Rosenstengel,Genderqueer,68,East Jasper,Northern Territory,2021-05-09,2021-05-12,2893,94,3,282,Trousers,Cords,M,green,76,5,3
4689,Joby Law,Male,61,Ryanfurt,Victoria,2021-02-02,2021-02-27,361,112,2,224,Jacket,Cardigan,XL,red,54,2,25
4690,Joby Law,Male,61,Ryanfurt,Victoria,2021-02-02,2021-02-27,362,98,3,294,Jacket,Leather,L,red,76,2,25
4691,Joby Law,Male,61,Ryanfurt,Victoria,2021-02-02,2021-02-27,363,109,1,109,Jacket,Peacoat,M,blue,71,2,25
4692,Joby Law,Male,61,Ryanfurt,Victoria,2021-02-02,2021-02-27,364,90,3,270,Trousers,Relaxed Leg,M,indigo,45,2,25
4693,Joby Law,Male,61,Ryanfurt,Victoria,2021-02-02,2021-02-27,365,113,2,226,Jacket,Parka,S,yellow,80,2,25
4694,Joby Law,Male,61,Ryanfurt,Victoria,2021-02-02,2021-02-27,366,106,3,318,Shirt,Chambray,XL,indigo,61,2,25
4695,Hughie Trelease,Bigender,63,Haydentown,Australian Capital Territory,2021-05-22,2021-05-28,683,113,1,113,Jacket,Parka,L,violet,53,5,6
4696,Hughie Trelease,Bigender,63,Haydentown,Australian Capital Territory,2021-05-22,2021-05-28,684,105,3,315,Shirt,Cuban Collar,XS,green,63,5,6
4697,Hughie Trelease,Bigender,63,Haydentown,Australian Capital Territory,2021-05-22,2021-05-28,685,118,2,236,Jacket,Puffer,S,orange,69,5,6
4698,Hughie Trelease,Bigender,63,Haydentown,Australian Capital Territory,2021-05-22,2021-05-28,686,113,2,226,Jacket,Parka,XS,green,75,5,6
4699,Reba Crauford,Genderfluid,68,Beahanfurt,Northern Territory,2021-08-06,2021-08-15,3833,109,2,218,Jacket,Peacoat,S,orange,73,8,9
4700,Reba Crauford,Genderfluid,68,Beahanfurt,Northern Territory,2021-08-06,2021-08-15,3834,95,1,95,Shirt,Polo,XL,yellow,46,8,9
4701,Reba Crauford,Genderfluid,68,Beahanfurt,Northern Territory,2021-08-06,2021-08-15,3835,109,3,327,Jacket,Peacoat,S,yellow,49,8,9
4702,Reba Crauford,Genderfluid,68,Beahanfurt,Northern Territory,2021-08-06,2021-08-15,3836,91,3,273,Shirt,Linen,S,blue,77,8,9
4703,Reba Crauford,Genderfluid,68,Beahanfurt,Northern Territory,2021-08-06,2021-08-15,3837,109,2,218,Jacket,Peacoat,S,violet,73,8,9
4704,Reba Crauford,Genderfluid,68,Beahanfurt,Northern Territory,2021-08-06,2021-08-15,3838,98,1,98,Jacket,Leather,L,violet,78,8,9
4705,Lenna Beau,Genderqueer,36,Port Lillianside,South Australia,2021-08-22,2021-09-16,1554,102,1,102,Trousers,Cargo Pants,M,violet,58,8,25
4706,Lenna Beau,Genderqueer,36,Port Lillianside,South Australia,2021-08-22,2021-09-16,1555,105,1,105,Trousers,Pleated,M,yellow,54,8,25
4707,Lenna Beau,Genderqueer,36,Port Lillianside,South Australia,2021-08-22,2021-09-16,1556,99,1,99,Trousers,High-Waisted,XS,orange,55,8,25
4708,Lenna Beau,Genderqueer,36,Port Lillianside,South Australia,2021-08-22,2021-09-16,1557,91,3,273,Shirt,Linen,M,blue,58,8,25
4709,Lenna Beau,Genderqueer,36,Port Lillianside,South Australia,2021-08-22,2021-09-16,1558,119,1,119,Shirt,Casual Slim Fit,XS,red,49,8,25
4710,Pen Andrzejczak,Male,30,Lake Oliverberg,New South Wales,2021-03-07,2021-03-28,487,119,3,357,Jacket,Trench Coat,M,orange,43,3,21
4711,Pen Andrzejczak,Male,30,Lake Oliverberg,New South Wales,2021-03-07,2021-03-28,488,91,3,273,Shirt,Linen,XS,green,49,3,21
4712,Pen Andrzejczak,Male,30,Lake Oliverberg,New South Wales,2021-03-07,2021-03-28,489,105,3,315,Trousers,Pleated,L,red,70,3,21
4713,Pen Andrzejczak,Male,30,Lake Oliverberg,New South Wales,2021-03-07,2021-03-28,490,102,1,102,Jacket,Windbreaker,XS,green,57,3,21
4714,Pen Andrzejczak,Male,30,Lake Oliverberg,New South Wales,2021-03-07,2021-03-28,491,105,3,315,Trousers,Pleated,XL,blue,55,3,21
4715,Pen Andrzejczak,Male,30,Lake Oliverberg,New South Wales,2021-03-07,2021-03-28,492,113,2,226,Jacket,Parka,XS,blue,67,3,21
4716,Pen Andrzejczak,Male,30,Lake Oliverberg,New South Wales,2021-03-07,2021-03-28,493,98,2,196,Jacket,Leather,XS,violet,70,3,21
4717,Pen Andrzejczak,Male,30,Lake Oliverberg,New South Wales,2021-03-07,2021-03-28,494,119,3,357,Shirt,Casual Slim Fit,XL,orange,53,3,21
4718,Mart Naismith,Genderfluid,77,Huelfort,Australian Capital Territory,2021-10-13,2021-11-09,606,113,3,339,Jacket,Parka,XL,orange,68,10,27
4719,Mart Naismith,Genderfluid,77,Huelfort,Australian Capital Territory,2021-10-13,2021-11-09,607,106,3,318,Shirt,Chambray,XS,violet,47,10,27
4720,Mart Naismith,Genderfluid,77,Huelfort,Australian Capital Territory,2021-10-13,2021-11-09,608,106,2,212,Trousers,Wool,M,blue,52,10,27
4721,Mart Naismith,Genderfluid,77,Huelfort,Australian Capital Territory,2021-10-13,2021-11-09,609,109,2,218,Shirt,Mandarin Collar,M,orange,78,10,27
4722,Mart Naismith,Genderfluid,77,Huelfort,Australian Capital Territory,2021-10-13,2021-11-09,610,117,3,351,Jacket,Shearling,XL,orange,60,10,27
4723,Mart Naismith,Genderfluid,77,Huelfort,Australian Capital Territory,2021-10-13,2021-11-09,611,98,1,98,Shirt,Camp Collared,XS,yellow,55,10,27
4724,Mart Naismith,Genderfluid,77,Huelfort,Australian Capital Territory,2021-10-13,2021-11-09,612,91,2,182,Jacket,Pullover,M,green,47,10,27
4725,Judy Mesias,Male,70,Schneiderstad,New South Wales,2021-08-19,2021-09-05,2487,93,2,186,Trousers,Joggers,L,blue,75,8,17
4726,Judy Mesias,Male,70,Schneiderstad,New South Wales,2021-08-19,2021-09-05,2488,97,1,97,Trousers,Slim-Fit,XL,indigo,66,8,17
4727,Judy Mesias,Male,70,Schneiderstad,New South Wales,2021-08-19,2021-09-05,2489,98,3,294,Jacket,Leather,S,red,80,8,17
4728,Judy Mesias,Male,70,Schneiderstad,New South Wales,2021-08-19,2021-09-05,2490,112,2,224,Jacket,Cardigan,S,yellow,79,8,17
4729,Judy Mesias,Male,70,Schneiderstad,New South Wales,2021-08-19,2021-09-05,2491,109,2,218,Shirt,Mandarin Collar,S,blue,44,8,17
4730,Judy Mesias,Male,70,Schneiderstad,New South Wales,2021-08-19,2021-09-05,2492,119,2,238,Jacket,Trench Coat,M,blue,46,8,17
4731,Judy Mesias,Male,70,Schneiderstad,New South Wales,2021-03-31,2021-04-03,4342,109,3,327,Jacket,Peacoat,L,indigo,45,3,3
4732,Judy Mesias,Male,70,Schneiderstad,New South Wales,2021-03-31,2021-04-03,4343,90,2,180,Trousers,Relaxed Leg,XL,violet,42,3,3
4733,Jamesy Rennles,Genderqueer,46,Harberview,Tasmania,2021-05-11,2021-06-01,2151,95,3,285,Shirt,Polo,M,indigo,62,5,21
4734,Jamesy Rennles,Genderqueer,46,Harberview,Tasmania,2021-05-11,2021-06-01,2152,98,1,98,Shirt,Camp Collared,XS,green,66,5,21
4735,Jamesy Rennles,Genderqueer,46,Harberview,Tasmania,2021-05-11,2021-06-01,2153,118,2,236,Jacket,Puffer,XS,yellow,55,5,21
4736,Jamesy Rennles,Genderqueer,46,Harberview,Tasmania,2021-05-11,2021-06-01,2154,92,2,184,Shirt,Denim,L,blue,45,5,21
4737,Jamesy Rennles,Genderqueer,46,Harberview,Tasmania,2021-05-11,2021-06-01,2155,95,1,95,Shirt,Polo,L,violet,76,5,21
4738,Jamesy Rennles,Genderqueer,46,Harberview,Tasmania,2021-05-11,2021-06-01,2156,105,3,315,Shirt,Cuban Collar,XS,violet,49,5,21
4739,Jamesy Rennles,Genderqueer,46,Harberview,Tasmania,2021-05-11,2021-06-01,2157,91,3,273,Shirt,Linen,M,violet,44,5,21
4740,Jamesy Rennles,Genderqueer,46,Harberview,Tasmania,2021-05-11,2021-06-01,2158,91,3,273,Jacket,Pullover,L,violet,78,5,21
4741,Egon Figliovanni,Female,59,Farrellchester,New South Wales,2021-10-05,2021-10-26,3420,107,1,107,Jacket,Denim,XL,violet,63,10,21
4742,Egon Figliovanni,Female,59,Farrellchester,New South Wales,2021-10-05,2021-10-26,3421,105,3,315,Shirt,Cuban Collar,S,green,58,10,21
4743,Egon Figliovanni,Female,59,Farrellchester,New South Wales,2021-10-05,2021-10-26,3422,96,3,288,Trousers,Drawstring,XL,orange,68,10,21
4744,Egon Figliovanni,Female,59,Farrellchester,New South Wales,2021-10-05,2021-10-26,3423,105,1,105,Shirt,Cuban Collar,XL,blue,73,10,21
4745,Lacee Denyukin,Genderfluid,45,North Nicholaston,Victoria,2021-05-15,2021-06-02,638,92,1,92,Shirt,Denim,S,red,57,5,18
4746,Lacee Denyukin,Genderfluid,45,North Nicholaston,Victoria,2021-05-15,2021-06-02,639,119,2,238,Jacket,Trench Coat,XS,violet,64,5,18
4747,Lacee Denyukin,Genderfluid,45,North Nicholaston,Victoria,2021-05-15,2021-06-02,640,93,2,186,Jacket,Coach,XL,blue,46,5,18
4748,Lacee Denyukin,Genderfluid,45,North Nicholaston,Victoria,2021-05-15,2021-06-02,641,94,1,94,Shirt,Henley,S,indigo,45,5,18
4749,Peri Pilsworth,Genderfluid,36,Walterland,Victoria,2021-06-27,2021-07-05,4112,91,1,91,Jacket,Pullover,L,yellow,43,6,8
4750,Peri Pilsworth,Genderfluid,36,Walterland,Victoria,2021-06-27,2021-07-05,4113,98,1,98,Shirt,Camp Collared,S,orange,62,6,8
4751,Peri Pilsworth,Genderfluid,36,Walterland,Victoria,2021-06-27,2021-07-05,4114,102,3,306,Trousers,Cargo Pants,L,violet,74,6,8
4752,Peri Pilsworth,Genderfluid,36,Walterland,Victoria,2021-06-27,2021-07-05,4115,91,1,91,Shirt,Linen,XL,orange,59,6,8
4753,Peri Pilsworth,Genderfluid,36,Walterland,Victoria,2021-06-27,2021-07-05,4116,112,2,224,Jacket,Cardigan,M,indigo,58,6,8
4754,Lorilyn Vittet,Non-binary,48,Stantonmouth,Australian Capital Territory,2021-04-06,2021-04-20,896,94,3,282,Shirt,Henley,XS,yellow,42,4,14
4755,Lorilyn Vittet,Non-binary,48,Stantonmouth,Australian Capital Territory,2021-04-06,2021-04-20,897,102,1,102,Trousers,Cargo Pants,XS,indigo,51,4,14
4756,Lorilyn Vittet,Non-binary,48,Stantonmouth,Australian Capital Territory,2021-04-06,2021-04-20,898,118,2,236,Jacket,Puffer,XL,yellow,65,4,14
4757,Lorilyn Vittet,Non-binary,48,Stantonmouth,Australian Capital Territory,2021-04-06,2021-04-20,899,119,3,357,Shirt,Casual Slim Fit,S,blue,75,4,14
4758,Lorilyn Vittet,Non-binary,48,Stantonmouth,Australian Capital Territory,2021-04-06,2021-04-20,900,119,2,238,Shirt,Casual Slim Fit,S,indigo,65,4,14
4759,Lorilyn Vittet,Non-binary,48,Stantonmouth,Australian Capital Territory,2021-04-06,2021-04-20,901,95,1,95,Shirt,Polo,XL,red,76,4,14
4760,Lorilyn Vittet,Non-binary,48,Stantonmouth,Australian Capital Territory,2021-04-06,2021-04-20,902,104,3,312,Shirt,Dress,XS,blue,41,4,14
4761,Lorilyn Vittet,Non-binary,48,Stantonmouth,Australian Capital Territory,2021-04-06,2021-04-20,903,97,2,194,Trousers,Slim-Fit,L,red,80,4,14
4762,Lorilyn Vittet,Non-binary,48,Stantonmouth,Australian Capital Territory,2021-04-06,2021-04-20,904,93,3,279,Trousers,Joggers,M,orange,52,4,14
4763,Raul Crilly,Genderfluid,24,South Jasper,Queensland,2021-01-02,2021-01-15,4200,106,2,212,Trousers,Wool,M,violet,51,1,13
4764,Raul Crilly,Genderfluid,24,South Jasper,Queensland,2021-01-02,2021-01-15,4201,118,1,118,Jacket,Puffer,XL,yellow,65,1,13
4765,Raul Crilly,Genderfluid,24,South Jasper,Queensland,2021-01-02,2021-01-15,4202,102,3,306,Trousers,Cargo Pants,L,orange,78,1,13
4766,Dulsea Collet,Genderqueer,74,South Charles,New South Wales,2021-07-14,2021-07-19,2055,98,2,196,Shirt,Camp Collared,XS,green,66,7,5
4767,Dulsea Collet,Genderqueer,74,South Charles,New South Wales,2021-07-14,2021-07-19,2056,102,2,204,Jacket,Windbreaker,XL,red,48,7,5
4768,Dulsea Collet,Genderqueer,74,South Charles,New South Wales,2021-07-14,2021-07-19,2057,117,2,234,Jacket,Shearling,L,indigo,66,7,5
4769,Dulsea Collet,Genderqueer,74,South Charles,New South Wales,2021-07-14,2021-07-19,2058,118,2,236,Jacket,Puffer,M,violet,43,7,5
4770,Dulsea Collet,Genderqueer,74,South Charles,New South Wales,2021-07-14,2021-07-19,2059,95,2,190,Shirt,Polo,XS,green,45,7,5
4771,Dulsea Collet,Genderqueer,74,South Charles,New South Wales,2021-07-14,2021-07-19,2060,97,1,97,Trousers,Slim-Fit,S,red,71,7,5
4772,Dulsea Collet,Genderqueer,74,South Charles,New South Wales,2021-07-14,2021-07-19,2061,106,1,106,Trousers,Wool,L,red,74,7,5
4773,Dulsea Collet,Genderqueer,74,South Charles,New South Wales,2021-07-14,2021-07-19,2062,102,2,204,Trousers,Cargo Pants,XL,indigo,64,7,5
4774,Eustacia Andreassen,Male,43,Bergefort,Victoria,2021-05-24,2021-06-04,2548,113,2,226,Trousers,Chinos,L,red,44,5,11
4775,Eustacia Andreassen,Male,43,Bergefort,Victoria,2021-05-24,2021-06-04,2549,93,1,93,Trousers,Joggers,XL,red,58,5,11
4776,Cy Sabbins,Male,66,New Mollystad,Tasmania,2021-04-06,2021-04-28,4163,105,3,315,Trousers,Pleated,L,red,70,4,22
4777,Cy Sabbins,Male,66,New Mollystad,Tasmania,2021-04-06,2021-04-28,4164,105,2,210,Shirt,Cuban Collar,XL,yellow,76,4,22
4778,Cy Sabbins,Male,66,New Mollystad,Tasmania,2021-04-06,2021-04-28,4165,100,2,200,Jacket,Bomber,M,violet,45,4,22
4779,Cy Sabbins,Male,66,New Mollystad,Tasmania,2021-04-06,2021-04-28,4166,115,1,115,Trousers,Cropped,XL,green,49,4,22
4780,Geri Renton,Female,45,Michaelfurt,Northern Territory,2021-04-11,2021-04-17,3130,90,2,180,Trousers,Relaxed Leg,S,indigo,40,4,6
4781,Geri Renton,Female,45,Michaelfurt,Northern Territory,2021-04-11,2021-04-17,3131,98,3,294,Shirt,Camp Collared,S,green,60,4,6
4782,Geri Renton,Female,45,Michaelfurt,Northern Territory,2021-04-11,2021-04-17,3132,119,2,238,Shirt,Casual Slim Fit,L,indigo,60,4,6
4783,Geri Renton,Female,45,Michaelfurt,Northern Territory,2021-04-11,2021-04-17,3133,102,3,306,Trousers,Cargo Pants,L,yellow,71,4,6
4784,Timmie Kelshaw,Non-binary,69,Lake Evemouth,South Australia,2021-09-26,2021-10-14,4361,92,3,276,Shirt,Denim,L,orange,45,9,18
4785,Timmie Kelshaw,Non-binary,69,Lake Evemouth,South Australia,2021-09-26,2021-10-14,4362,118,2,236,Jacket,Puffer,M,indigo,49,9,18
4786,Timmie Kelshaw,Non-binary,69,Lake Evemouth,South Australia,2021-09-26,2021-10-14,4363,106,1,106,Shirt,Chambray,XS,blue,76,9,18
4787,Timmie Kelshaw,Non-binary,69,Lake Evemouth,South Australia,2021-09-26,2021-10-14,4364,96,3,288,Shirt,Oxford Cloth,L,indigo,70,9,18
4788,Timmie Kelshaw,Non-binary,69,Lake Evemouth,South Australia,2021-09-26,2021-10-14,4365,112,2,224,Jacket,Cardigan,L,yellow,50,9,18
4789,Timmie Kelshaw,Non-binary,69,Lake Evemouth,South Australia,2021-09-26,2021-10-14,4366,107,2,214,Jacket,Denim,M,red,43,9,18
4790,Timmie Kelshaw,Non-binary,69,Lake Evemouth,South Australia,2021-09-26,2021-10-14,4367,118,1,118,Shirt,Flannel,L,orange,59,9,18
4791,Timmie Kelshaw,Non-binary,69,Lake Evemouth,South Australia,2021-09-26,2021-10-14,4368,107,2,214,Jacket,Denim,XS,indigo,75,9,18
4792,Timmie Kelshaw,Non-binary,69,Lake Evemouth,South Australia,2021-09-26,2021-10-14,4369,118,1,118,Shirt,Flannel,XL,blue,61,9,18
4793,Dolph Arrow,Bigender,57,Lake Owenfurt,Australian Capital Territory,2021-09-16,2021-10-04,3823,107,2,214,Jacket,Denim,M,blue,61,9,18
4794,Dolph Arrow,Bigender,57,Lake Owenfurt,Australian Capital Territory,2021-09-16,2021-10-04,3824,119,3,357,Jacket,Trench Coat,M,blue,46,9,18
4795,Dolph Arrow,Bigender,57,Lake Owenfurt,Australian Capital Territory,2021-09-16,2021-10-04,3825,115,2,230,Trousers,Cropped,XS,blue,47,9,18
4796,Dolph Arrow,Bigender,57,Lake Owenfurt,Australian Capital Territory,2021-09-16,2021-10-04,3826,98,3,294,Shirt,Camp Collared,S,violet,80,9,18
4797,Dolph Arrow,Bigender,57,Lake Owenfurt,Australian Capital Territory,2021-09-16,2021-10-04,3827,118,3,354,Shirt,Flannel,M,violet,71,9,18
4798,Dolph Arrow,Bigender,57,Lake Owenfurt,Australian Capital Territory,2021-09-16,2021-10-04,3828,118,2,236,Jacket,Puffer,L,indigo,61,9,18
4799,Camile Haveline,Genderfluid,20,New Alexchester,New South Wales,2021-10-12,2021-10-17,3396,117,1,117,Jacket,Shearling,M,violet,74,10,5
4800,Camile Haveline,Genderfluid,20,New Alexchester,New South Wales,2021-10-12,2021-10-17,3397,118,2,236,Shirt,Flannel,XL,indigo,57,10,5
4801,Camile Haveline,Genderfluid,20,New Alexchester,New South Wales,2021-03-22,2021-03-23,4167,91,2,182,Jacket,Pullover,XL,violet,69,3,1
4802,Camile Haveline,Genderfluid,20,New Alexchester,New South Wales,2021-03-22,2021-03-23,4168,106,1,106,Trousers,Wool,S,indigo,45,3,1
4803,Camile Haveline,Genderfluid,20,New Alexchester,New South Wales,2021-03-22,2021-03-23,4169,109,2,218,Shirt,Mandarin Collar,L,yellow,78,3,1
4804,Camile Haveline,Genderfluid,20,New Alexchester,New South Wales,2021-03-22,2021-03-23,4170,94,3,282,Trousers,Cords,L,blue,77,3,1
4805,Camile Haveline,Genderfluid,20,New Alexchester,New South Wales,2021-03-22,2021-03-23,4171,106,3,318,Shirt,Chambray,L,indigo,79,3,1
4806,Camile Haveline,Genderfluid,20,New Alexchester,New South Wales,2021-07-03,2021-07-09,4231,115,1,115,Trousers,Cropped,S,orange,78,7,6
4807,Camile Haveline,Genderfluid,20,New Alexchester,New South Wales,2021-07-03,2021-07-09,4232,94,3,282,Shirt,Henley,XL,blue,75,7,6
4808,Camile Haveline,Genderfluid,20,New Alexchester,New South Wales,2021-07-03,2021-07-09,4233,104,1,104,Shirt,Dress,XL,violet,77,7,6
4809,Camile Haveline,Genderfluid,20,New Alexchester,New South Wales,2021-07-03,2021-07-09,4234,105,1,105,Shirt,Cuban Collar,XS,orange,62,7,6
4810,Camile Haveline,Genderfluid,20,New Alexchester,New South Wales,2021-07-03,2021-07-09,4235,109,1,109,Jacket,Peacoat,M,red,59,7,6
4811,Camile Haveline,Genderfluid,20,New Alexchester,New South Wales,2021-07-03,2021-07-09,4236,112,3,336,Trousers,Tracksuit Bottoms,S,yellow,49,7,6
4812,Camile Haveline,Genderfluid,20,New Alexchester,New South Wales,2021-07-03,2021-07-09,4237,94,3,282,Trousers,Cords,S,yellow,68,7,6
4813,Camile Haveline,Genderfluid,20,New Alexchester,New South Wales,2021-07-03,2021-07-09,4238,97,2,194,Trousers,Slim-Fit,M,green,78,7,6
4814,Camile Haveline,Genderfluid,20,New Alexchester,New South Wales,2021-07-03,2021-07-09,4239,98,3,294,Shirt,Camp Collared,M,violet,41,7,6
4815,Camile Haveline,Genderfluid,20,New Alexchester,New South Wales,2021-07-03,2021-07-09,4240,93,1,93,Trousers,Joggers,XL,violet,40,7,6
4816,Felic Marrian,Male,75,Samanthaberg,South Australia,2021-03-29,2021-04-12,59,105,2,210,Trousers,Pleated,M,yellow,54,3,14
4817,Felic Marrian,Male,75,Samanthaberg,South Australia,2021-03-29,2021-04-12,60,106,3,318,Shirt,Chambray,M,green,56,3,14
4818,Felic Marrian,Male,75,Samanthaberg,South Australia,2021-03-29,2021-04-12,61,92,2,184,Shirt,Denim,L,red,52,3,14
4819,Felic Marrian,Male,75,Samanthaberg,South Australia,2021-03-29,2021-04-12,62,118,3,354,Shirt,Flannel,S,blue,43,3,14
4820,Felic Marrian,Male,75,Samanthaberg,South Australia,2021-03-29,2021-04-12,63,94,2,188,Trousers,Cords,XL,violet,73,3,14
4821,Albina Disdel,Genderqueer,47,West Luke,Northern Territory,2021-08-02,2021-08-06,4629,98,3,294,Jacket,Leather,XL,yellow,67,8,4
4822,Albina Disdel,Genderqueer,47,West Luke,Northern Territory,2021-08-02,2021-08-06,4630,119,3,357,Shirt,Casual Slim Fit,XS,orange,43,8,4
4823,Albina Disdel,Genderqueer,47,West Luke,Northern Territory,2021-08-02,2021-08-06,4631,92,2,184,Shirt,Denim,L,red,52,8,4
4824,Albina Disdel,Genderqueer,47,West Luke,Northern Territory,2021-08-02,2021-08-06,4632,99,3,297,Trousers,High-Waisted,XS,orange,55,8,4
4825,Terri Lunny,Bigender,75,New Callumtown,Western Australia,2021-07-24,2021-08-19,316,118,3,354,Jacket,Puffer,M,yellow,44,7,26
4826,Terri Lunny,Bigender,75,New Callumtown,Western Australia,2021-07-24,2021-08-19,317,102,1,102,Trousers,Cargo Pants,XS,green,63,7,26
4827,Terri Lunny,Bigender,75,New Callumtown,Western Australia,2021-07-24,2021-08-19,318,106,1,106,Trousers,Wool,XL,violet,40,7,26
4828,Terri Lunny,Bigender,75,New Callumtown,Western Australia,2021-07-24,2021-08-19,319,99,3,297,Trousers,High-Waisted,L,violet,68,7,26
4829,Terri Lunny,Bigender,75,New Callumtown,Western Australia,2021-07-24,2021-08-19,320,118,2,236,Shirt,Flannel,XS,red,42,7,26
4830,Terri Lunny,Bigender,75,New Callumtown,Western Australia,2021-03-07,2021-04-03,4593,98,3,294,Jacket,Leather,XL,yellow,67,3,27
4831,Terri Lunny,Bigender,75,New Callumtown,Western Australia,2021-03-07,2021-04-03,4594,115,2,230,Trousers,Cropped,XL,violet,64,3,27
4832,Bunni Poundsford,Female,63,South Heidi,Western Australia,2021-03-09,2021-03-27,2201,102,2,204,Jacket,Windbreaker,L,blue,41,3,18
4833,Bunni Poundsford,Female,63,South Heidi,Western Australia,2021-03-09,2021-03-27,2202,94,2,188,Shirt,Henley,XS,violet,50,3,18
4834,Bunni Poundsford,Female,63,South Heidi,Western Australia,2021-03-09,2021-03-27,2203,104,2,208,Shirt,Dress,S,yellow,56,3,18
4835,Ginnie Glasheen,Polygender,77,West Stella,South Australia,2021-01-08,2021-01-28,2390,93,2,186,Trousers,Joggers,XS,green,77,1,20
4836,Delcine Pickthorn,Genderfluid,44,Lake Lincoln,Queensland,2021-06-06,2021-06-18,3853,107,2,214,Jacket,Denim,L,blue,42,6,12
4837,Delcine Pickthorn,Genderfluid,44,Lake Lincoln,Queensland,2021-06-06,2021-06-18,3854,109,1,109,Jacket,Peacoat,M,indigo,52,6,12
4838,Delcine Pickthorn,Genderfluid,44,Lake Lincoln,Queensland,2021-06-06,2021-06-18,3855,91,2,182,Shirt,Linen,S,green,58,6,12
4839,Constance Piddington,Genderfluid,27,East Chasehaven,Queensland,2021-01-08,2021-01-23,539,119,2,238,Shirt,Casual Slim Fit,XS,blue,55,1,15
4840,Constance Piddington,Genderfluid,27,East Chasehaven,Queensland,2021-01-08,2021-01-23,540,109,1,109,Jacket,Peacoat,XS,violet,54,1,15
4841,Constance Piddington,Genderfluid,27,East Chasehaven,Queensland,2021-01-08,2021-01-23,541,94,3,282,Trousers,Cords,XS,green,50,1,15
4842,Constance Piddington,Genderfluid,27,East Chasehaven,Queensland,2021-01-08,2021-01-23,542,98,1,98,Jacket,Leather,M,orange,80,1,15
4843,Constance Piddington,Genderfluid,27,East Chasehaven,Queensland,2021-01-08,2021-01-23,543,118,3,354,Jacket,Puffer,M,orange,61,1,15
4844,Constance Piddington,Genderfluid,27,East Chasehaven,Queensland,2021-01-08,2021-01-23,544,102,1,102,Jacket,Windbreaker,M,violet,64,1,15
4845,Constance Piddington,Genderfluid,27,East Chasehaven,Queensland,2021-08-18,2021-08-24,4192,107,2,214,Jacket,Denim,S,orange,51,8,6
4846,Constance Piddington,Genderfluid,27,East Chasehaven,Queensland,2021-08-18,2021-08-24,4193,96,2,192,Shirt,Oxford Cloth,L,blue,59,8,6
4847,Constance Piddington,Genderfluid,27,East Chasehaven,Queensland,2021-08-18,2021-08-24,4194,100,1,100,Jacket,Bomber,L,violet,68,8,6
4848,Constance Piddington,Genderfluid,27,East Chasehaven,Queensland,2021-08-15,2021-08-17,4548,92,1,92,Shirt,Denim,S,green,49,8,2
4849,Constance Piddington,Genderfluid,27,East Chasehaven,Queensland,2021-08-15,2021-08-17,4549,92,1,92,Shirt,Denim,XS,yellow,54,8,2
4850,Constance Piddington,Genderfluid,27,East Chasehaven,Queensland,2021-08-15,2021-08-17,4550,98,2,196,Jacket,Leather,XL,violet,58,8,2
4851,Lars Stading,Female,60,West Callumside,Tasmania,2021-06-29,2021-07-07,2968,119,1,119,Shirt,Casual Slim Fit,M,violet,46,6,8
4852,Lars Stading,Female,60,West Callumside,Tasmania,2021-06-29,2021-07-07,2969,113,1,113,Jacket,Parka,S,violet,67,6,8
4853,Lars Stading,Female,60,West Callumside,Tasmania,2021-06-29,2021-07-07,2970,102,3,306,Trousers,Cargo Pants,XL,green,65,6,8
4854,Lars Stading,Female,60,West Callumside,Tasmania,2021-06-29,2021-07-07,2971,102,2,204,Jacket,Windbreaker,S,blue,41,6,8
4855,Lars Stading,Female,60,West Callumside,Tasmania,2021-06-29,2021-07-07,2972,105,1,105,Shirt,Cuban Collar,XL,indigo,53,6,8
4856,Lars Stading,Female,60,West Callumside,Tasmania,2021-06-29,2021-07-07,2973,97,2,194,Trousers,Slim-Fit,XS,green,74,6,8
4857,Lars Stading,Female,60,West Callumside,Tasmania,2021-06-29,2021-07-07,2974,102,3,306,Jacket,Windbreaker,L,blue,41,6,8
4858,Lars Stading,Female,60,West Callumside,Tasmania,2021-06-29,2021-07-07,2975,115,2,230,Trousers,Cropped,XL,orange,61,6,8
4859,Lars Stading,Female,60,West Callumside,Tasmania,2021-06-29,2021-07-07,2976,100,2,200,Jacket,Bomber,XL,green,79,6,8
4860,Lars Stading,Female,60,West Callumside,Tasmania,2021-06-29,2021-07-07,2977,113,3,339,Trousers,Chinos,XS,violet,72,6,8
4861,Tally Rubel,Agender,66,South Xavierport,South Australia,2021-03-18,2021-04-05,3819,91,3,273,Jacket,Pullover,L,red,69,3,18
4862,Tally Rubel,Agender,66,South Xavierport,South Australia,2021-03-18,2021-04-05,3820,107,2,214,Jacket,Denim,S,violet,73,3,18
4863,Tally Rubel,Agender,66,South Xavierport,South Australia,2021-03-18,2021-04-05,3821,96,1,96,Trousers,Drawstring,S,yellow,74,3,18
4864,Tally Rubel,Agender,66,South Xavierport,South Australia,2021-03-18,2021-04-05,3822,107,2,214,Jacket,Denim,XL,orange,79,3,18
4865,Michell Lappine,Polygender,34,East Sophia,Queensland,2021-01-26,2021-02-16,1404,117,2,234,Jacket,Shearling,L,blue,64,1,21
4866,Michell Lappine,Polygender,34,East Sophia,Queensland,2021-01-26,2021-02-16,1405,107,1,107,Jacket,Denim,M,red,43,1,21
4867,Michell Lappine,Polygender,34,East Sophia,Queensland,2021-01-26,2021-02-16,1406,102,1,102,Trousers,Cargo Pants,S,blue,63,1,21
4868,Michell Lappine,Polygender,34,East Sophia,Queensland,2021-01-26,2021-02-16,1407,112,2,224,Jacket,Cardigan,XL,red,54,1,21
4869,Michell Lappine,Polygender,34,East Sophia,Queensland,2021-01-26,2021-02-16,1408,118,2,236,Jacket,Puffer,S,indigo,62,1,21
4870,Michell Lappine,Polygender,34,East Sophia,Queensland,2021-01-26,2021-02-16,1409,109,2,218,Jacket,Peacoat,S,red,67,1,21
4871,Michell Lappine,Polygender,34,East Sophia,Queensland,2021-01-26,2021-02-16,1410,104,3,312,Shirt,Dress,XS,yellow,69,1,21
4872,Michell Lappine,Polygender,34,East Sophia,Queensland,2021-01-26,2021-02-16,1411,90,1,90,Trousers,Relaxed Leg,XS,violet,49,1,21
4873,Michell Lappine,Polygender,34,East Sophia,Queensland,2021-01-26,2021-02-16,1412,118,2,236,Jacket,Puffer,L,orange,66,1,21
4874,Michell Lappine,Polygender,34,East Sophia,Queensland,2021-01-26,2021-02-16,1413,102,2,204,Trousers,Cargo Pants,XS,violet,40,1,21
4875,Sharleen Langworthy,Agender,35,Isaacberg,South Australia,2021-09-16,2021-09-25,2003,117,1,117,Jacket,Shearling,M,red,49,9,9
4876,Sharleen Langworthy,Agender,35,Isaacberg,South Australia,2021-09-16,2021-09-25,2004,119,3,357,Shirt,Casual Slim Fit,XS,blue,55,9,9
4877,Sharleen Langworthy,Agender,35,Isaacberg,South Australia,2021-09-16,2021-09-25,2005,118,2,236,Shirt,Flannel,XS,yellow,41,9,9
4878,Sharleen Langworthy,Agender,35,Isaacberg,South Australia,2021-09-16,2021-09-25,2006,117,3,351,Jacket,Shearling,XS,orange,54,9,9
4879,Sharleen Langworthy,Agender,35,Isaacberg,South Australia,2021-03-24,2021-04-07,4535,115,3,345,Trousers,Cropped,L,yellow,60,3,14
4880,Sharleen Langworthy,Agender,35,Isaacberg,South Australia,2021-03-24,2021-04-07,4536,91,3,273,Shirt,Linen,L,orange,73,3,14
4881,Sharleen Langworthy,Agender,35,Isaacberg,South Australia,2021-03-24,2021-04-07,4537,115,3,345,Trousers,Cropped,S,yellow,65,3,14
4882,Sharleen Langworthy,Agender,35,Isaacberg,South Australia,2021-03-24,2021-04-07,4538,112,1,112,Trousers,Tracksuit Bottoms,XS,green,69,3,14
4883,Sharleen Langworthy,Agender,35,Isaacberg,South Australia,2021-03-24,2021-04-07,4539,91,2,182,Shirt,Linen,XS,yellow,55,3,14
4884,Darby Aistrop,Genderqueer,47,Hannahberg,Australian Capital Territory,2021-06-05,2021-06-20,1855,98,2,196,Jacket,Leather,M,violet,40,6,15
4885,Darby Aistrop,Genderqueer,47,Hannahberg,Australian Capital Territory,2021-06-05,2021-06-20,1856,118,2,236,Shirt,Flannel,S,green,57,6,15
4886,Darby Aistrop,Genderqueer,47,Hannahberg,Australian Capital Territory,2021-06-05,2021-06-20,1857,98,3,294,Shirt,Camp Collared,M,orange,65,6,15
4887,Darby Aistrop,Genderqueer,47,Hannahberg,Australian Capital Territory,2021-06-05,2021-06-20,1858,99,3,297,Trousers,High-Waisted,M,indigo,61,6,15
4888,Darby Aistrop,Genderqueer,47,Hannahberg,Australian Capital Territory,2021-06-05,2021-06-20,1859,109,3,327,Shirt,Mandarin Collar,S,red,48,6,15
4889,Darby Aistrop,Genderqueer,47,Hannahberg,Australian Capital Territory,2021-06-05,2021-06-20,1860,95,3,285,Shirt,Polo,S,blue,76,6,15
4890,Darby Aistrop,Genderqueer,47,Hannahberg,Australian Capital Territory,2021-06-05,2021-06-20,1861,112,1,112,Trousers,Tracksuit Bottoms,XS,orange,57,6,15
4891,Devin Lindmark,Female,57,North Mackenzieborough,Northern Territory,2021-10-11,2021-10-20,4321,96,3,288,Trousers,Drawstring,XS,indigo,61,10,9
4892,Devin Lindmark,Female,57,North Mackenzieborough,Northern Territory,2021-10-11,2021-10-20,4322,91,1,91,Shirt,Linen,M,blue,58,10,9
4893,Devin Lindmark,Female,57,North Mackenzieborough,Northern Territory,2021-10-11,2021-10-20,4323,98,2,196,Shirt,Camp Collared,L,violet,42,10,9
4894,Theodosia Postins,Polygender,38,Turcottetown,Australian Capital Territory,2021-01-22,2021-02-11,1825,119,2,238,Shirt,Casual Slim Fit,M,red,67,1,20
4895,Theodosia Postins,Polygender,38,Turcottetown,Australian Capital Territory,2021-01-22,2021-02-11,1826,93,2,186,Jacket,Coach,L,violet,80,1,20
4896,Theodosia Postins,Polygender,38,Turcottetown,Australian Capital Territory,2021-01-22,2021-02-11,1827,118,1,118,Shirt,Flannel,XL,yellow,72,1,20
4897,Theodosia Postins,Polygender,38,Turcottetown,Australian Capital Territory,2021-01-22,2021-02-11,1828,94,1,94,Shirt,Henley,XL,red,59,1,20
4898,Theodosia Postins,Polygender,38,Turcottetown,Australian Capital Territory,2021-01-22,2021-02-11,1829,94,2,188,Trousers,Cords,S,indigo,60,1,20
4899,Theodosia Postins,Polygender,38,Turcottetown,Australian Capital Territory,2021-01-22,2021-02-11,1830,102,1,102,Trousers,Cargo Pants,S,blue,63,1,20
4900,Theodosia Postins,Polygender,38,Turcottetown,Australian Capital Territory,2021-01-22,2021-02-11,1831,96,2,192,Shirt,Oxford Cloth,XS,violet,74,1,20
4901,Theodosia Postins,Polygender,38,Turcottetown,Australian Capital Territory,2021-01-22,2021-02-11,1832,109,1,109,Shirt,Mandarin Collar,XL,green,79,1,20
4902,Theodosia Postins,Polygender,38,Turcottetown,Australian Capital Territory,2021-01-22,2021-02-11,1833,102,3,306,Trousers,Cargo Pants,XS,orange,43,1,20
4903,Theodosia Postins,Polygender,38,Turcottetown,Australian Capital Territory,2021-01-22,2021-02-11,1834,96,3,288,Trousers,Drawstring,XL,violet,80,1,20
4904,Theodosia Postins,Polygender,38,Turcottetown,Australian Capital Territory,2021-09-25,2021-10-20,2617,115,3,345,Trousers,Cropped,S,orange,78,9,25
4905,Theodosia Postins,Polygender,38,Turcottetown,Australian Capital Territory,2021-09-25,2021-10-20,2618,113,3,339,Trousers,Chinos,L,orange,60,9,25
4906,Theodosia Postins,Polygender,38,Turcottetown,Australian Capital Territory,2021-09-25,2021-10-20,2619,105,3,315,Trousers,Pleated,M,red,40,9,25
4907,Theodosia Postins,Polygender,38,Turcottetown,Australian Capital Territory,2021-09-25,2021-10-20,2620,104,2,208,Shirt,Dress,XS,yellow,69,9,25
4908,Theodosia Postins,Polygender,38,Turcottetown,Australian Capital Territory,2021-09-25,2021-10-20,2621,119,3,357,Jacket,Trench Coat,M,indigo,42,9,25
4909,Theodosia Postins,Polygender,38,Turcottetown,Australian Capital Territory,2021-09-25,2021-10-20,2622,94,2,188,Shirt,Henley,S,yellow,70,9,25
4910,Grady Wipper,Genderfluid,70,Thompsonbury,New South Wales,2021-02-14,2021-03-07,3007,99,3,297,Trousers,High-Waisted,S,orange,42,2,21
4911,Grady Wipper,Genderfluid,70,Thompsonbury,New South Wales,2021-02-14,2021-03-07,3008,118,1,118,Shirt,Flannel,S,green,57,2,21
4912,Grady Wipper,Genderfluid,70,Thompsonbury,New South Wales,2021-03-16,2021-03-27,4304,107,2,214,Jacket,Denim,XL,green,59,3,11
4913,Grady Wipper,Genderfluid,70,Thompsonbury,New South Wales,2021-03-16,2021-03-27,4305,105,3,315,Shirt,Cuban Collar,S,red,59,3,11
4914,Grady Wipper,Genderfluid,70,Thompsonbury,New South Wales,2021-03-16,2021-03-27,4306,102,2,204,Trousers,Cargo Pants,XL,red,45,3,11
4915,Grady Wipper,Genderfluid,70,Thompsonbury,New South Wales,2021-03-16,2021-03-27,4307,119,3,357,Shirt,Casual Slim Fit,L,indigo,60,3,11
4916,Grady Wipper,Genderfluid,70,Thompsonbury,New South Wales,2021-03-16,2021-03-27,4308,91,1,91,Jacket,Pullover,XL,indigo,43,3,11
4917,Grady Wipper,Genderfluid,70,Thompsonbury,New South Wales,2021-03-16,2021-03-27,4309,119,1,119,Shirt,Casual Slim Fit,M,yellow,76,3,11
4918,Tommie Benoy,Polygender,35,New Harry,Western Australia,2021-02-06,2021-02-25,1781,118,3,354,Jacket,Puffer,XS,yellow,55,2,19
4919,Tommie Benoy,Polygender,35,New Harry,Western Australia,2021-02-06,2021-02-25,1782,113,1,113,Jacket,Parka,XS,blue,67,2,19
4920,Tommie Benoy,Polygender,35,New Harry,Western Australia,2021-02-06,2021-02-25,1783,106,2,212,Trousers,Wool,M,yellow,43,2,19
4921,Tommie Benoy,Polygender,35,New Harry,Western Australia,2021-02-06,2021-02-25,1784,91,1,91,Jacket,Pullover,XL,violet,69,2,19
4922,Tommie Benoy,Polygender,35,New Harry,Western Australia,2021-02-06,2021-02-25,1785,93,2,186,Trousers,Joggers,XL,blue,52,2,19
4923,Tommie Benoy,Polygender,35,New Harry,Western Australia,2021-02-06,2021-02-25,1786,90,1,90,Trousers,Relaxed Leg,M,indigo,45,2,19
4924,Sauncho Boosey,Bigender,53,Stewartland,Australian Capital Territory,2021-05-22,2021-05-31,2172,94,2,188,Trousers,Cords,XL,orange,72,5,9
4925,Sauncho Boosey,Bigender,53,Stewartland,Australian Capital Territory,2021-05-22,2021-05-31,2173,113,1,113,Trousers,Chinos,S,green,61,5,9
4926,Sauncho Boosey,Bigender,53,Stewartland,Australian Capital Territory,2021-05-22,2021-05-31,2174,102,2,204,Jacket,Windbreaker,S,red,54,5,9
4927,Sauncho Boosey,Bigender,53,Stewartland,Australian Capital Territory,2021-05-22,2021-05-31,2175,106,2,212,Shirt,Chambray,XL,red,42,5,9
4928,Sauncho Boosey,Bigender,53,Stewartland,Australian Capital Territory,2021-01-12,2021-01-27,4195,104,3,312,Shirt,Dress,M,green,65,1,15
4929,Sauncho Boosey,Bigender,53,Stewartland,Australian Capital Territory,2021-01-12,2021-01-27,4196,118,1,118,Shirt,Flannel,M,green,66,1,15
4930,Sauncho Boosey,Bigender,53,Stewartland,Australian Capital Territory,2021-01-12,2021-01-27,4197,99,1,99,Trousers,High-Waisted,M,blue,52,1,15
4931,Sauncho Boosey,Bigender,53,Stewartland,Australian Capital Territory,2021-01-12,2021-01-27,4198,119,3,357,Jacket,Trench Coat,L,yellow,77,1,15
4932,Sauncho Boosey,Bigender,53,Stewartland,Australian Capital Territory,2021-01-12,2021-01-27,4199,106,2,212,Shirt,Chambray,M,indigo,62,1,15
4933,Cristina Jowling,Genderfluid,30,North Andrew,Tasmania,2021-03-14,2021-03-19,1842,112,1,112,Jacket,Cardigan,S,violet,49,3,5
4934,Cristina Jowling,Genderfluid,30,North Andrew,Tasmania,2021-03-14,2021-03-19,1843,97,2,194,Trousers,Slim-Fit,M,red,67,3,5
4935,Cristina Jowling,Genderfluid,30,North Andrew,Tasmania,2021-03-14,2021-03-19,1844,118,1,118,Shirt,Flannel,XL,orange,50,3,5
4936,Cristina Jowling,Genderfluid,30,North Andrew,Tasmania,2021-03-14,2021-03-19,1845,117,1,117,Jacket,Shearling,L,orange,58,3,5
4937,Cristina Jowling,Genderfluid,30,North Andrew,Tasmania,2021-03-14,2021-03-19,1846,102,3,306,Trousers,Cargo Pants,S,orange,60,3,5
4938,Cristina Jowling,Genderfluid,30,North Andrew,Tasmania,2021-03-14,2021-03-19,1847,95,1,95,Shirt,Polo,XS,violet,67,3,5
4939,Orella Singyard,Polygender,24,Michaelberg,Victoria,2021-03-22,2021-03-28,135,93,1,93,Jacket,Coach,L,red,80,3,6
4940,Orella Singyard,Polygender,24,Michaelberg,Victoria,2021-03-22,2021-03-28,136,94,3,282,Trousers,Cords,M,violet,77,3,6
4941,Orella Singyard,Polygender,24,Michaelberg,Victoria,2021-03-22,2021-03-28,137,95,2,190,Shirt,Polo,S,red,60,3,6
4942,Orella Singyard,Polygender,24,Michaelberg,Victoria,2021-03-22,2021-03-28,138,109,3,327,Jacket,Peacoat,M,indigo,52,3,6
4943,Vanna Densham,Female,53,Hallshire,Western Australia,2021-01-12,2021-02-03,1467,91,2,182,Shirt,Linen,L,yellow,72,1,22
4944,Vanna Densham,Female,53,Hallshire,Western Australia,2021-01-12,2021-02-03,1468,91,3,273,Shirt,Linen,L,red,80,1,22
4945,Vanna Densham,Female,53,Hallshire,Western Australia,2021-01-12,2021-02-03,1469,113,3,339,Jacket,Parka,XL,indigo,78,1,22
4946,Vanna Densham,Female,53,Hallshire,Western Australia,2021-01-12,2021-02-03,1470,98,1,98,Shirt,Camp Collared,XL,blue,51,1,22
4947,Vanna Densham,Female,53,Hallshire,Western Australia,2021-01-12,2021-02-03,1471,102,3,306,Jacket,Windbreaker,M,red,47,1,22
4948,Vanna Densham,Female,53,Hallshire,Western Australia,2021-01-12,2021-02-03,1472,91,2,182,Shirt,Linen,XL,orange,59,1,22
4949,Vanna Densham,Female,53,Hallshire,Western Australia,2021-01-12,2021-02-03,1473,112,3,336,Trousers,Tracksuit Bottoms,M,green,47,1,22
4950,Leandra Derks,Polygender,63,Hermistonberg,Western Australia,2021-08-02,2021-08-17,4020,115,2,230,Trousers,Cropped,XS,red,75,8,15
4951,Leandra Derks,Polygender,63,Hermistonberg,Western Australia,2021-08-02,2021-08-17,4021,97,2,194,Trousers,Slim-Fit,XS,green,74,8,15
4952,Leandra Derks,Polygender,63,Hermistonberg,Western Australia,2021-08-02,2021-08-17,4022,91,3,273,Shirt,Linen,M,yellow,59,8,15
4953,Leandra Derks,Polygender,63,Hermistonberg,Western Australia,2021-08-02,2021-08-17,4023,119,1,119,Jacket,Trench Coat,XL,blue,69,8,15
4954,Leandra Derks,Polygender,63,Hermistonberg,Western Australia,2021-08-02,2021-08-17,4024,92,3,276,Shirt,Denim,XL,violet,73,8,15
4955,Leandra Derks,Polygender,63,Hermistonberg,Western Australia,2021-08-02,2021-08-17,4025,94,2,188,Trousers,Cords,XL,red,80,8,15
4956,Leandra Derks,Polygender,63,Hermistonberg,Western Australia,2021-08-02,2021-08-17,4026,96,3,288,Shirt,Oxford Cloth,S,indigo,59,8,15
4957,Leandra Derks,Polygender,63,Hermistonberg,Western Australia,2021-08-02,2021-08-17,4027,119,3,357,Shirt,Casual Slim Fit,M,yellow,76,8,15
4958,Leandra Derks,Polygender,63,Hermistonberg,Western Australia,2021-08-02,2021-08-17,4028,98,1,98,Shirt,Camp Collared,XS,indigo,64,8,15
4959,Leandra Derks,Polygender,63,Hermistonberg,Western Australia,2021-08-02,2021-08-17,4029,117,1,117,Jacket,Shearling,L,yellow,58,8,15
4960,Elvira Sarfati,Agender,59,Lake Danielland,Tasmania,2021-03-09,2021-03-12,808,90,2,180,Trousers,Relaxed Leg,S,red,70,3,3
4961,Elvira Sarfati,Agender,59,Lake Danielland,Tasmania,2021-03-09,2021-03-12,809,118,3,354,Jacket,Puffer,L,yellow,46,3,3
4962,Elvira Sarfati,Agender,59,Lake Danielland,Tasmania,2021-03-09,2021-03-12,810,96,2,192,Trousers,Drawstring,L,green,43,3,3
4963,Elvira Sarfati,Agender,59,Lake Danielland,Tasmania,2021-03-09,2021-03-12,811,112,2,224,Jacket,Cardigan,XS,yellow,46,3,3
4964,Elvira Sarfati,Agender,59,Lake Danielland,Tasmania,2021-03-09,2021-03-12,812,119,2,238,Jacket,Trench Coat,M,blue,46,3,3
4965,Elvira Sarfati,Agender,59,Lake Danielland,Tasmania,2021-03-09,2021-03-12,813,91,3,273,Jacket,Pullover,M,blue,44,3,3
4966,Elvira Sarfati,Agender,59,Lake Danielland,Tasmania,2021-03-09,2021-03-12,814,98,3,294,Jacket,Leather,S,red,80,3,3
4967,Elvira Sarfati,Agender,59,Lake Danielland,Tasmania,2021-03-09,2021-03-12,815,93,1,93,Trousers,Joggers,M,yellow,72,3,3
4968,Elvira Sarfati,Agender,59,Lake Danielland,Tasmania,2021-03-09,2021-03-12,816,109,2,218,Jacket,Peacoat,S,green,41,3,3
4969,Elvira Sarfati,Agender,59,Lake Danielland,Tasmania,2021-09-03,2021-09-19,1129,106,3,318,Shirt,Chambray,L,orange,44,9,16
4970,Elvira Sarfati,Agender,59,Lake Danielland,Tasmania,2021-09-03,2021-09-19,1130,105,2,210,Trousers,Pleated,S,red,78,9,16
4971,Elvira Sarfati,Agender,59,Lake Danielland,Tasmania,2021-09-03,2021-09-19,1131,94,1,94,Trousers,Cords,S,yellow,68,9,16
4972,Elvira Sarfati,Agender,59,Lake Danielland,Tasmania,2021-09-03,2021-09-19,1132,119,3,357,Jacket,Trench Coat,S,red,54,9,16
4973,Rebecka Fabler,Polygender,32,Kohlerberg,Queensland,2021-01-05,2021-01-08,1386,109,1,109,Jacket,Peacoat,XS,orange,78,1,3
4974,Rebecka Fabler,Polygender,32,Kohlerberg,Queensland,2021-01-05,2021-01-08,1387,106,3,318,Trousers,Wool,M,red,58,1,3
4975,Rebecka Fabler,Polygender,32,Kohlerberg,Queensland,2021-01-05,2021-01-08,1388,119,3,357,Jacket,Trench Coat,XL,green,53,1,3
4976,Rebecka Fabler,Polygender,32,Kohlerberg,Queensland,2021-01-05,2021-01-08,1389,91,2,182,Jacket,Pullover,M,violet,78,1,3
4977,Rebecka Fabler,Polygender,32,Kohlerberg,Queensland,2021-01-05,2021-01-08,1390,105,3,315,Shirt,Cuban Collar,XS,orange,62,1,3
4978,Rebecka Fabler,Polygender,32,Kohlerberg,Queensland,2021-01-05,2021-01-08,1391,109,1,109,Jacket,Peacoat,S,orange,73,1,3
4979,Rebecka Fabler,Polygender,32,Kohlerberg,Queensland,2021-03-03,2021-03-09,2007,102,1,102,Trousers,Cargo Pants,L,violet,74,3,6
4980,Rebecka Fabler,Polygender,32,Kohlerberg,Queensland,2021-03-03,2021-03-09,2008,96,1,96,Shirt,Oxford Cloth,XL,red,47,3,6
4981,Rebecka Fabler,Polygender,32,Kohlerberg,Queensland,2021-02-27,2021-03-22,2934,104,3,312,Shirt,Dress,M,blue,48,2,23
4982,Rebecka Fabler,Polygender,32,Kohlerberg,Queensland,2021-02-27,2021-03-22,2935,119,2,238,Shirt,Casual Slim Fit,S,indigo,65,2,23
4983,Rebecka Fabler,Polygender,32,Kohlerberg,Queensland,2021-02-27,2021-03-22,2936,117,2,234,Jacket,Shearling,XS,yellow,66,2,23
4984,Rebecka Fabler,Polygender,32,Kohlerberg,Queensland,2021-02-27,2021-03-22,2937,102,3,306,Jacket,Windbreaker,L,violet,72,2,23
4985,Rebecka Fabler,Polygender,32,Kohlerberg,Queensland,2021-02-27,2021-03-22,2938,96,2,192,Trousers,Drawstring,L,orange,54,2,23
4986,Rebecka Fabler,Polygender,32,Kohlerberg,Queensland,2021-02-27,2021-03-22,2939,105,2,210,Trousers,Pleated,XS,orange,74,2,23
4987,Rebecka Fabler,Polygender,32,Kohlerberg,Queensland,2021-02-27,2021-03-22,2940,100,1,100,Jacket,Bomber,XL,violet,53,2,23
4988,Rebecka Fabler,Polygender,32,Kohlerberg,Queensland,2021-02-27,2021-03-22,2941,115,2,230,Trousers,Cropped,S,green,71,2,23
4989,Rebecka Fabler,Polygender,32,Kohlerberg,Queensland,2021-07-19,2021-08-07,3859,119,2,238,Shirt,Casual Slim Fit,L,yellow,63,7,19
4990,Rebecka Fabler,Polygender,32,Kohlerberg,Queensland,2021-07-19,2021-08-07,3860,91,1,91,Shirt,Linen,M,orange,42,7,19
4991,Rebecka Fabler,Polygender,32,Kohlerberg,Queensland,2021-07-19,2021-08-07,3861,100,3,300,Jacket,Bomber,L,red,50,7,19
4992,Rebecka Fabler,Polygender,32,Kohlerberg,Queensland,2021-07-19,2021-08-07,3862,93,2,186,Trousers,Joggers,M,green,54,7,19
4993,Rebecka Fabler,Polygender,32,Kohlerberg,Queensland,2021-07-19,2021-08-07,3863,95,2,190,Shirt,Polo,S,green,71,7,19
4994,Mandel Fairbanks,Male,71,Lake Audreyborough,Tasmania,2021-10-11,2021-10-13,4477,91,3,273,Shirt,Linen,XS,blue,53,10,2
4995,Mandel Fairbanks,Male,71,Lake Audreyborough,Tasmania,2021-10-11,2021-10-13,4478,115,3,345,Trousers,Cropped,M,violet,47,10,2
4996,Mandel Fairbanks,Male,71,Lake Audreyborough,Tasmania,2021-10-11,2021-10-13,4479,93,3,279,Trousers,Joggers,XS,blue,67,10,2
4997,Mandel Fairbanks,Male,71,Lake Audreyborough,Tasmania,2021-10-11,2021-10-13,4480,99,2,198,Trousers,High-Waisted,M,blue,52,10,2
4998,Mandel Fairbanks,Male,71,Lake Audreyborough,Tasmania,2021-10-11,2021-10-13,4481,112,1,112,Trousers,Tracksuit Bottoms,XL,yellow,59,10,2
4999,Mandel Fairbanks,Male,71,Lake Audreyborough,Tasmania,2021-10-11,2021-10-13,4482,92,3,276,Shirt,Denim,XL,red,63,10,2
